Start (HH:MM:SS),End (HH:MM:SS),Segment
0:00:00,0:00:03,"Početak moderne genetike, ljudi su bili svjesni da nije sve u genima."
0:00:04,0:00:11,"Ja bih volio da je sve u genima, ja bih bio najmoćniji, a u stvari bavio bih se najmoćnijim poslom na svijetu, rješavao bih sve probleme, jer po Bogu sve je u genima."
0:00:11,0:00:20,U mojoj glavi geni su potencijal kao da imate ovaj zid deset prekidača kojima kontrolirate da li su vam upaljena ili ugašena svjetla.
0:00:20,0:00:23,"Ne mogu se ni zahvaliti, ne mogu ni kriviti samo gene, zašto?"
0:00:23,0:00:32,Okolina jako bitno utječe na nas i najbitnija je stvar upravo ta interakcija okolinskih uvjeta i onoga što je u nasljednom materijalu.
0:00:32,0:00:40,"Zamislite da elektrovi nas poručavaju i kada vide pet nas različitih, dijelova svijeta, onda će vam reći vi definitivno niste ista vrsta."
0:00:40,0:00:44,"Kaže čovjek je nešto koja mijenja svoju okolinu i prilagođava se, komu to nije točno."
0:00:45,0:00:50,Mi misleno mijenjamo svoju okolinu i samim tim utječemo na svoju evoluciju.
0:00:50,0:00:55,"Ja ću biti malo kritična prema nama, smisleno nerijetko uništavamo svoju okolinu."
0:01:00,0:01:05,"Damire, otest je iz sela od tri kuće u dva reda."
0:01:05,0:01:05,Tako je.
0:01:06,0:01:10,A ti si kao srednjoškolac završio u Petnici skupljujući glinste po rijekama?
0:01:11,0:01:15,"Odakle glinste iz Sarajeva, genetika?, da li je to iz gena ili iz okoline?"
0:01:16,0:01:19,"Da, prije svega hvala na pozivu."
0:01:20,0:01:30,"Evo, sad nekako valjda izvanačno počinjemo, ma da smo nezvanačno pričali između ostaloga i ima tu materijala koji ćete vi vjerojatno to lijepo uklopiti i gdje će ja ispasti još ljepši i pametniji."
0:01:32,0:01:32,Nadam se.
0:01:33,0:01:40,"Hvala na pozivu, uvijek je lijepo pričati, gostovati i učestovati o nečemu što ja smatram neformalno obrazovanje."
0:01:41,0:01:42,Doći ćemo vjerojatno i do te teme.
0:01:42,0:01:43,Mislim da u 21.
0:01:44,0:01:52,stoljeću kada bi obrazovanje samo stavili u školske klupe i kada bi se pomislilo da je to svoje obrazovanje da bi bilo jako po pogrešnom pravcu razmišljali.
0:01:53,0:02:05,"Da ovo dvije kuće u tri reda, to ja uvijek volim spomenuti zato što, a sad ću vam otkriti tajnu, po načinu na koji ja pričam možete zaključiti s kojeg grada dolazim, to je takva kvest."
0:02:05,0:02:09,I tu rečenicu sam rekao kada smo definirali papak i nije papak.
0:02:09,0:02:25,"E sad malo je to teško objasniti, papak je state of mind između ostaloga, jer u prijevodu tu sam objašnjavao da možeš biti rođen u set grada, Sarajeva, da si papak, a možeš doći totalno izvan neke priče i da nisi na kraju papak, znači to nema veze sa geografskim porijeklom."
0:02:25,0:02:33,"I to vrlo često govorim zato što nekada u Sarajevu, a vjerojatno i ovdje u Zagrebu stalno pričamo o nekim starijim, sarajevskim, starijim zagrebačkim obiteljima."
0:02:34,0:02:48,"Pa onda se hvatamo za ta korijenja, onda ja s ponosom kažem da je moj otac tu iz okoline Petrije, Čuntički Prnjavor, dvije kuće u tri reda, po meni jedan od najboljih ljudi koji hoda ovom planetu i volio bi da sam genima na njega."
0:02:49,0:02:50,Malo su subjektivni čini mi se.
0:02:50,0:02:52,"Pa i je, pa moraš biti, pa otac je."
0:02:52,0:02:58,"Znači, mene vežu najljepše stvari za ono što je on bio ono što jeste, hvala Bogu, živio još uvijek."
0:02:58,0:03:20,"Volio bi da sam genima na njega, a znalo bi, znači to bi značči to bi značilo da sam jako umjetnički tip pošto on fenomenalno crta, fenomenalno je pisao pjesme u mladosti, ima zlatne ruke i bez obzira što isted ima u 80-ih godina svašta da napravi, a ja imam dvije lijeve ruke."
0:03:21,0:03:30,"Ja kada crtam, jedina razlika, možete vidjeti da ima četiri noge i dvije noge, ali nisam siguran da ovo što je četiri noge je pas ili čovjek koji se spustio, dakle, liječi."
0:03:31,0:03:32,To je moj domjen crtanja.
0:03:34,0:03:40,"Kako dijete koje je rođeno tako u tim skromnim uvjetima, odakle mu je genetika?"
0:03:42,0:03:43,Da se vratimo nazad.
0:03:44,0:03:45,Što ste vi zapravo danas onda i bavili?
0:03:46,0:03:57,Moj otac je došao iz skromnih uvjeta i stvario je jedan život prilično daleko od svoga rodnoga savata tu negdje u Saraju sa mojom majkom i sklopio je to što je sklopio.
0:03:57,0:04:12,"Znači, pitanje je neko, bila genetika, lepigenetika, možda i jeste genetika koju on nije imao priliku zbog epigenetike da iskaže ili u prijevodu nije završavao fakultet, nije magistrirao, doktorirao, možda upravo zbog tih uvjeta koji su ga okruživali."
0:04:13,0:04:17,"Sada malo vratimo vi takve kakvi jeste, stvarno ti takav kakav jeste, ja ovakav kakav jesam."
0:04:18,0:04:28,"Fenotipski nisam rezultat samo gena koji smo naslijedili od svojih roditelja i to ne samo od svojih roditelja, nego svih svojih predaka koji su bili evolutivno sposobni dostavi taj genetski materijal."
0:04:29,0:04:34,Nego smo i rezultat djelovanja okoline i rezultat interakcije između gena i okoline.
0:04:35,0:04:38,"Moj otac je živio u nekom drugom periodu, u nekim drugim uvjetima."
0:04:38,0:04:54,"Možda da je imao oca koji bi njemu mogao pružiti uvjete kao što je on pružio meni, možda bi on bio doktor znanosti i akademik i bavio se genetikom, a ovako je sada čovjek koji je završio srednju školu u Mrovini, ali i dalje zračenom pozitivnom energijom."
0:04:54,0:04:56,"I kažem još jednom, najpozitivnija osoba koju znam."
0:04:57,0:05:05,"Koji su to recimo kad bi onako izdvojio dvije, tri ključne točke tvog obrazovanja, od razdastanja do ovoga s čim se sada baviš?"
0:05:06,0:05:07,S čim se sada bavimo?
0:05:07,0:05:12,"Recimo ovako u Sarajevu, znači to je bio neki period prije 90."
0:05:12,0:05:12,godina.
0:05:14,0:05:28,"Ja čujem ovako, osnovna srednja škola, negdje u gimnaziji sam imao sreće da sam naletio na jednu jako zanimljivu profesoricu koja je prepoznala da znam nešto malo razumijevati, malo više o genetici koja je tada bila poprilično egzotična, to su bile 90-te godine u Sarajevu."
0:05:28,0:05:33,"I onda me ona upravo preporučila da imam petnicu za vašu ekipu ovdje, posebno mlađu."
0:05:33,0:05:41,"Petnica vama vjerovatno ništa ne prestaje, to je malo selopole Daljevo u Srbiji, ali u bivšoj državi to je bio kamp za Štreber, za Gikove."
0:05:42,0:05:43,"Kako su ljudi, znate kako je?"
0:05:43,0:05:56,"Bio je princip da su dobri košakaši išli na pripreme, dobri nogomoljeri su išli na pripreme, dobri sportici su išli na pripreme, tako su i ljudi koji su, tamo mi to u Sarajevu zovemo Štreberi, išli na svoje pripreme, išli su na te škole."
0:05:57,0:06:01,A žena je jednostavno prepoznala da bih možda mogao da odem na jednu zimsku školu.
0:06:01,0:06:02,iz biologije.
0:06:02,0:06:12,"I onda kada vi odezite tamo, od nas nekih stotinjak koji je prošlo, bar desetak, petnaest vas pozovu na ljetnu školu, na jesensku školu, proljetnu itd."
0:06:12,0:06:19,I tako se uključite i upoznate da postoje ljudi poput vas koji malo drugačije vide neke stvari.
0:06:20,0:06:30,"Bez obzira i da li se svira gitara, i da li se dobro provodi, i da li se dobar basket igra u toj petnici, ali nije sramota kada popodne provedete i pričate o upravo tim listama, oligohetama koje smo spomenuli."
0:06:30,0:06:36,"To je malo i neobičan spoj, malo djeluje na prvo eklektično, gitara, tetovaže."
0:06:36,0:06:39,"Te to važe znanost, basket."
0:06:39,0:06:43,"Jedno ne isključuje, drugo ponekad se dobro proklapa i preklapa."
0:06:43,0:06:49,"Ali da, jednostavno napravila ste ta neka selekcija, to je bio bitan moment u srednjoj školi."
0:06:49,0:06:51,Mislim da je to bila čista epergenetika u tom konceptu.
0:06:52,0:06:56,"A onda nakon toga smo malo, jedan bitan životni moment je kada živite u 90."
0:06:57,0:07:06,"godinama i kada preživite tri godine rata u Sarajevu, poprilično vas odredi kao čovjeka da u krajnjem slučaju znate šta želite da postignete i šta ne želite da vam se ponovo desi."
0:07:07,0:07:13,"I onda jednostavno požurite da diplomirate, magistrat, doktorirate i to je to."
0:07:13,0:07:23,"Što se tiče karijere i što se tiče znanosti, zapravo, šta bi nam rekao, u koje polje se se najviše zadubio, gdje je tvoja najveća strasti i stručnosti?"
0:07:23,0:07:32,"Tu je sticajem okolnosti bila forenčna genetika, poslije toga je molekularna antropologija nekako zajedno, jer jedno ne isključuje drugo, ali da vam pojasnim, negdje 2000."
0:07:33,0:07:35,ja sam fakultet upisao 95.
0:07:35,0:08:19,"poslije rata u Saraju, završio sam ga dosta brzo sa dosta dobrim uspjehom i odmah mi je ponuđeno da budem znanstvenik na Institutu za genetsku neženost i biotehnologiju i tad smo se mi uključili u proces identifikacije žrtava rata u beiha I onda jednostavno vas pone se u tom pravcu, ostvarili smo dobre rezultate u timu, poslije toga sam ja formirao laboratorij za forencu genetiku i narednih desetak godina smo radili veliki broj slučajeva za policiju, za tužilaštva i u beiha i izvan beiha Nakon toga sam angažovan i po zemljama u okolini, znači u ovome regionu kao edukator iz oblasti genetike, radio sam laboratorij itede Tako da forenčna genetika je nekako moja."
0:08:20,0:08:27,"Tu sam si zapisao da si ti čovjek koji je kroz svoje ruke proukao nažalost, 10.000 kostiju."
0:08:27,0:08:28,I više.
0:08:28,0:08:31,"Znači, mi smo započeli taj projekt 2000."
0:08:31,0:08:49,"godine u Sarajevu zajedno sa kolegama iz ICMP-a, to je Internacionalna komisija za nestalo osoba, tada nisu imali svoje laboratorije i mi kao laboratorij u Sarajevu, Institut za genetsku žestobiju i tehnologiju smo bili na neki način outsourcani, davali smo potporu tom projektu."
0:08:49,0:08:54,"U tom periodu, prve tri godine smo trebali da pronađemo protokol za izolaciju DNA i uspjeli smo."
0:08:54,0:09:02,"Prije nas, prije tog iskustva u Sarajevu i u Hrvatskoj gdje smo srađivali sa profesorom Primorcem, profesorom Anđelinovićem., profesorom Lavcem."
0:09:02,0:09:08,"Prije te naše zajedničke suradnje, mogućnost dobijanja DNA profila iz kosti bila je ispod pedeset posto."
0:09:08,0:09:37,"Nakon onoga što smo mi radili mi smo podijelili tu mogućnost na devedeset sedam posto i onda je u jednom momentu to jako krenulo veliki broj nestalih i u beiha veliki broj ubijenih u ratu beiha u agresiji na beiha i onda smo mi jednostavno identificirali te žrtve imali smo veliki broj skeletnih ostataka koje smo morali procesuirati i definitivno tri godine skoro preko deset tisuća kostiju je prošlo kroz moje ruke ali i kroz ruke mojih kolega i kolegica sa instituta za genetsku neženjastu obitelj nečemu, neće li je stupio na logike."
0:09:38,0:09:38,Bilo toga jako mnogo.
0:09:39,0:09:47,"A poslije toga smo upravo ta naša saznanja koristili i u policijskim istragama, ali i recimo u identifikacijama žrtava rata iz II."
0:09:47,0:10:03,"svjetskog rata i u Sloveniji i u BiH itede Mi smo bili prvi koji su uspjeli zajedno, rekao sam već profesor Primorac, profesorica Drobnić iz Slovenije, evo evo ekipa koju sam ja vodio u BiH, smo prvi koji su identificirali žrtve iz masovne grobnice s kraja II."
0:10:03,0:10:05,svjetskog rata u okolini škofilok.
0:10:05,0:10:08,"I onda smo pokazali da je to moguće, to je bilo već prije nekih 17-18 godina."
0:10:09,0:10:30,"Tako da jedna žalostna okolnost vas je dovela do toga da vi radite o toj cijeloj priči, ja stalno moram to napomenuti, bez obzira za znanstvenike to može biti neki projekat, ali za nas, ljude koji smo rođeni tamo, koji smo preživjeli to što smo preživjeli, koji smo se borili protiv svog tog zla, ipak je to bilo više od projekta, to je bilo više misije."
0:10:30,0:10:40,"Jer veliki broj nestalih osoba, Hrvatska to najbolje zna, jako cijenimo ovo što rade kolege iz ministarstva i sa sudskih medicina i tako dalje."
0:10:40,0:10:50,"U procesu identifikacije žrtava rata morate znati da je to velika stvar, ne samo za politiku, ne samo za ljude, nego upravo za one najbitnije članove obitelji koji traže svoje., sve je nestalo."
0:10:50,0:11:04,Zanimljiv mi je bio tvoj komentar zapravo kad ne znam u kojem mediju si to izjavio da kad si gledao te kosti zapravo ili kad si radio te analize da ne možeš uopće ni znati razlike između nacija.
0:11:05,0:11:22,"Znači je tvoj nekakav zaključak bio pa sad možda ti, evo stavljam riječi u usta da je kultura zapravo nekakav softver koji nas određuje a da genetski se jako male razlike zapravo mogu uopće uočiti između naroda na ovim prostorima."
0:11:24,0:11:26,"Nažalost nisam rekao, ali dobro zvuči."
0:11:26,0:11:28,Potrudit ću se da ukradim.
0:11:28,0:11:31,"Neće se niko ljutiti, evo javno citirat ću te."
0:11:32,0:11:32,Dobro to zvuči.
0:11:35,0:11:37,To je bio period prije nekih dvadesetak godina.
0:11:37,0:11:40,Počeli smo sa genetičkim istraživanjima na Y kromosomu.
0:11:41,0:11:43,To je ono što je u Hrvatskoj poznato kao podrijetlo naroda.
0:11:44,0:11:50,"I evo, to je dovukala ekipa, u Hrvatskoj je to radila ekipa profesora Primorca i akademika Rudana."
0:11:50,0:11:59,I onda smo mi prije nekih zajedno u toj konstelaciji u BIH odradili neka istraživanja i onda su bili zanimljivi rezultati.
0:12:00,0:12:04,"Duga priča, ako dođemo do toga, rado ću vam ispričati neki sažetak."
0:12:04,0:12:14,"Ali, poanta je bila da kada znanost šuti u medijima, onda ljudi koji nisu baš shvatili tu znanost kako trebaju vole da interpretiraju, onda se stvara svakakav narativ."
0:12:14,0:12:24,Mi smo to doživjeli i shvatili smo da ljudi su počeli pogrešno tumačiti neke rezultate i zato smo se počeli pojavljivati u znanosti i prezentirati te rezultate.
0:12:24,0:12:37,"I jasno smo objasnili da te analize i neke genetičke razlike, neki genetički biljezi i mutacije na tim biljezima su mnogo starije nego te etničke grupe na ovim našim prostorima."
0:12:37,0:12:45,Jer prirod ispituje mutacije stare petnaestak dvadesetak tisuća godina u tom periodu homosapinsi imamo mnogo većih problema nego da razmišlja o kojoj naciji.
0:12:45,0:13:02,"I zato smo rekli da definitivno na osnovu tih etničke razlike u beiha ili bilo gdje drugdje, a mi ih ne negiramo, one vjerojatno postoje i postoje, ali one nisu zasnovane na razlikama u genima i u genetičkim varijantama ovdje na ovim prostorima."
0:13:02,0:13:17,"I to smo otprilike pokazivali, mi genetičari ispitujemo populacije, ne ispitujemo nacije, ne ulazimo u to, ne usuđujemo se, a naciju ostavljamo ipak ljudima koji se bave etnologijom, kulturom, poviješću, u to se nikada nećemo petljati."
0:13:17,0:13:23,"Ako cijeniš ovaj trud, jedan mali klik na pretplate nama znači cijeli svijet."
0:13:23,0:13:27,"Hvala ti što si tu, a sad uživaj potkresetu."
0:13:30,0:13:36,"Kako bi nam jednostavno, evo nama lajcima opisao, znaš kako se kaže, mato si balkanski genij i to su ovakvi geniji, onakvi geniji."
0:13:37,0:13:48,I mi što god ljudi dan danas na našim prostorima imaju to snažno uvjerenje da su genima uvjetovani i da je tu nemoguće pobjeći od toga.
0:13:48,0:13:57,"Ame da se vratimo onom rečencu da jutros kada smo ustali, pogledali smo ogledalo i smanjili više zadovoljstva onim što vidimo u ogledalu."
0:13:59,0:14:02,"Trebali smo donijeti jedan zaključak, evo i ti ja, evo ja ću ovako sebe."
0:14:02,0:14:13,"Kad sam se pogledao, ogledalo za sve ono što mi se sviđa na meni da vidim, ne mogu zahvaliti se samogenima i sve ono što mi se ne sviđa na meni, ne mogu kriviti samogene."
0:14:14,0:14:31,"Ja ovakav kakav jesam, nisam rezultat samogena, koji sam naslijedio, kad kažem gena, genetičkog materijala, genetičke varijante gena, varijanti nasljednog materijala koje sam naslijedio od svojih roditel roditelja, ali da nešto podvučemo, u meni nisu varijante koje su samo od mojih roditelja."
0:14:31,0:14:41,To su sve varijante svih onih ljudi koji su u liniji od mene pa do prvoga organizma koji su evolutivno bili uspješni da prenesu taj nasljedni materijal u sljedeću generaciju.
0:14:42,0:14:45,"Znači, ne mogu se ni zahvaliti, ne mogu ni kriviti samo gene."
0:14:45,0:14:46,Zašto?
0:14:46,0:14:55,Okolina jako bitno utječe na nas i najbitnija je stvar upravo ta interakcija okolinskih uvjeta i onoga što je u nasljednome materijalu.
0:14:55,0:15:00,"Tako da priča o balkanskim genima, o evropskim genima, zapadnoevropskim genima, to."
0:15:00,0:15:03,to nije priča koja pije vode u biti.
0:15:04,0:15:06,Ne znači da ne postoje genetičke raske.
0:15:06,0:15:10,Pitanje je da li su one značajne ili nisu značajne i zašto su značajne.
0:15:11,0:15:19,"Pa imate, a ono što definitivno se vraćamo nazad, jako bitne stvari ponovit ću još jednom, mi u biologiji, mi u genetici ispitujemo populacije."
0:15:19,0:15:21,Što znači to ispitati populacije?
0:15:22,0:15:46,"Pa po definiciji biološka populacija je ona skupina individa koja živi na jednome prostoru u jednome vremenskome periodu i međusobno uspješno razmjenjuje genetički materijal ili u prijevodu proizvodi, je li sljedeću generaciju, može da proizvode, neko proizvode, neko ne proizvode, netko ima sreće, netko nije imao sreće, netko je evolutivni kraj jer sa njim staje ta njegova priča jer nije ostavio potomke za sobom, a netko to nastavlja."
0:15:47,0:16:04,"U biti za nas taj prostor kojim pričamo, za nas kao genetičare, biologe ne možemo ga omedžiti i ne smijemo ga omedžiti granicama modernih država, zato što tu nisu bile barijere za populaciju."
0:16:05,0:16:06,I to je tako kako jest.
0:16:06,0:16:10,E sad se vraćamo nazad da ne bi opet netko pogrešno shvatio.
0:16:11,0:16:13,Genetika daje jedan dio priče.
0:16:14,0:16:29,"Mi ispitujemo ono što imamo na terenu, jako je zanimljiva stvar, najljepša priča o evoluciji čovjeka, ne samo o vašem individualnom porijeklu nego u cjelokupnoj evoluciji čovjeka i najljepša knjiga je u svakoj vašoj stanci zapisana, to je vaš gen."
0:16:30,0:16:42,"Mi smo počeli da ga čitamo mi kada kažemo genetičari tamo negdje devedesettih godina i vrlo brzo smo skupili sva slova desetak godina poslije, onda smo mislili da treba trideset godina ali deset godina poslije dvanaest već smo sekvencirali ljudski gen."
0:16:42,0:16:53,Ali još uvijek to je kao kad imate neku knjigu od tri i dva puta deset na devet slova ali još uvijek nismo te riječi u potpunosti stavili na svoje mjesto.
0:16:54,0:16:56,Ali je dovelo do nekih fenomenalnih stvari.
0:16:56,0:17:00,U knjigama iz kojih sam ja učio pisalo se o 100.000 gena u ljudskome genomu.
0:17:00,0:17:07,Mi sada znamo da ih imamo nekih 18.000-19.000 jer smo počeli sazrijavati i shvatiti te mehanizme.
0:17:07,0:17:08,Sada dolazimo do onoga.
0:17:08,0:17:14,"Ti ljudi koji su pisali o 100.000 genima nisu bili u krivu, nego su u osnovu tadašnjih znanstvenih spoznaja pričali o tome."
0:17:14,0:17:16,Mi sada pričamo o 18.000-19.000 genima.
0:17:16,0:17:17,E sad se vraćam nazad.
0:17:18,0:17:24,"Ovo ovdje, o ovoj cijeloj priči genetskih analiza lokalnih populacija, mi ispitujemo stvari."
0:17:25,0:17:30,Ispitujemo mutacije koje su mnogo starije nego moderne države na ovim prostorima.
0:17:31,0:17:45,"I može se nekada povezati sa nekim modernim terminom, ali ja kao genetičar i nedovoljan poznavate povijesti i arheologije ne žurim da donosim jako brze zaključke."
0:17:45,0:18:03,"Zato svaki put kada pišemo knjige i kada pravimo sintezu nekih informacija i objava, uvijek u našem timu imamo i fenomenalne arheologe i fenomenalne arheoantropologe sa Instituta za antropologiju poput Marija Novaka, Ivora Jankovića."
0:18:03,0:18:12,"Imamo fenomenalne povjesničare i kažemo mi ne mijenjamo vaš scenarij, mi samo uvodimo neke dodatne informacije, a vi ga inkorporirate u tu cijelu priču."
0:18:12,0:18:18,Svaki čovjek je nekako jako zainteresiran za svoj porijeklo i za svoj identitet kao individu.
0:18:21,0:18:27,"Što ste, Damir, ti i tvoj tim naučili o ljudima sa svojih prostora analizirajući sve to?"
0:18:27,0:18:28,Pa pravo smo bogatstvo.
0:18:29,0:18:36,"Ovi prostori ovdje, gledajte, postoje znanstvena tumačenja, postoje malo slobodnija tumačenja."
0:18:37,0:18:47,"Postoje znanstveno popularna tumačenja, pravi znanstvenik barem onako kako ga ja vidim bit će jako oprezan u saopštavanju svojih znanstvenih rezultata i tumačenju drugih."
0:18:48,0:18:59,"Odmah nikad neće a priori odbacivati nešto drugo što se možda i ne slaže nego će pokušati sa njegovom polaznom hipotezom nego će pokušati napraviti neku sintezu, vidjeti gdje je u pravu, gdje nije u pravu."
0:19:00,0:19:09,"Vi vrlo lako meni možete promijeniti mišljenje, samo mi dajte bolje podatke, bolje činjenice i tačnije, konkretnije rezultate nego što je moje ispitivanje i ja ću to vrlo lako prihvatiti."
0:19:10,0:19:11,Tako smo odgojeni.
0:19:11,0:19:50,"Ono što se svi manje-više slažemo, mada će tu uvijek pronaći različito tumačenje, ja se da ovaj ovdje prostor jugoistočne Europe, južne Europe, neko će reći Balkana, neko će izbjegavati Balkana, u to stvarno ne ulazim, je jedna fenomenalna raskrsnica različitih migracija, modernoga čovjeka, a i prije toga ili u prijevodu, u velikim i bitnim zbivanjima koja su se dešavala, bitnim migracijama prema ovom našem kontinentu, ovaj ovdje prostor je nerijetko služio kao prolaz, kao mjesto gdje se prolazilo, gdje se ostajalo, gdje se živjelo i gdje se išlo dalje."
0:19:50,0:19:54,To će vam arheolozi mnogo bolje reći i arheoantropolozi između ostalog.
0:19:55,0:20:04,"Međutim, mi u genima ove naše moderne populacije ovdje na ovim prostorima u genetičkom materijalu vidimo primjese različitih migracija."
0:20:05,0:20:06,To je to genetsko bogatstvo.
0:20:06,0:20:19,"Jednu veliku biološku raznolikost ove populacije ovdje, gledajte sa stanovišta genetike, to će vam neki medicinski genetičar, humani genetičar mnogo bolje reći, velika biološka raznolikost je prednost."
0:20:20,0:20:39,"Smanjujete mogućnost pojačanih frekvencija nekih nepoželjnih alela koji izazivaju neka neželjena oboljenja, povećana frekvencija oboljenja itede itede Tako da mi smo ovdje jako raznolika populacija i upravo to naše bogatstvo, genetsko bogatstvo je to biološka raznolikost."
0:20:41,0:20:45,Ovo je bio onako nekakav politički korektan odgovor čini mi se.
0:20:46,0:20:47,Ja sam politički jako neuspješan.
0:20:48,0:20:51,Ne znate šta hoću reći zapravo s tim.
0:20:53,0:21:30,"Ljude često zanima odakle su došli ljudi i nastanili ovo područje, ti si rekao da je ovo područje jedna raskrsnica migracija, da li onda ta teza o Slavenima koji su došli ovdje na jug, da li to ima smisla, ne znam, spominju se nekakvi i područja, da su ljudi sa područja današnjeg Irana možda došli na ovo naše područje, mislim ima tu svega i svačega, pa one priče o Ilirima, ranije puno toga."
0:21:31,0:21:43,"Prije nekih dvadesettak godina bio sam pozvan na jednome skupu gdje su bila očito dva tabora, koja su prezentirali jedne hipoteze i druge hipoteze koje su bile totalno suprostrane."
0:21:43,0:21:52,Bilo mi je zanimljivo da su se oba tabora pozivala na naše istraživanje i oba tabora se pogrešno pozivala na naše istraživanje.
0:21:52,0:21:55,Upravo zbog onoga o čemu vam pričamo.
0:21:55,0:22:07,Znači jeste da mi kroz ove naše genetičke istraživanja mi posmatramo varijante koje su nastale mnogo prije onoga što mi danas povezujemo sa poviješću i populacijama koje su na poznatku.
0:22:08,0:22:08,Koliko je to?
0:22:11,0:22:32,"Koliko je mutacija do dvadesetak tisuća godina stare, neki desetak tisuća godina stare, neki su i bliže, pazite mnoge stvari se mijenjaju, nešto smo prije dvadeset godina pisali o nekim našim znanstvenim radovima, mi sami sada u knjigama koje objavljujemo ne da stavljamo pod uputnik nego opet ću vam reći, updatiramo, obnavljamo, ažuriramo sa novim informacijama, novim podacima."
0:22:33,0:22:43,"Nekada davno smo morali ispitivati isključivo lokalne populacije i znači zaključivati o povijesti na osnovu DNK materijala, DNK materijala populacija koje sad žive."
0:22:43,0:22:58,"Sada veliki dio ljudi i veliki dio znanstvenika analiziraju skeletno statke iz neolitika, iz raneg srednjeg vijeka itede i ažuriraju te naše informacije s tim što i tu morate biti oprezni zato što to nisu klasične populacijske genetske istraživanja."
0:22:58,0:23:26,"A, malo sam rekao politički korektno, nije to politička korektnost u smislu da izbjegavate nekog odgovora nego znanstveno promišljanje o tome da ono što sada ja kažem u toj cijeloj priči ne bude izrađeno iz konteksta u smislu jer sam ja to doživio prije dvadeset godina gdje su ljudi naša tumačenja, bit ću konkretan u beiha smo jedno vrijeme morali baš najaviti ljudima da odnosno naših istraživanja ne mogu da zaključaju da su Srbi s Marsa, Hrvati s Venere, a bošnjac sa Plutona."
0:23:27,0:23:36,"Zato što je tako toko se u medijima prikazivao, gdje smo im objašnjavali da neke razlike su sasvim normale, ali su na nivou razlike četrnaest i petnaest kat jednoga nebodera."
0:23:36,0:23:47,"Znači kada ispitujete petnaest kat jednoga nebodera i četrnaest kat nebodera nećete naći na iste genetičke varijante i frekvencije nego ćete očekivati određene razlike, ali nisu statički značajni."
0:23:48,0:23:52,Doživljavali smo svakakve naslove koje smo vrlo rado izbjegavali.
0:23:52,0:23:57,"Meni je najsimpatičnija priča koja nije ništa bombastična, ali nama znanstvenicima uvijek se nasmije."
0:23:58,0:24:21,"Bio je intervju u novinama i ljudi su nas, stvarno je bio dobar intervju ovako napravljen, tada sam bio dvadeset godina mlađi trideset cm viši i mnogo zabavniji imao više kosa i sve ostalo i petnaest puta pametniji nego sada i luđi slobodniji u izjavama ali intervju je prošao dobro i svidio sam se kolegicu novinarke vašoj i ona je meni rekla, ajde predložite mi natpis, naslov."
0:24:22,0:24:24,I ja sad predložim naslov koji meni zvuči fenomenalno.
0:24:25,0:24:30,Bosanski čovjek pošto je bio u Bosni od paleolitskog komosa pjensa pa do danas.
0:24:32,0:24:36,Ja vidim da kolegica klima glavom da to neće baš tako i niče neće klimati.
0:24:36,0:24:41,"Neće nitko kliknuti, ali kaže ona poštovanje prema vama i onda će alka urednik to odvijati."
0:24:41,0:24:54,"I urednik vjerojatno, ja sad zamišljam kako je to bilo kad je bio natpis, ako nemojte me zvezati, tko će ovo čitati, to, to, to, onda je ona rekla, znate profesor bi to ipak volio i kaže da je predugački izbaciti bar jednu riječ."
0:24:54,0:24:56,I šta mislite koju riječ izbaciti?
0:24:56,0:24:58,Izbacit paleolitski.
0:24:58,0:25:04,"I sad ispadne, bosanski čovjek od homosapijansa pa do danas ili u prijevodu u Bosni ne živi više homosapijansa nego neki evolutivni oblik."
0:25:05,0:25:10,"Mislim u znanosti su uvijek nasmiješeni kada ja na predavanja to kažem, znanstvenici znaju koliko je to drastično."
0:25:11,0:25:17,"I onda, džaba meni cijeli intervju kada jedna od moje slike piše od Homo sapiens-a pa do danas na tom intervjuu."
0:25:17,0:25:23,"I zato određena doza opreza je uvijek potrebna, ali nije politički korektna nego znanstveno korektna ova opreza."
0:25:23,0:25:35,"Postoje različita znanstvena istraživanja, različita tumačenja, vrlo rado ih čitam, objedinjavam i onda kroz neke naše analize stvaramo preduvjete za budućeg rada da ispituju da li je to točno ili nije."
0:25:36,0:25:43,Koja je glavna svrha recimo ili razlog tih istraživanja ili analize tog našeg genoma?
0:25:45,0:25:48,Genetika vam ima različite nivoje.
0:25:48,0:25:54,"Kad netko kaže da je genetičnaar, vi nikada nećete, barem po meni, naći genetičara opšte prakse koji će znati sve o svemu."
0:25:55,0:25:59,"Genetika je zadnja dva desetljeća, wow, toliko se raširila."
0:26:00,0:26:03,"Znači, od jedne male egzotične grane biologije prerasla."
0:26:04,0:26:13,"Tamo gdje je prerasla da ima ono što je najbitnije, veliku stopu aplikacije ili primjene u modernome društvu."
0:26:14,0:26:15,E sad se vraćamo na vas.
0:26:15,0:26:22,"Znači, neki genetičari vam rješavaju probleme sa optimizacijom PCR metode, a vi ste ili lančane reakcije sa polimerazu."
0:26:23,0:26:30,"I vi i svi koji su bili živi prije nekih 10-15 godina, posebno ovi zadnjih 5-6 godina, sigurno su imali dodir sa PCR-om."
0:26:30,0:26:32,Posebno za vrijeme pandemije i svega ostalog.
0:26:32,0:26:35,Imam osjećaj da ljudi su od 2021.
0:26:35,0:26:36,i 2022.
0:26:37,0:26:42,"da je PCR bio popularniji od Coca-Cole, govorimo o brendu, o bilo kojeg Adidasa, od Pumije."
0:26:42,0:26:46,"Ne pravim nikakve reklame, ne govorim o brendom, ljudi su pričali o PCR-u, ljudi su znali."
0:26:46,0:26:49,Genetičari su smislili taj PCR prije 30 godina.
0:26:49,0:26:54,I mi smo ljudima objašnjavali da smo samo jedno staro oruđe iskoristili u modernoj praksi.
0:26:55,0:27:10,"Personalizirana medicina, analizom genoma možete doći do toga da preciznije odrediti terapiju, da preciznije odredite liječenje neke osobe, analizom da ne dajete lijekove koji možda će biti potencijalno štetni."
0:27:10,0:27:22,"Ne znam koliko vam je poznato, vjerojatno će vam bolji znanstvenici iz te oblasti objasniti da veliki broj lijekova koji se uzima i velika stopa smrtnosti i dodatnih oboljenja je povezana sa pogrešnom terapijom."
0:27:22,0:27:26,"A vas kad boli glava, mene kad boli glava, jedan aspirin mama riješi, problem me ne riješi."
0:27:26,0:27:28,Prema meni teče krvi iz nosa.
0:27:28,0:27:31,To je zato što imam takvu predisponiranost genetičku.
0:27:31,0:27:32,Genetičari ispituju to.
0:27:32,0:27:33,Znači i to je.
0:27:33,0:28:01,"Ova priča o porijeklu naroda je definitivno pod navodnicima, kada kažem to nije porijeklo naroda, to je ispitivanje biološke raznolikosti modernih populacija, to je samo nastavak priče koja je počela sa otiskom prsta, sa krvnim grupama, sa fenotipskim karakteristikama, bojom očiju itede ispitujemo raznolikost da bi spoznali što mi to imamo, a potencijalno da bi to mogli iskoristiti možda u medicinskoj genetici, humanoj genetici."
0:28:01,0:28:12,Lijepo je kada možemo dati neke dodatne informacije našim povjesničarima i arheolozima da možda pojasnimo neke stvari ili da potvrdimo ili opovrgnemo neke njihove činjenice.
0:28:12,0:28:30,"Ali, a oni Ali onaj tko misli da piše povijest isključivo na osnovu analize genoma, po meni može napisati, ali ne u konceptu moderne povijesti, ne u konceptu modernih termina, nego u konceptu upravo onoga što smo pričali, nekih mutacija koje su se dešavale neke od njih čak i prije dvadesetak tisuća godina."
0:28:32,0:28:36,"Ti si Damira, predsjednik instituta za antropologiju ravnatelj."
0:28:37,0:28:37,ravnatelj.
0:28:38,0:28:38,ravnatelj.
0:28:40,0:28:47,mi još nismo država tako da nemamo predsjednika nego javna znanstvena institucija i ravnatelj instituta za antropologiju.
0:28:48,0:28:50,Što je točno antropologija?
0:28:50,0:28:57,"Mislim, možda je zgodno da sad krenemo pričati o tome kroz ove razne discipline, znanstvene koje ste krenuli spominjati."
0:28:58,0:29:11,"Koju god definiciju da vam kažem, znam da će me jedna ekipa povrnuti, jedna ekipa će se složiti, jedna ekipa će reći zaborave sve itede To samo govori o kompleksnosti antropologije takva kakva jeste."
0:29:12,0:29:13,Ajde da vam usporedim.
0:29:14,0:29:22,Nama ljudima je jako lako ispitivati leptire i ribe i kitove i životinje i biljke itede i u tome možemo biti dosta objektivni.
0:29:22,0:29:25,Kada govorimo o antropologiji tu najveći problem je.
0:29:25,0:29:26,Tu je najveći problem i subjektivnost.
0:29:26,0:29:27,Ispitujemo sami sebe.
0:29:28,0:29:31,"Pa kada se gledamo u gledalo, malo smo ljepši nego što u biti jesmo."
0:29:32,0:29:35,"Ili smo sami sebe ružni, zavisi od dana itd."
0:29:35,0:29:36,Antropologija je jako širok spektar.
0:29:37,0:29:39,Mi imamo stvarno istu za antropologiju.
0:29:39,0:29:44,"Neka niko ne shvati ovo kao reklamu, nego jednostavno da vam kažem što je fakat, što je činjenica."
0:29:44,0:29:51,Vi u centru za Agribe u Gajevo ulici na neki 500 m2 imate najveću koncentraciju doktora znanosti.
0:29:52,0:29:58,"Ako smijem, trust mozgova iz oblasti antropologije koji su spremni da se uhvate u koštac sa mnogim stvarima."
0:29:58,0:30:00,Upravo što je antropologija?
0:30:00,0:30:38,"Da li je to molekularna antropologija, da li je to medicinska antropologija, da li je to arheantropologija, da li netko ispituje skelete pronađene prije par tisuća godina, slaže ih, sklapa ih, analizira njihov način života i nudi informaciju u toj oblasti, da li netko ispituje kao naša kolegica Mirela Seddić, da li netko ispituje određene mehanizme unutar ljudskih stanica kojima će pokušati da poboljša terapije protiv raka, da li netko ispituje nove modele u forenzičnoj DNA analizi koji će omogućiti identifikacije, uspješne identifikacije žrtava drugoga svjetskog rata jer taj proces je skroz drugačiji."
0:30:38,0:30:45,To ljudi moraju znati ono što se koristilo u Domovinskom ratu i koncept koji se koristi za eventualne identifikacije žrtava II.
0:30:45,0:30:50,"svjetskog rata je totalno, on jeste po laboratorijama isti, ali po pristupu je drugačiji."
0:30:50,0:30:52,Znači i to se radi.
0:30:52,0:31:08,"Da li neke socioantropološke parametre, imamo ekipu koju prevodi kolegica Mateja Zajec, ona vam radi fenomenalnu stvar, ispituje mladu populaciju u Hrvatskoj vezano za pretilost, vezano za osnovne parametre njihovoga zdravoga života."
0:31:08,0:31:25,"Tu su kolegica Tanja, kolegica Marijana Koga, evo iz Institut za antropologiju se bavi čovjekom, onome najširijem mogućem spektru, a opet mi takvi kakvi smo ne pokrivamo sto postotnu antropologiju jer kao takva sto postotno pokrivanje ne postoji."
0:31:25,0:31:36,"Imate na filozofskome fakultetu, imate odsjek za antropologiju i etnologiju ovdje koji radi fenomenalne stvari u onome dijelu koji ne pokrivamo i gdje međusobno možemo se isprepletati."
0:31:36,0:32:02,"Znači čovjek je kompleksan sam po sebi, teško ga je posmatrati isključivo kao sastavništvo biologije, sastavništvo biotropologije, nikada ne smijemo zanemariti taj dio nas, nas koji nije isključivo vezan za mitozu, mejozu i fiziološke procese organizma tojest sociantropologija, nas kao društveno biće, nas kao dio civilizacije i nas kao kreativnu silu koja je stvorila svoje oko nas."
0:32:05,0:32:13,"Kada bih htio jednostavno objasniti lajički da li bi bilo ispravno da kažem da se antropologija bavi čovjekom, zapravo iz razno raznih kuteva."
0:32:13,0:32:25,"Antroposlogos, znanost o čovjeku ili nauka, malo je to specifično da sami sebe proučavamo, vjerojatno ne postoji ni jedno drugo biće u ovom prostoru u kojem to radimo na taj način."
0:32:26,0:32:31,Da li onda i zapravo ovaj psihološki aspekt čovjeka isto na nekakav način ispada pod kapo antropologije?
0:32:32,0:32:46,"Definitivno s tim što nemojte zanemariti, nikako ne želimo da kažemo ili da minimiziramo ono što psihologija jeste, sociologija jeste, ali definitivno antropolozi koji su ušli u tu sferu mogu dati svoj doprinos."
0:32:46,0:32:48,Ono što mi vjerujemo je interdisciplinarnost.
0:32:49,0:32:51,Moderno znanstveno istraživanje 21.
0:32:51,0:33:00,"stoljeću ne može obuhvatiti samo jedan tip znanstvenika, samo genetičar, samo socijantropologe, samo društvenjake."
0:33:00,0:33:14,"Ako hoćete da pogledate i sagledate fenomen sa svih strana, trebate i genetičara, i socijantropologa, i medicinara, i znanstvenika iz oblasti poznavanja društvenih zbivanja itd."
0:33:15,0:33:20,Znači što više glava to klasični dobar prostor za brainstorming u toj cijeloj priči.
0:33:20,0:33:28,"Što više glava, što više mišljenja, što više različitih posmatranja istog fenomena sa različitog aspekta dobijete bolje rezultate?"
0:33:31,0:33:32,Ovo će biti jako teško pitanje.
0:33:34,0:34:02,"Što je, recimo vi kao svi stručnjaci tamo kad spominjemo tu multidisciplinarnost itede što je antropologija onda do danas naučila o čovjeku, koji bi bio onako, nekakav zajednički nazivnik svih tih istraživanja, koji bi bio punčlan, da li smo išta naučili, da li išta znamo uopće, tko smo, što smo, odakle dolazimo, ne bih se usudio da uđem u filozofske rasprave jer tu sam poprilično tanak."
0:34:03,0:34:09,"Tanak sam iz jedne razloga zato što mi biolozi malo to drugi, genetičari drugačije to malo posmatramo."
0:34:09,0:34:17,"Malo prije sam pričao sa kolegicom pa smo pričali o neformalnom obrazovanju, pričali smo o doktoratima i o različitom pristupu u pojedinim obalama."
0:34:17,0:34:25,"Moj doktorat imao je 52 stranice sa svim referencama i sa slikama i sa duplim proredom, ali su rezultati bili takvi kakvi jesu."
0:34:26,0:34:32,"U biti mi kada pišemo, pišemo jako sažeto i jako kratko, u kratkoj formi."
0:34:32,0:34:36,Zato ne bih se usudio šta smo spoznali.
0:34:36,0:35:03,"Antropolozi svakoga dana spoznaju sve više o čovjeku i ja volim studentima, ja pošto održavam predavanja antropologije na kursu antropologije, volim studentima reći da ono ga Znači da ujutro kada vi ustanete i kada se umivate ili mi kada se brijemo, kada neko se šminka, bez obzira pošto danas je svi šminkao, ali mi smo antropolozi u početku ili amateri antropolozi."
0:35:04,0:35:19,"Jer vaše brijanje i moje brijanje podrazumijeva sljedeće, da smo vidjeli određene antropometrijske tačke i dimenzije na našem licu i da smo se držali tih tačaka koje već dvadeset i trideset godina koristimo da se ne bi posjekli i da bi oblikovali ono što želimo da oblikujemo."
0:35:19,0:35:31,"Kada posmatrate sebe u ogledalu i kada ispitujete neke karakteristike fenotipa od običnoga madeža do oblika jagodice, do šta mi se pojavilo na tijelu, vi ste antropolog i amater."
0:35:32,0:35:34,I to je jako zahtjevna publika.
0:35:35,0:35:41,"Zato antropolog uvijek mora da bude čovjek u posmatranju i nikada ne smije da kaže, moj dio antropologije je najbitniji."
0:35:42,0:35:58,"Tako da odgovor na ovo pitanje bi trajao nekih sigurno mnogo, mnogo tjedana, mnogo mjeseci i o tome su napisane knjige pa možda mnogo pametnije ljudi su ispričali tu priču ranije, tako da se ne ponavljam."
0:35:58,0:36:10,"Ovo mi je bilo zanimljivo što si onako stavio kao nekakav naglasak na to da ne bi htio ulaziti u filozofske rasprave, koja je po tebi onda razlika između antropologa i filozofa?"
0:36:10,0:36:24,"Jer meni se čini da jedan i drugi zapravo proučavaju čovjeka i proučavaju društvo recimo proučavaju li civilizaciju, sad me samo zanima koje su razlike zapravo u pristupu i bez filozofije i bez antropologije ovaj svijet bi bio drugačiji."
0:36:25,0:36:33,Ovom je svijet ovakav kakav jeste trebaju antropolozi i filozofi i svi oni koji direktno ili indirektno proučavaju čovjeka.
0:36:34,0:36:42,"A znači kad kažem ne bi ulazio u filozofske rasprave, možda to zvuči malo više, neću reći paušalno, ali onako malo šire."
0:36:42,0:36:50,Zato što lakše mi je raspravljati na osnovu činjenica koje mi dokazujemo kroz znanstvene istraživanja.
0:36:50,0:36:57,"Frekvencija, prisutnost nekoga biljega u određenoj varijanti na nekom prostoru itd."
0:37:00,0:37:02,Mi malo digitonski razmišljamo.
0:37:02,0:37:04,Mi moramo sve rezultate pritočiti u broj.
0:37:04,0:37:05,Evo mala priča.
0:37:07,0:37:09,"Forenzična genetika, koja je neka moja uža oblast."
0:37:10,0:37:16,Ja uvijek kažem da znanstvenik iz oblast forenu forenčne genetike mora biti malo šifrična jer spaja dvije stvari.
0:37:16,0:37:26,"Znanstvenik sam po sebi, znači osoba koja je znatiželjena, koja želi nešto novo, želi improvizirati između ostalog u laboratoriju da vidi da će dobiti nove rezultate itd."
0:37:26,0:37:38,Ali u forenčnoj genetici mi naše rezultate krajnje prezentiramo na sudu koji baš nije znanstveno okruženje gdje ljudi vrlo konkretno žele da čuje je li ili nije.
0:37:39,0:37:53,"Moj prvi slučaj koji sam radio prije nekih skoro 25 godina, bilo je neko ubijstvo gdje smo radili DNA analizu, bio je trag pronađen na zidu i mi smo dokazali da taj trak potiče od osobe koja je ubijena i da vas ne uvlačimo u slučaj."
0:37:53,0:37:56,Ja sam se pripremao za taj sud na totalno pogrešan način.
0:37:56,0:38:00,I totalno pogrešno sam prezentirao na sudu svoje rezultate.
0:38:00,0:38:08,"Nisu rezultate bili pogrešni, nego ono što sam pričao nije bilo ono što su ljudi postavili pitanje."
0:38:09,0:38:13,U 25 godina sam naučio da kažem u brojevima.
0:38:13,0:38:21,"I stvarno postoje statistički izračuni koji kažu da vjerojatnoća da taj trak potiče od vas je 99,9995%."
0:38:21,0:39:07,"Ili vjerojatnoća da ste vi biološki otac, netko ili ja bi, bilo što je otac moga sina, je devedeset devetdevetdevetdevetsedam posto znači vaš rad ima težinu ljudi zanimaju brojeve znači kada imate preko puta sebe odvjetnika kada imate sudjelu kada imate tužitelja sve to što ste vi ispričali da je na analizi o psihijaru o obilježjima ostalima sve je to divno ali dajte vi meni recite jel to njegov trag ili nije to njegov trag jel on otac ili nije otac sada se vraćam na vaše pitanje vezano za filozofiju i koncept znanosti kako ga ja vidim kad kažem filozofiranje ljudi uopće to doživljavaju nešto negativno, ja to ne mogu doživjeti negativno, to je izuzetno pozitivna priča, ali nemam tu sposobnost."
0:39:07,0:39:44,"dvadeset pet godina sam s tim brojevima i volim prikazati brojeve i onda ne ulazim duboko poštujem tuđe profesije ne ulazim mislim da je to ipak više sfera u kojoj se ljudi koji imaju mnogo više znanja mogu bolje snaći i mogu uzeti bolje argumente tako da ovaj samo ću vam reći da mislim da je filozofija i kao koncept jako bitan dio onoga što kako vi vidite antropologiju ako kažem da antropologija učenje o čovjeku najseobuhvatnije, filozofija najljepši dijelova nas kao vrste."
0:39:45,0:39:53,"Da, na sreću ili na žalost ne možemo čovjeka promatrati niti bilo šta u prirodi samo kroz činjenice."
0:39:54,0:40:04,"Puno je toga nedohvatljivog, nedodirljivog, puno koncepata u našim životima još dan danas ne možemo izmjeriti kako bi htjeli možda."
0:40:06,0:40:06,Gotovo u znanosti.
0:40:07,0:40:13,"Volimo im malo provocirati, ja uvijek samo kažem ljudima, ok, mi smo spremni da dvije vrste leptira stavi."
0:40:13,0:40:19,"Leptira stavimo i razdvojimo u dvije vrste samo na osnovu položaja tačke, da li je na lijevom ili na desnom krilu."
0:40:20,0:40:22,Zamislite da leptirovi nas poručavaju.
0:40:22,0:40:27,"Ili evo, delfini koje smatramo ipak nekako imamo uvrijeđeno mišljenje da su najinteligentniji ili vrane."
0:40:28,0:40:36,"I kada vide pet nas različitih iz različitih dijelova svijeta i kada im kažete koncept, definiciju vrste itd."
0:40:36,0:40:39,onda će vam reći vi definitivno niste ista vrsta.
0:40:39,0:40:45,"E sad, to je prilično provokativno, ali to je u okupa smatrača i u percepciji."
0:40:46,0:41:04,"Zato vam kažem, antropologija koliko god se trudi da bude objektivna, posebno u svom bioantropološkom konceptu, u tom, ja ga nazivam neprecizno i netačno socioantropološkom društveno antropološkom konceptu, ipak ima određene neću reći ograničenja nego obzire kako to prezentirati."
0:41:06,0:41:30,"Jel bi mogli malo više ući u tu priču, znači ono, spominjali smo genetiku na početku, ovaj način na koji vi znanstvenici razmišljate o tome i djelujete u tom polju, što se tiče te epigenetike, koliko je stara ta grana znanosti i što ona zapravo nam u konačnici govori."
0:41:30,0:41:33,"Od početka moderne genetike, ljudi su bili svjesni da nije sve u genima."
0:41:33,0:41:41,"Ja bih volio da je sve u genima, ja bih bio najmoćniji, a u stvari bavio bih se najmoćnijim poslom na svijetu, rješavao bih sve probleme jer po Bogu sve je u genima."
0:41:42,0:41:44,"Međutim, ta epigenetika je dosta širok pojam."
0:41:44,0:41:55,"Znači, prema nekakvim svojim definicijama, epigenetika podrazumijeva sve ono u okolini što vam omogućava da dođe do ekspresije gena, do funkcioniranja gena u onakoj odlučnosti."
0:41:55,0:41:57,Što znači da dođe do ekspresije gena?
0:41:57,0:41:58,E sad ćemo ga ugasiti.
0:42:00,0:42:01,Neka se ne naljute ljudi.
0:42:01,0:42:03,Ne najljujte ljudi koji jako dobro razumiju genetiku.
0:42:04,0:42:08,Vjerujem da među vašim slušateljima ili leteljima ljudi koji su mnogo bolji genetičari nego ja.
0:42:09,0:42:15,"U krajnjem slučaju, ja sam uvijek sretan, ja sam bio mentor na 15 doktorata, svih 15 mladih znanstvenika su bolji nego ja."
0:42:15,0:42:16,I to je bit mentora.
0:42:17,0:42:20,Ne se ne najljujte što ću ovako banalizirati.
0:42:20,0:42:26,Ali ja volim studentima prve godine i ponekada srednjoškolcima objašnjavati kako geni funkcioniraju.
0:42:26,0:42:37,I ja volim objasniti da u mojoj glavi geni su potencijal kao da imate ovaj zid 10 prekidača kojima kontrolirate da li su vam upaljeni ili ugašena svjetla.
0:42:37,0:42:39,"I to su geni, oni su potencijal."
0:42:40,0:42:43,Oni vam daju mogućnost da svjetla budu upaljena ili ugašena.
0:42:45,0:42:48,Epigenetika je prst koji pali ili gasi ta svjetla.
0:42:49,0:42:54,"Nekada zato što je dan ne treba nam svih deset svjetala, ne treba nam nijedno."
0:42:54,0:43:01,"Nekada kada je dan tmuran upalimo tri svjetla, kada je noć upalimo sedam svjetala, kada želimo da radimo nešto upalimo svih deset svjetala."
0:43:02,0:43:13,"Epigenetika su upravo ti prsti koji pale, znači mehanizmi kojima se pale geni i uvjeti i razlog zbog čega smo upalili ili nismo upalili to svjetlo."
0:43:13,0:43:15,Znači to tako posmatrajte.
0:43:16,0:43:19,Uvijek imamo opet malo možda kontroverse.
0:43:20,0:43:24,"Možda je u našim genima zapisano, vi znate fenomen akceleracije rasta."
0:43:24,0:43:25,Znači šta je to?
0:43:25,0:43:30,Princip je da svaka nova generacija je u biti u prosjeku više od prethodne generacije.
0:43:30,0:43:31,Viša.
0:43:31,0:43:32,"Da, viša je."
0:43:34,0:43:40,"Ili to možete, mi smo to radili neka istraživanja prije nekih 15 godina i ustanovili smo na osnovu rezultata iz 19."
0:43:40,0:43:49,"stoljeća koje su Austrijanci objavili na Bosancima, ustanovili smo da je naša generacija u kojoj sada živimo sigurno više u prosjeku nekih, mislim da je bilo centimetar i pol ili nešto tako, u prosjeku."
0:43:50,0:43:51,Ja da ljude pitam kakav je to fenomen.
0:43:53,0:44:08,"Jednostavno objašnjenje, hipoteza koja može da se dokazuje, a može i da se odbacuje, je da je u našim genima zapisano da mi možda i stvarno možemo da narastemo na 2,5 metra ili možda čak i 3 metra, ali svi nisu stekli uvjeti za takvo nešto."
0:44:10,0:44:21,"Znači, da li je to način izhrane, da li je to sredina u kojoj živimo, da li je to stres, da li su to mehanizmi koji su znatno razlikovani od okolina 19."
0:44:22,0:44:24,stoljeća i okolina 21.
0:44:24,0:44:26,stoljeća su sasvim različite.
0:44:26,0:44:29,"U krajnjem slučaju, dužina života, prosječno u 19., 17., 15."
0:44:30,0:44:32,i u početku homosapisa se znatno mijenjala.
0:44:33,0:44:42,"E to vam je epigenetika, svi ti uvjeti koji dovode do nekih stvari da vi i ja smo upravo nekakvi jesmo, fenotip, naš izlet, sve, to je takvakvi jesmo."
0:44:42,0:44:57,"I zato vam kažem, sjetite se, prekidači nekada budu geni, ruka nekada bude mehanizam koji pali ili gasi gene, a uvjeti u kojima vas tjera, nešto da upalite ili ugasite svjetlo, neka to bude dio epigenetike."
0:44:57,0:45:00,Ne znam da li sam dovoljno jednostavno to objasnio.
0:45:01,0:45:05,Mislim da razumijem vjerojatno i gledatelje generalni koncept.
0:45:08,0:45:17,"Jako je bitno i kada razmišljamo o psihologiji zapravo taj odgovor čovjeka na određene okolnosti, na određene događaje iz okoline."
0:45:18,0:45:21,Pa onda je tu nekako i pitanje te genetike i epigenetike.
0:45:21,0:45:33,"Znači postoji taj nekakav potencijal, postoje razne varijacije i opcije recimo razvoja koji nam je dan kroz taj kako se kaže genetski kod ili genom."
0:45:34,0:45:36,Ja sam rekao da je genetičko naznačenje sasvim ok.
0:45:37,0:45:51,"Ali što je ključ koji zapravo definira kako će se to, da li je to naš odgovor, da li je to da me razumijete što je to?"
0:45:52,0:45:54,Razumijem zato što dolazim iz grada.
0:45:54,0:46:01,"Zavoljeli smo, dame rekrenuli, dogovorili smo se da ćemo biti na ti, sad smo na ti više, na ti, ti, ti, ti, ti sasvim, ja ti to je dio te priče."
0:46:02,0:46:08,"Naše vi, imam oštećenje, pojavljuje se iz poštovanja jedno prema drugom, a naše vi."
0:46:08,0:46:09,Isto priča.
0:46:09,0:46:13,A ovo naše ti pojavljuje se iz prisnosti i komunikacije koja ide.
0:46:13,0:46:14,I tu je epigenetika.
0:46:14,0:46:16,I tu su uvjeti koji su nazvali do toga.
0:46:16,0:46:20,"Ja potičem iz grada gdje mi imamo šalu, kažemo da smo normalni, poludjeli bi."
0:46:21,0:46:23,"Znači, posebno sada, nakon 92."
0:46:24,0:46:24,i 95.
0:46:24,0:46:34,"tokom opsade Sarajeva, svi mi tamo koji smo bili, nekako smo prihvatili da je ti tri godine posebno, posebno ti tri godine utjecalo na nas."
0:46:35,0:46:46,"E sad, nekada davno sam bio dio jedne studije gdje smo posmatrali PTSP i gdje smo posmatrali koliko je PTSP određen na genetičkom nivou, koliko je određen na onome što ga okružuje."
0:46:46,0:47:20,"I onda smo pokušali da pravimo analize na populacijama koje su bile jako izložene stresu, poput Sarajevske populacije, poput Vukovarske populacije, znači govorim o ratnome stresu i na nekim populacijama koje su imale malo manji utjecaj rata i one koje nisu uopće, da budem iskren, bilo nam je najteže pronaći one koji nisu imali taj tip stresa posebno na ovim našim prostorima i u Hrvatskoj i u beiha itede itede Postavljaš konkretno pitanje, ja ti ne mogu odgovoriti zato što u genetici nema zlatnoga pravila reći samo je to to, nego uvijek je malo kompleksnije."
0:47:20,0:47:29,"Mi nismo mogli pronaći genetičku varijantu da kažemo ona je odgovorna za stres, ali isto tako nismo ni mogli isključiti da takva genetička varijanta dijelom utječe na to."
0:47:29,0:47:30,"E sad, dozvolim."
0:47:31,0:47:33,"Ima jedan pojam, zove se heritabilnost."
0:47:33,0:47:35,"Zvuči opasno, ali nije opasno."
0:47:36,0:47:43,"Svaka osobina ima neke varijante, boja kose, boja očiju, boja kože, krvna grupa itd."
0:47:44,0:47:51,Pojam heritabilnost je odnos nasljeđa i onoga što vas okružuje u definiranju te osobine.
0:47:52,0:47:56,"Boja kože, boja očiju, boja kose, možda najbolji primjer."
0:47:56,0:48:00,"Boja kose, ljudi bi rekli, ok, nasljeđuje se boja kose, ili tako, nasljeđuje se od roditelja itd."
0:48:00,0:48:10,"itede Moja nasljeđena boja kose je zimi drugačija nego ljeti, zato što se nijeti izložen suncu, pa ona posvijetli itede itede zimi je tamnija."
0:48:11,0:48:20,"Znači odnos tog nasljeđivanja, ta hertabilnost nije jedan da je samo isključivo na genima i nije nula da je isključivo samo na okolini."
0:48:22,0:48:26,Većina osobina koje nas čine čovjeka upravo su tu između nula i jedan.
0:48:27,0:48:33,Jako malo tih osobina ima da kažeš da je hertabilnost isključivo na osnovu gena primjer je krvna grupa.
0:48:34,0:48:41,U biti krvna grupa od naslijedili ste od roditelja u toj kombinaciji i ona se u biti ne može promijeniti osim nekih velikih traumatskih.
0:48:43,0:48:45,"Da ne idemo u tom pravcu, to je već na nivou science fiction."
0:48:46,0:49:02,"A to je koncept, znači vraćamo se nazad, ne smije se isključiti ni nasljedni materijal, ali se ne smije nikako zanemariti kako okolina utječe na taj nasljedni materijal, zbog čega pritišće nešto taj šalter i zbog čega se palit u svijetu."
0:49:02,0:49:10,"Nije samo pitanje, Damir, kako okolina utječe, nego je pitanje kako mi kao jedinka odgovaramo na to kako okolina utječe na nas."
0:49:11,0:49:23,"Tu je zapravo više moje pitanje, znate znači ono, možda recimo jedna analogija, ono što nas određuje karte koje smo dobili geni recimo ili način na koji mi igramo jedno i drugo."
0:49:23,0:49:25,Ajmo ovako normalno govoriti.
0:49:26,0:49:52,"Spomenuo si bio recimo onu visinu recimo da moguće je da mi možda imamo taj potencijal da narastemo dvapet metra ili s druge strane ono ako si ikad čitao Bibliju, znači u Bibliji se spominju ljudi koji su živjeli stotinama godina, znači ono i sedamsto osamsto devetsto godine itede sad je pitanje da li mi imamo taj kapacitet ali nismo ga uspjeli ostvariti iz nekog doći ćemo i do dužine života ali ću to malo drugačije reći, ali ajde se vratimo samo na jednu stvar."
0:49:54,0:49:57,Znanost je nekada bila mnogo politički nekorektnija ako smijem reći.
0:49:58,0:50:05,"Ja kad sam bio klinac, između ostalog kad sam studirao, sjećam se profesora koji mi je pričao o ispitivanjima blizanaca."
0:50:05,0:50:15,"I teorijski gledano kada hoćete, vrlo jednostavno je to tada rekao, sad to zvuči, mnogi će reći, najdaje bože šta se priča, a zato što kaže ako želite da vidite šta je samo okolina."
0:50:16,0:50:23,"Jer ojačani blizanci ako se razdvoje rastu u različitim uvjetima, sve one razlike nakon dvadeset godina su okolina."
0:50:23,0:50:25,Znači to su poznati odgovori.
0:50:25,0:50:31,i odgovor te jedinke te osobe na to da je samo okolina.
0:50:31,0:50:35,"Dakle, okolina je jednaka, može bitno za oba tablizance."
0:50:35,0:50:37,Pazite okolina i sada da se vratim.
0:50:38,0:51:01,"Nije sto posto u nemogućoj ako je a gledajte sad kad se vratim pričali smo o hertabilnosti koja je na sto posto pa krvna grupa ja uvijek se šalim što opet možda nije točno nula posto hertabilnosti hoće li vas grom udariti ili neće udariti jer za sada nije dokazano da postoji neka genetska varijanta koja više privlači grom nego ne privlači znači definitivno u toj cijeloj priči nikada nikada, nikada."
0:51:02,0:51:08,"Ja znam definiciju koju sam naučio od, kažem, profesora Hrg, profesora Sufrađije, Berbijerovića, akademika Rudena."
0:51:08,0:51:16,Čovjek je kompleksna pojava na koju djeluju dvije jako kompleksne skupine čimbenika ili faktora.
0:51:17,0:51:23,To je ono što je naslijedio i ono što ga okružuje i onaj treći najbitniji dio interakcija te dvije.
0:51:23,0:51:24,I to je tako kako jeste.
0:51:24,0:51:26,E sad smo govorili nešto o godinama.
0:51:27,0:51:29,"To je zapravo pitanje genetike, okoline i reakcije."
0:51:30,0:51:31,Interakcije ako smijem reći.
0:51:33,0:51:34,Reakcije i interakcije.
0:51:34,0:51:42,"Znači imate vanjsku okolinu, utječe na vas i vi, taj individualni odgovor je ta interakcija na tu cijelu priču."
0:51:43,0:51:49,"E sad što se tiče godina, o starosti, nedavno sam ovdje imao jako zanimljivu diskusiju sa svojim dragim prijateljem."
0:51:49,0:52:03,"On je meni rekao da je pročitao studiju do koje još nisam došao, gdje je rekao, ali to je javno mijenje, kažete, ako uspiješ preživjeti na arni 20 godina, znanost će doći do toga da će ti omogućiti da živiš u prosjeku 140-150 godina."
0:52:04,0:52:08,"A to se definitivno ne treba isključiti, to ne zvuči toliko ni daleko."
0:52:09,0:52:12,Prosječni život čovjeka se značajno produžio u.
0:52:12,0:52:15,U tijekom postojanja nas kao vrste.
0:52:15,0:52:18,"Ali onda sam ja rekao, cool, koji ćeš mi dio života produžiti?"
0:52:19,0:52:21,Otiš li mi produžiti 90-tu godinu?
0:52:22,0:52:27,"Ako je ta 90-ta kao što je sada, 90-ta nisam siguran da li mi to želiš produžiti."
0:52:27,0:52:31,"Ne kažem, ima vitalni 90-tih godina, govorimo opet o prosjeku."
0:52:32,0:52:36,"Ali ako mi možeš kako produžiti neke 30-te i 40-te, onda gledaj da živimo po 200 godina."
0:52:36,0:52:39,"Znači, definitivno, život se produžava."
0:52:40,0:52:53,"Ono što se produžava, definitivno možemo reći da je zbog okoline koju smo mi prilagodili sebi na taj način da sada ta okolina, jednostavno pozitivno utječe na nas na dužinu života."
0:52:54,0:52:58,"Prema definicijama čovjek je jedina vrsta, kažu, tu se malo griješi."
0:52:59,0:53:02,Kaže čovjek je jedina vrsta koja mijenja svoju okolinu i prilagođava sebi okolinu.
0:53:02,0:53:02,To nije točno.
0:53:03,0:53:05,Dobar prilagođava sebi okolinu.
0:53:05,0:53:13,"Kada digne, napravi branu, ne pravi branu zato što ode za kupa i da napravi turistički rezort, nego da bi zaštitio ulaz u svoju jazbinu."
0:53:13,0:53:20,"Ali mi kažemo, smisleno mijenjamo svoju okolinu i samim tim utječemo na svoju evoluciju."
0:53:21,0:53:26,"Ja ću biti malo kritična prema nama, smisleno nerijetko uništavamo svoju okolinu."
0:53:26,0:53:39,"Ali to modificiranje okoline je upravo to koje nas je dovelo u poziciju da smo sada najraširenija vrsta, među najraširenijim, evolutivno najuspješnijim pod navodnicima vrstama na planeti, koji može da opstane u različitim uvjetima."
0:53:40,0:53:47,"Ne zato što je naša fiziologija takva, nego što smo naučili da promijenimo okolinu i sebe u bezbjednim uvjetima koji su povoljni za našu fiziologiju."
0:53:47,0:53:51,"Damire, kad kažem vrsta, na šta točno misliš?"
0:53:52,0:53:52,Da li?
0:53:53,0:53:55,"Konj, pas, mačka, majmun, čovjek."
0:53:56,0:54:01,Da li antropolozi kad gledaju čovjeka i analiziraju da li ga smatraju životinjom ili ne?
0:54:04,0:54:06,Sad ćemo vjerojatno da poslađujemo mnoge.
0:54:06,0:54:18,"Biološki gledano, ako gledate stanicu čovjeka, uporedite je sa biljnom životinskom stanicom, stanicom gljiva ili prokaryota, najsličniji smo u potpunosti, imamo istu strukturu životinske."
0:54:19,0:54:23,Sve životinje imaju manje više istu schemu te naše stanice.
0:54:23,0:54:40,"U krajnjem slučaju, bilo bi zanimljivo, ajde pogledajte, u kodirujućem dijelu mi se poklapamo sa šimpanzom 98,7%, sa kukuruzom negdje oko 60%, nikad nitko ne zna, pokušavam da se sjetim procente."
0:54:41,0:54:47,"Sa psima poprilično negdje oko nekih 80%, opet govorim za brojeve, letim ispred."
0:54:47,0:54:52,Ali mi imamo sličnost genomova sa mnogim životinjskim vrstama.
0:54:53,0:54:57,"Kako kaže, kada ti pet ljudi kažu da se svinja lezi u platu i valja se."
0:54:57,0:55:01,"Šal na stranu, ali fiziologija je neumoljiva i biologija je bioantropologija."
0:55:01,0:55:06,Ali definitivno imamo i nešto što nas izdvaja od tog životinjskog svijeta.
0:55:06,0:55:11,E tu ćemo već pozvati nekog socijantropologa da vam pojasni što je to.
0:55:12,0:55:14,"Imate jedan takav, imate jedan takav."
0:55:14,0:55:22,"Imam fenomenalan popis fenomenalnih ljudi koji će vam pričati o neandrtalcima, od Divora, Marija, koji će vam pričati o fenomenalnim stvarima."
0:55:25,0:55:28,"Morane, Mirjale, koji će biti bolji u mikrobiomu."
0:55:29,0:55:30,Mikrobiom je zanimljiv.
0:55:31,0:55:32,Ajdemo skakćemo.
0:55:32,0:55:35,Meni je fenomenalna hipoteza koju slušamo od mojih kolega.
0:55:35,0:55:40,Vi znate da mi na svom ili u svom organizmu imamo više stanica prokariota nego svojih osobnih stanica.
0:55:41,0:55:44,Ili u prijevodu postavlja se pitanje da li smo mi organizam ili smo simbioza.
0:55:44,0:55:45,"Prokariot, znači."
0:55:46,0:55:46,Bakterije.
0:55:47,0:55:48,"Imate dobro, loše bakterije."
0:55:49,0:55:58,"Na svakom milimetru vaše kože sigurno imate neku koloniju bakterija, u vašim crijevima imate bakterije, u digestinom traktu, prednjem, gornjem, donjem, bakterije su tu."
0:55:59,0:56:02,Njih ima više po količini stanica nego nas.
0:56:02,0:56:08,"Znači sad je pitanje jesmo li mi ljudi vrsta kao vrsta ili smo simbioza kao neki lišajvi, tamal hajde."
0:56:09,0:56:10,Moja djeca bi rekla mrljak i prljak.
0:56:11,0:56:14,Rekla bi vam popularnu knjigu o bakterijama mrljak i prljak.
0:56:14,0:56:14,"E, tako."
0:56:14,0:56:15,Na papiru ruke se stalno.
0:56:16,0:56:23,"E, mrljak i prljak, ali vaša djeca će biti mudra i shvatit će da postoje i dobre i loše bakterije i da mi bez tih bakterija ne bismo mogli živjeti."
0:56:23,0:56:31,"Znate kad kažem neko, evo dobio sam herpes, nisi dobio herpes nego taj virus je prisutan, tu samo se pokazao zato što ti je imunitet pao."
0:56:31,0:56:33,To će vam medicinar mnogo bolje objasniti.
0:56:33,0:56:37,Ali pojam tu tome je da nas ne možete smatrati odvojeno od kolide.
0:56:37,0:56:38,Evo upravo zbog toga.
0:56:41,0:56:48,"Da, mislim civilizacijski smo jako kompleksni, ne samo kao individu, nego kao civilizacija smo još kompleksniji."
0:56:49,0:57:06,"Ja sam recimo kroz ove tvoje odgovore u više navrata stekao dojam, ti ćeš me ispraviti ako misliš da nije tako, imao si uvijek nekakav uvod prije izjave kao iz nekog kako bi rekao nije možda strah od kritike ili što god."
0:57:07,0:57:14,Strah da ne budem pogrešno interpretiran ali da me ljudi pogrešno razumiju to je velika moja mana.
0:57:14,0:57:17,"Moja je velika mana, moja supruga kaže poenta."
0:57:17,0:57:24,"Ja kažem, ok imam problem, a malo svijet drugačije natjerao me posao da ga svijet posmatram."
0:57:25,0:57:30,A da bih ti formirao poenta i konkretan odgovor moram u svojoj glavi da sažmem sve informacije koje imam i pro i kontra.
0:57:31,0:57:33,Znači evo to genetičko podrijetlo naroda.
0:57:34,0:57:39,Nužno ne odbacujem priče o U kojoj se ne uklapa ono što mi rekli.
0:57:39,0:57:47,"Ali da bih sažeo, ne želim da odbaci, nego moraš uvijek pronaći put u kojem prihvatiti druže mišljenje i reći činjenice pokazuju sljedeće."
0:57:48,0:57:50,"To je mali problem nas, profesora, 25 godina."
0:57:51,0:57:57,"Imate pred sobom auditori od nekih 40 studenata, posebno na prvoj godini kada vam dođe iz različitih srednjih škola."
0:57:57,0:58:00,"Imate različite iskustava, različite spoznaje, različite nivo znanja."
0:58:01,0:58:06,"A vi nikada ne smijete da svoje prodaje smijete samo s jedne osobe, jer 39 ostalih će ispaštati."
0:58:07,0:58:18,"I onda kroz taj razgovor, kroz njihove reakcije, tražite da vidite da li smo sada svi na istom nivou da možemo određene spoznaje usvojiti i zaintrigirati ih da kopaju dalje."
0:58:18,0:58:22,Jer profesor u dvadeset jedan stoljeću nije taj koji će reći sve i koji zna sve.
0:58:22,0:58:32,"Zanimljivo je zapravo kad bi bio onaj pravi znanstvenik pitanje kako bi kao znanstvenik uopće imao neko čvrsto stajalište oko ičega ono ispada da stalno lebdiš, lutaš, gledaš, preispituješ."
0:58:32,0:58:34,Pa baš pazi stajalište je čvrsto.
0:58:34,0:58:59,"Mi smo pričali malo prije možda ću se ponoviti ovaj uvijek sam se šalio sa studentima kažem da je ljudska alienost pokretač mnogih otkrića na planeti zemlje jer uvijek smo tražili lakši način kako nešto da realiziramo međutim pravi znanstvenik uvijek sumnjičava, ali ne sumnjičava u onome negativnom smislu, nego preispituje, spreman je da preispituje prvo sebe, a onda i sve ostalo da bi došlo do nekog konačnog odgovora."
0:58:59,0:59:03,"Ako me pitaš da li da vjerujemo DNA analizi u testiranju, ja ću reći da."
0:59:04,0:59:07,"I reći ću ti zašto da, a zašto su ljudi mislili ne."
0:59:07,0:59:15,"Ako me pitaš vezano za PCR, da li je to dobar test i zašto se on koristi, posebno u koronavirusu mi je to bilo simpatično."
0:59:15,0:59:24,"Pa onda sjetite se onih izjava kad kaže, evo Kari Malesko izumio, PCR je rekao da PCR se ne koristi u detekciji bolesti, to je točno."
0:59:24,0:59:28,"PCR odnosno ne detekcija.tira bolest, nego prisutstvo nekog genetičkog materijala."
0:59:28,0:59:38,"A vi kada imate čovjeka koji je bolestan, ima sve simptome i još dokažete prisutstvo materijala virusa koji je povezan sa tim simptomima, onda znate o čemu pričam."
0:59:38,0:59:40,I tu morate biti jako oprezni.
0:59:40,0:59:43,"Mi smo doživjeli, znači u toj recimo od 20."
0:59:43,0:59:43,do 22.
0:59:44,0:59:47,mi kao znanstvenici smo doživjeli svašta.
0:59:47,1:00:00,"Doživjeli smo, ja sam se zazao, mi nismo toliko uspješni, mi nikad nećemo postići što je Galileo postikao ili netko drugi, ali lako mogu da završimo na lomači jer ljudi ne razumiju te stvari."
1:00:00,1:00:14,"Onda smo doživjeli da smo bili napadani od jedne ekipe, onda smo kad smo rekli da ne treba pet puta vakcinistati, nikoga govorim pet puta, znači odmah da podvučem, vakcinacija, da revakcinacija, da objasnim zašto treći, četvrti, peti put."
1:00:15,1:00:17,"Odmah da ne bi sad bilo, kul, sasvim antivakcera."
1:00:17,1:00:19,Jer sam ja doživio od 2022.
1:00:20,1:00:29,"da sam vakcernacija do antivakcera, da sam onaj koji mi je prihvatio drugo rječje, dodoravno zemljaša, da mi je to sve ok."
1:00:30,1:00:31,Ljudi vas tako etiketiraju.
1:00:31,1:00:33,Moj stav je vrlo jednostavan.
1:00:33,1:00:36,"Bio je i u koroni, ništa nismo promijenili."
1:00:36,1:00:51,"smo navikli da moramo objašnjavati jer ako mi ne pričamo o znanosti će pričati ljudi koji nisu znanstvenici a ja nisam siguran i doći ćemo do onoga maloprije smo pričali, vaš podcast je neformalno obrazovanje, dio neformalnog obrazovanja."
1:00:52,1:00:53,"I kada govorite, to je moj podcast."
1:00:54,1:01:14,"Tu je podcast, tu je podcast, tu je dio, Zini, sad se neću možda naljutiti, ali neka influencerica ili influencer, oni su u dvadeset jedan stoljeću dio neformalnog obrazovanja htjeli mi to priznati ili ne zato ja jako poštujem kada ljudi iz moje sfere To nije milo."
1:01:15,1:01:17,"Jako poštujem, ne možemo se složiti."
1:01:17,1:01:18,Poštujem to što radi.
1:01:18,1:01:21,"Imam u Bosni vedrena svog s kojeg sam studirao, fenomenalno."
1:01:22,1:01:27,"Čovjek se ubi, devet objava on ima na Facebooku toku dan."
1:01:28,1:01:29,Ponekad o svemu i svačemu.
1:01:30,1:01:32,Ali on ih upravo sa stanovišta profesora priča.
1:01:33,1:01:40,"Ima pravo, odličan je izobličenje iz oblasti zemljopisa vezano za klimu, meteorologiju, za potres itd."
1:01:40,1:01:43,Ali ima hrabrost da komentira i druge stvari.
1:01:44,1:01:45,Zašto da ne?
1:01:46,1:01:55,"Znanstveni podcaster, znanstveni influenceri su jako bitni jer ako mi dozvolimo, znate kako nas percipira, ajmeš bijeli mantil i nosiš naočale, sigurno si znanstvenik."
1:01:56,1:02:00,"Ne nužno, imam odličnog prijatelja koji ima bijeli mantil i nosi naočale i fenomenalan je i mesar."
1:02:01,1:02:02,Odličan.
1:02:02,1:02:07,"Znači radi svoj posao, idem kod njega, radujem sa njim, uvijek ispričam po toj cijele priči."
1:02:07,1:02:27,"Znači, vraćam ti se opet, sad očito široko, ne izbjegavam ja odgovor, ali ako ja kažem da je ovaj stol crn, možda će netko reći pod ovim svjetlom da je siv, ja ću objasniti da ajmo ugasti svjetlo pa kad vidite, pa boja panijansa, pa ću u njegovu specifikaciju reći, evo i piše da je crn, evo i koja je boja korištena."
1:02:27,1:02:28,To je naš način razmišljanja.
1:02:28,1:02:34,"Mislim da je cijeli svijet zapravo nekakva igra između činjenica, dokaza i percepcije."
1:02:36,1:02:40,"Imamo veliki problem sada u ovoj cijeloj priči, ajde da se dotaknemo malo obrazovanja."
1:02:42,1:02:48,"I to nije problem ni samo Hrvatske, ni samo regiona, ni Europe, nego problem je protoka informacija."
1:02:50,1:03:00,"Ono što smo mi u toku dana saznali, generacije prije nas, kako kažu, vole reći, a što je tjelnije cijeli život, imalo toliko količine informacija koliko moj sin danas."
1:03:01,1:03:02,progurao u 6 sati.
1:03:03,1:03:10,"Normalno da malo pretjerujemo i normalno da volimo to, ali to je isto kao ona njuhtnova jabuka koja se nikamo nije pala na glavo, ali je dobar primjer."
1:03:11,1:03:13,"To je sasvim ok, kule."
1:03:14,1:03:15,Ali imamo problem zato što.
1:03:17,1:03:20,Čas odavno ne treba da traje 45 minuta.
1:03:21,1:03:21,Ja to tako tvrdim.
1:03:22,1:03:28,"Sada ću doći u kolizu sa svojim kolegama koji će reći, ti nemaš sada priču 45 minuta, evo ja ću vam priču 3 sati, nije problem."
1:03:28,1:03:41,"Ali čas je trajao 45 minuta kada je moja draga učiteljica koja je sad pokojna donijela šestar pa je 5 minuta namještala., znači onaj veliki šestar, mađarska generacija pa ga se može nešćaš."
1:03:41,1:03:47,To su oni što su imali ogromnu mniglu i zabiješ u drvenu tablu i ti pokušavaš da napraviš kružnicu.
1:03:48,1:03:53,"Ja sam imao te traume, bio sam odličan učenik, nisam mogao kružnicu napraviti, već sam tu tricu dobio."
1:03:53,1:04:06,"E sad, učiteljica je donijela šestar, pa je pet minuta namještala kredu, pa je pet minuta podržavala pošto je to stari neki šestar, pa ga je zabijala, pa dok je napravila kružnicu prošlo je 20 minuta."
1:04:07,1:04:10,"Sada, moderna učiteljica 21."
1:04:10,1:04:13,"stoljeća pritisne dugme, izađe hologram njuta i."
1:04:13,1:04:16,"I objašnjavam vas sve što trebate objasniti, itd."
1:04:17,1:04:20,"Znači, u tom konceptu 45 minuta nije čas."
1:04:21,1:04:25,"U mom konceptu, u mom životu, profesor nije taj koji treba sve da kaže studentu."
1:04:25,1:04:29,Niti treba da traži od studenta da mu ponovi te riječi.
1:04:30,1:04:30,Profesor je teaser.
1:04:31,1:04:34,Moja predavanja na fakultetu su teaser.
1:04:35,1:04:43,"Gdje je moj cilj da nakon predavanja klijenti koji su me slušali odu i proguglaju, potraže, pronađu."
1:04:44,1:04:48,"Pa čak i fulje nekada izvor, kao ovaj chat GPT džamija, zanimljivo je kako."
1:04:49,1:04:51,Kako ga ubijedite na kraju da kaže da ste u pravu.
1:04:51,1:04:52,"Eto, pokušajte."
1:04:52,1:04:54,"Znači, na kraju vas umiljava i kaže, u pravu si."
1:04:54,1:04:56,Jer tako postavljaš pitanje.
1:04:56,1:04:59,"I onda vam dođe sljedeći čas i kaže, nisi bio u pravu."
1:04:59,1:05:06,"Ili još bolja stvar, kada kažete neku informaciju, nije nikakva tragedija kada vidite neko klince ispod stola, googla tu informaciju."
1:05:07,1:05:19,"Mi profesori smo znanstveni teaser, ali trebamo biti spremni da kažemo, i meni je to najdraže rečenica, kada im postavlja pitanja, a kažem, ok, ne znam ti konkretan odgovor na to pitanje, ajmo ga zajedno potražiti."
1:05:20,1:05:20,Šta ste dobili?
1:05:21,1:05:25,Dobili ste da je dečko ili djevojka sedam dana tražio.
1:05:25,1:05:29,na tome da ste vi zajedno na tome i da ste sjeli i razmijenili mišljenje.
1:05:30,1:05:42,"Iako vi ste tu profesor, ali ste mu dali lekciju da potraži i da prepozna koji je izvor na kraju tačan, koji nije tačan, koji je znanstveno zasnovan, koji nije zasnovan itd."
1:05:42,1:05:49,"E sad se vraćam opet na neformalno obrazovanje, zato sam jako, ajde što sam se navijao i pričao, previše zbog kofeina."
1:05:50,1:05:52,Ovo je jedna treća čatuta kava danas.
1:05:52,1:06:04,"Ali pojam tu tome da jako sam oprezan kod svake informacije, ne zato što se plašim da će me neko pogrešno shvatiti, nego plašim se da neću biti znanstveno zasnovan."
1:06:04,1:06:15,"I moram stati u momentu da vidim, oka, danas neke informacije koje sam rekao, možda je netko u nekom laboratoriju već srušio, možda će već prekusno biti obavljeno nešto sasvim drugačije."
1:06:15,1:06:26,"Možda više nije devetnaest tisuća gena, možda osamnaestpet možda osamnaest sedamsto zadnji put kad sam išao osamnaest sedamsto mislim jako je lagano imati mišljenje ovaj teško je baratati sa činjenicama."
1:06:32,1:06:33,"Da, da."
1:06:33,1:06:41,"Znači ako sam se Damir dobro razumio, cilj vas koji ste akademski radnici, profesori itd."
1:06:43,1:06:47,"je potaknuti mlade, tojest djecu na razmišljanje."
1:06:48,1:06:50,Opet dolazimo do onoga što vam se neće svić skills.
1:06:51,1:06:53,"A ne znam kako da vam kažem drugačije, zato što su klinci."
1:06:53,1:06:56,"Pa vještine da, ali klinci to kažu skills."
1:06:56,1:07:03,"Znači kada apliciraju, kada pišu CV-ove, sjetite se kad smo mi pisali biografiju ili životopise."
1:07:04,1:07:09,"I u životopisu prvo bi naveli ime, prezime, datum rođenja i edukaciju."
1:07:10,1:07:12,"Diplomirano, ekstilirodoktorirano."
1:07:12,1:07:18,"Meni u zadnje vrijeme dolaze mnogo zanimljiviji životopisi koji počinju na skillsima, na vještinama."
1:07:20,1:07:20,I to je zanimljivo.
1:07:21,1:07:27,I to vam je dokaz da generacija ova u potpunosti ne zanemaruje ona obrazovanje dapače.
1:07:29,1:07:33,I znate ta priča o tome da generaciju sve gore nije točno.
1:07:34,1:07:35,Sve gore i gore.
1:07:36,1:07:36,To nije točno.
1:07:36,1:07:37,"Često, često priča."
1:07:37,1:07:38,Ima totalno.
1:07:40,1:07:41,I iz prve ruke ću vam reći.
1:07:42,1:07:53,"Znači, evo imam svake godine na jednom predmetu, Introduction to Genetic and Bioengineering na sveučilištu na kojem predajem, dođe im otprilike tridesetak studenata, to je na prvoj godini."
1:07:54,1:07:59,"I na trećoj godini predajem zadnji predmet, forenzična genetika na Petru."
1:07:59,1:08:15,"I u svakoj generaciji od tih tridesetak studenata imate pet dobrih, u svakoj generaciji od tih pet dobrih imate dvoje izvrsnih, a u neke tri od četiri generacije pojavljuje se jedan od dvoje fenomenalnih."
1:08:16,1:08:17,Isto je to bilo sa nama.
1:08:18,1:08:25,Isto je to samo ono što su naši profesori tražili od nas i ono što su nam mogli ponuditi je drugačije.
1:08:25,1:08:39,"Znači ja sam studirao kada nije bio internet, kada smo morali hvatati skripte, moje skripte su kružile desetak godina, poslije nešto sam ja briljantan, tako da dok sam bio tipični štreber, pohvatan, pa onda prepišem, ispričam priču, ljudima je bilo lakše da prate tu priču."
1:08:40,1:08:40,Tu se više ne mora.
1:08:41,1:08:50,"Dečac, djevojčice se proguglaju, ako je mudar kroz čas GPT napravio seminarski rad, ako ste ostali u starom nekom sustavu, nećete ništa od toga dobiti."
1:08:50,1:09:03,"Znači u dvadesetak minuta profesor na sveučilištu koji ne može biti samo prenositelj znanja, on mora i kreirati znanja, mnogo mu je bitnije barem meni da se intrigira, da dati da da ti izre, da da osnovne informacije."
1:09:03,1:09:04,I onda na testu vam je lako.
1:09:05,1:09:20,"Imate deset pitanja, primjere radi, šest je da osnovne činjenice koje ako je neko pratio može bez problema položiti, sedam je da je malo više čitao, osam je da je čitao razmišljao, govorimo o ocjenama od 5 do 10, od 1 do 5 ovdje."
1:09:20,1:09:37,"Znači, jedinica je padaš što stvarno trebaš da ništa ne znaš, da te ne zanima, dvica je da si pratio, trica je da si pratio i čitao, četvrtica je da si pratio, čitao, razmišljao i shvatio, a petica je da si pratio, čitao, razmišljao, shvatio i da te je to zintrigiralo i da si saznao nešto novo."
1:09:37,1:09:38,i da si spreman da ideš dalje.
1:09:39,1:09:40,E to je taj koncept.
1:09:42,1:09:54,"Mislim da definitivno ono što mi imamo problem je zanemirivanje tog neformalnog obrazovanja, a ono je mnogo prisutnije u novim generacijama nego formalno."
1:09:54,1:10:13,"Jer ako od ide na nastavu, na fakultetu, od ide na nastavu slušati 3 ili 4 sata, to je 4 puta 45 minuta, neki 4 puta sat vremena, to je 4 sata formalnog obrazovanja i ostalih 20 sati neformalnog, a evo isključimo sa nekih 6, 7, 8 sati, ostatak je sve neformalno obrazovanjeovanje."
1:10:14,1:10:22,"Tramvaj je neformalno obrazovanje, kava je neformalno obrazovanje, podcast je neformalno, Facebook, TikTok, Instagram, sve je to neformalno obrazovanje."
1:10:22,1:10:32,I zato trebamo se i mi kao znanstvenici infiltrirati u to neformalno obrazovanje i naši dječaci i djevojčice studiraju za antropologiju to jako dobro rade preko društvenih mreža.
1:10:33,1:10:34,Apsolutno.
1:10:35,1:10:41,"Ja bih napravio paralelu jednu sa svojim bivšim gostom koji se bavi zdravljem, dugovječnosti."
1:10:42,1:10:48,I on tvrdi da je bitnija ona aktivnost koju nismo definirali kao trening nego ona aktivnost koju smo definirali kao trening.
1:10:49,1:10:49,Odlično.
1:10:50,1:10:59,"Što mogu napraviti paralelu s ovim kako si govorio da je zapravo neformalno obrazovanje puno veća porcija našega dana, našeg života nego što je formalno."
1:10:59,1:11:03,Ali koji je po tebi cilj obrazovanja onda?
1:11:03,1:11:04,"Aha, odlično."
1:11:04,1:11:06,"Gledajte imate individualne ciljeve, imate."
1:11:06,1:11:07,I meni dalje govorim.
1:11:11,1:11:13,Ne mislim na tebe nego imaš.
1:11:15,1:11:18,Moramo to definirati jer jaj i ti na TV.
1:11:19,1:11:21,"Mi nismo na TV, na VT-u."
1:11:22,1:11:23,"Na ti, na ti smo definitivno."
1:11:23,1:11:24,Znači imaš.
1:11:28,1:11:34,Individualni cilj je neko idu u školu da bi stekao znanje i da bi mu to znanje pomoglo u njegovoj karijeri.
1:11:35,1:11:36,Neko idu u školu jer mora.
1:11:38,1:11:42,"Mi smo nekada, ja sjećam, kad sam ja bio klinac, da je bio u principu ono je isto naučio na ulici."
1:11:44,1:11:48,Pa hajde sad mama i tata da vas razočara mnogo toga i jesam naučio na ulici.
1:11:48,1:11:51,"Nekada je to bilo dobro, nekada baš i nije bilo dobro."
1:11:51,1:11:52,Ali to je tako kako jeste.
1:11:53,1:12:02,Ono što je definitivno bitno sad jeste šta društvo traživo?
1:12:02,1:12:11,"Pa gledaj, samo malkice politike da se dotaknem pošto sam ja dokazao, dokazano neuspješan političar."
1:12:12,1:12:23,"Pojedin to u tome je da vi sada kada imate neku vladu i osnovno pitanje o obrazovanju nije ono šta ja želim danas, nego šta ja želim za 20 godina."
1:12:23,1:12:29,"Obrazovanje je jedan živi sustav i obrazovanje je onako popularno, nepopularno u politici."
1:12:29,1:12:33,Jer nećeš ti za svog mandata doživjeti da te neko kaže što je tu dobro.
1:12:33,1:12:36,"Ako si bio stvarno dobar u tome, to ćeš tek vidjeti za 10 godina."
1:12:37,1:12:43,"Znači, osnovno pitanje je šta recimo Hrvatska i šta mi želimo u Hrvatskoj da vidimo za deset godina."
1:12:44,1:12:49,"U smislu ekologije, u smislu turizma, u smislu ekonomije, u smislu sporta i svega ostalog."
1:12:50,1:12:54,"Sve ono što želimo da vidimo, e onda ćemo usmjeriti i staviti u to obrazovanje."
1:12:54,1:12:56,To je prava obrazovna politika.
1:12:56,1:13:05,"Nije obrazovna politika jesli ti promijenio povijest, nisi promijenio povijest, jel bar u Bosni je tako, koji jezik pričamo, koji ne pričamo, tako da to nije politika."
1:13:05,1:13:13,Obrazovna politika je da li od današnjega osamogodišnjaka očekujemo za osamnaest godina da bude spreman za tadašnji svijet.
1:13:14,1:13:18,To će biti jako teško napraviti danas u svijetu koji je toliko dinamičan.
1:13:19,1:13:20,"E pa da, e onda moramo."
1:13:21,1:13:30,"Odlično, ali ako shvatiš da želiš to, doradiš, onda pripremaš tog osmogodišnjaka u narednih deset godina da živi u dinamičnom svijetu."
1:13:30,1:13:33,"Da prepoznaje u dinamičnom svijetu što je dobro, što nije dobro."
1:13:34,1:13:36,"Šta je informacija, šta je misinformacija."
1:13:36,1:13:39,"Šta je na tiktoku artificial intelligence, šta nije."
1:13:39,1:13:52,"Da li papa stvarno nosi, ne znam, neki jaknu i da li je, ne znam, Gordon Laud stvarno prodavao, pošto sam ga zezao prije neki dan, vidio sam nek s njima gdje su mu napravili da prodaje ne znam lijek za veni ili za nešto takvo."
1:13:52,1:14:03,"Ili dali smo, znači jako je bitna stvar, mi živimo u svijetu gdje ljudi da bi vodili ovakav razgovor poslovno na kavi jer ovaj naš razgovor mi mislimo da ga nitko ne vodi."
1:14:03,1:14:17,"Evo sad dvoje ljudi na kavi koji piju vodi mnogo šire teme od hormona do zemljotresa u Kini, Tibetu i svemu ostalome do virusa zapadnog kanila, sve se mora znati."
1:14:17,1:14:22,"Da bih ja vodio takav razgovor, ja moram da pročitam dosta članaka ali nemam vremena za to."
1:14:22,1:14:23,Čitam naslove.
1:14:23,1:14:32,"Većina ljudi čita samo naslovelov, mali broj ljudi čita cijeli članak, a najmanji broj ljudi se zapita, čeka malo, a tko je ovo napisao?"
1:14:32,1:14:35,"Pogotovo danas u svijetu LLM-ova i umjetne inteligencije, apsolutno."
1:14:36,1:14:39,Mi izražavamo u sažetcima sažetaka i sad je to sve bitnije.
1:14:39,1:14:42,Zato je u ovom današnjem doba sve više bitnije kome vjeruješ?
1:14:43,1:14:53,"Sve je bitno, ali pazi, moramo naučiti ljude da znaju da ocijene kome treba vjerovati, u kome ne treba vjerovati."
1:14:54,1:14:57,Znači da znaju da procjene izvor informacija.
1:14:57,1:14:59,Kako ćeš to napraviti u današnjem svijetu?
1:14:59,1:15:01,"Jako teško, ali kroz kontinuitet."
1:15:01,1:15:03,"Pa pazi ako ćemo pričati o genetici, ajmo ovako."
1:15:03,1:15:11,"Evo kako ću ja, da nikome ne pametujem pametovat ću profesoru Damiru Marijanoviću koji drži predmet Introduction to Genetic Engineering."
1:15:12,1:15:27,"Ja ću kroz svoje predavanje iznijeti osnovne fakte i činjenice, onda ću iznositi stvari koje su se promijenile, a onda ću se vrlo rado osvrnuti na neke publikacije koje nisu znanstvene, koje su tvrdile nešto, a koje je znanost recimo pobilo."
1:15:27,1:15:32,Jer moraš ljude upoznati da postoji i druga strana i da koristi ista.
1:15:32,1:15:34,"Pa ajmo ovako, kad hoćeš nešto da prodaš."
1:15:35,1:15:37,Što kaže skupina znanstvenika utvrdila?
1:15:39,1:15:43,"Na reklami stavi čovjek u bijelom mantilu, stavi ga s naočalama ako si mudar."
1:15:44,1:15:46,"Sada ovo govorimo, znači, ne mogu."
1:15:46,1:15:47,Da li će to neko reći?
1:15:48,1:16:01,"Ne, stavi dvije žene, stavi tri muškarca, stavi jednog sa azijskim porijeklom, stavi jednog, tamnoputoga, stavi jednog, vikinga, stavi ovoga i oni svi gledaju u bijelim mantilima oko nečega i imaš dojam da je to to."
1:16:01,1:16:02,To je prezentacija.
1:16:03,1:16:11,"E sad, ja sam stvarno, sve to o ljudima koji mi kažu, vidio sam, čuo sam profesora Lalucek kako reklamira vin."
1:16:11,1:16:12,Je li to istina?
1:16:12,1:16:14,"Ajga, molim te, pitaj može li li jeftinije da mi prodaje?"
1:16:14,1:16:16,"30 eura je, možda za 20."
1:16:16,1:16:17,Živa istina.
1:16:17,1:16:25,"Ali, gledajte, to su superinteligentni, dragi ljudi koji nisu se do tada susrrtali sa artificial intelligence konceptom."
1:16:26,1:16:31,Kako to da vi na institutu za antropologiju toliko engleskog koristite?
1:16:31,1:16:32,"Ne, ne, ne, ne."
1:16:33,1:16:34,Sad ću vam.
1:16:34,1:16:35,Sada govorim tebi.
1:16:35,1:16:37,"Ne, ne, sve ovo je vama."
1:16:37,1:16:38,"Znači, sad ću ja reći nešto što."
1:16:39,1:16:41,"Da li u radu, stvarno, pričate mi."
1:16:41,1:16:48,"Pa, dosta mi engleskoga koristimo zato što većina naših znanstvenih radova i prezentacija na kongresima je na engleskom."
1:16:49,1:16:58,"Ja sam se uhvatio u tog tih anglicizama, ono kopijam plote zato što jako puno ljudi mi komentira to i meni je sociološki zanimljivo promatrati te kritike ljudi."
1:16:59,1:17:03,"Neki kažu vidite da ste pametan, neki zaboravio je naš jezik."
1:17:04,1:17:06,"Ne, meni je koncept vrlo jednostavan."
1:17:07,1:17:17,"Rekli ste da imate regionalnu publiku i ljudi iz regionalne publike će shvatiti da ovo što ja pričam, posebno ljudi iz Hrvatske, nije onaj književni hrvatski jezik."
1:17:17,1:17:19,"To nije zato što ja ne znam, ne volim itd."
1:17:20,1:17:21,"nego vrlo jednostavno, ja 50%."
1:17:21,1:17:22,To je zbog epigenetike.
1:17:23,1:17:31,"To je zbog toga što ja pričam bosanski, ali ne onaj bosanski koji neko bi volio da prikaže, nego to je, ja to zovem sarajsko-bosanska varijanta."
1:17:32,1:17:39,"Dosta dobro pričam i hrvatski zato što po ocu sam dosta toga povukao hrvatskoga, znam malo i srpskoga itede U stvari o jeziku ja pričam je takav kakav jeste."
1:17:40,1:17:43,I često mi kolege ispravljaju i to je točno i treba.
1:17:43,1:17:48,"I kad sam u Hrvatskoj i kromosum i kemija i kemikalije, sve je to ok."
1:17:49,1:18:02,"Džaba, ja sam na kromosumu, kemikalijama, ali kad pišem o zvončanju, nerijetko nije nikakva laž da kada pišem neki zvončani dopis, zamolim kolegice i kolege da dobro pregledaju da li je moj hrvatski bio takav kakav jeste?"
1:18:03,1:18:14,"Mi jednostavno sam naviklom, dugo vremena predajem na engleskom, ja sam dugo vremena predavao sam i komunicirao sa ljudima izvan Hrvatske, izvan beiha izvan regiona i često koristim engleski."
1:18:14,1:18:20,"Nekako je lakše u sporozumijevanju, to vam ostane s tim što u genetici vam nerijetko ostanu termini koje vi ne možete ni da prevedete."
1:18:21,1:18:24,"Znači, ja nisam siguran kako bi vam ja splicing preveo, a da bude točno."
1:18:24,1:18:37,"Ja nisam siguran kako bi, vidio sam neke hrvatske prijevode primjera u PCR-u što se koriste, nisam siguran da su oni precizni, od početnica, klice itede pa ja kako sam naučio."
1:18:37,1:18:39,A engleski je puno efikasniji jezik nego engleski.
1:18:39,1:18:48,"Imamo mi ljude na institutu koji je mnogo bolje i mnogo manje koriste engleske riječi od mene, ali bitno je da se sporazumijemo."
1:18:49,1:19:09,"Ja sam samo htio malo iskomentirati, htio bih samo nastaviti na ono što smo započeli, a to je to kome vjerovati, to je pitanje obrazovanja, neformalnog obrazovanja itede Meni se čini da nekako u današnjem svijetu moramo paralelno držati dvije krajnosti, ono simultano doslovce, otvorenost i zdravu skepsu."
1:19:10,1:19:16,"Definitivno, to je ta šizofrenija koju smo počeli pričati, ja sam to rekao u forenčnoj genetici, ne znam da sam dovoljno dobro pojasnio."
1:19:17,1:19:20,"Znanstvenik voli improvizirati, u forenčnoj genetici nema improvizacije."
1:19:20,1:19:28,"Ako niste dobro procedure koristili, ako niste koristili procedure koje su propisane, vaš dokaz na sudu će neko boriti zbog proceduralnih razloga."
1:19:29,1:19:38,"Definitivno da, znači, skepsa je, kako kažete, zdrava skepsa je sasvim ok, prisutna je u znanosti, ali znate što je dobro?"
1:19:39,1:19:40,Autoskepsa je fenomenalna stvar.
1:19:41,1:19:50,"Budite skeptični uvijek prema svojim rezultatima, nešto si nesiguran, nešto ne vjeruješ, nego uvijek ih preispituju ne bez razloga, nego u smislu.lu dolaska novih činjenica."
1:19:51,1:19:53,"Kažem vam još jednom, vratimo se na to."
1:19:55,1:19:56,2005.
1:19:56,1:20:06,"ja sam radio doktorat, mentori su bili profesor Hađemoć, profesor Takan Primorac, ta cijela ekipa i mi smo ispričali nam priču o Y kromosoma, o porijeklu naroda u BiH."
1:20:07,1:20:08,2014.
1:20:08,1:20:15,"godine ja sam mentor doktorata, ja sam to radio, sad ću vam reći na 28 biljega pozicioniranih na Y kromosom, objasnit ću."
1:20:15,1:20:33,"Ali ja sam bio mentor doktorata 12 godina poslije gdje je moja studentica Kovačević-Lila radila sličnu stvar na 28 tisuća biljega.ega po cijelome genomu, gdje je dobrim dijelom potrdila naše rezultate, ali pokazala u jednome segmentu da naše zaključice tu ne privode."
1:20:34,1:20:35,Koja je razlika?
1:20:35,1:20:45,"Ja radio na 28 biljega, na Y kromosom u jednom dijelu genoma, jednom od 46, a kolekcija je radila na 28000 biljega po cijelom genomu."
1:20:45,1:20:46,Kome više vjerovati?
1:20:46,1:20:48,Čiji bi rezultati bili informativni?
1:20:49,1:21:01,"Ja tu i kažem, ta sreća je da su vaši studenti bolji od vas i između ostaloga zasnovana je na tome da vi uvijek imate i da prihvate s njihove rezultate određenu dozu skepsi."
1:21:01,1:21:09,"I to nije nesigurnost, da pač ja sam uvijek siguran u ono što pričam, ali prihvatam da će neko sa drugim činjenicama, ti sa drugim činjenicama, da će me demontovati."
1:21:09,1:21:14,"I neću biti problem da kažem, čeka malo, OK, ima šače argument u pravu."
1:21:15,1:21:15,To je sasvim OK.
1:21:16,1:21:23,"Zapravo, cijeli naš svijet je, nažalost ili na sreću, puno dobroga proizašlo iz toga i puno lošega."
1:21:25,1:21:41,"Suprostavljene stavovi, suprotstavljene ideologije u svim smjerovima, u svim poljima ljudskog života i zato, nažalost, toliko konflikata danas uvijek može biti individualno različit i tako dalje."
1:21:42,1:21:44,To je neki moj komentar.
1:21:46,1:21:47,Ne moraš niti ti raspakirati to.
1:21:48,1:22:00,"Ne bih ti raspakirala, ali znaš, sukobi, ja malo kad posmatram povijesti, ali ono što čitam, gubi su dio nas kao sazrijevanja koje evolucije vrste."
1:22:00,1:22:02,Ništa nisu neobičajene.
1:22:02,1:22:08,"Ako neko misli da ćemo doći u momena da nema sukoba, nažalost, mislim da to još nismo blizu tog stanja."
1:22:10,1:22:13,"U svakom slučaju, ružno je reći, ali dio je prioriteta."
1:22:13,1:22:13,"je rečao, ali dio prirode."
1:22:14,1:22:17,"Kompetitivnost je dio prirode, borba za resurse je dio prirode."
1:22:17,1:22:23,"To je sad bio antropološki dio, nekada su ti resursi nafta, zlato, nekada možda u budućnosti voda."
1:22:24,1:22:28,"Zanimljivo će to biti u svom slučaju, ne treba da nas iznenađuje."
1:22:28,1:22:33,"A uvijek je bilo sukoba, sami su sada informacije mnogo dostupnije svima nama."
1:22:33,1:22:45,"Pa nisam sigurna da je prije stotinu godina moja baka znala da se baš ratovalo negdje u srednjoj Europi, moja baka iz tog čuntečkog Prnjavora, da se ratovalo negdje u srednjoj Europi."
1:22:45,1:22:57,"A vidite, sada ja odavde iz Zagreba znam šta se dešava na granici izmemeđu Tibeta i Kine, šta se dešava u Hormuzu ili bar mislim da znam šta se dešava u Ukrajini, šta se dešava na Bliskom istoku."
1:23:01,1:23:20,"Ono što je činjenica što sad trenutno nije nam lako dostupno, recimo opet da se vratimo na ovo informiranje i na tu istinu takozvani, fake news, možemo uzeti sad političko društveni događaj, rat između Amerike i Irana."
1:23:21,1:23:57,"Uglavnom kad se informiramo oko tog događaja, mi se informiramo kroz i mainstream i alternativne medije sa zapada, bilo to Evropa, Amerika itede Rijetko mi imamo priliku proučiti informacije ili konzumirati informacije od medija, bilo mainstream ili alternativnih iz Kine, iz Indije, iz Rusije, iz Afrike itede Mi smo, znači, stalno je naš taj, kako kaže profesor Predrag, bitno je da znamo što nam je ulaz informacije."
1:23:57,1:24:01,Nama je ulaz informacije zapadna informacija i zapadni stav.
1:24:02,1:24:05,"Tko hoće da pronađe informacije, pronaći će informacije."
1:24:05,1:24:07,"Znači, bez ikakvog."
1:24:08,1:24:09,Imam intuitivno da to radimo.
1:24:10,1:24:11,Zavisi.
1:24:12,1:24:13,"Znanstveniku jeste, znanstvenik to mora."
1:24:14,1:24:16,A vi meni možete sad servirati neku informaciju.
1:24:17,1:24:26,"Ja mogu klima glavom i reći, OK, cool, ali ako me u istinu interesuje da vidim, ja ću provjeriti tu informaciju i sa jednog i sa druge strane."
1:24:27,1:24:34,"Ne ulažeći stvarno, nisam ni politolog, niti sam ekspert u oblasti analize sukoba."
1:24:34,1:24:37,"Meni je uvijek simpatično, nedavno."
1:24:37,1:24:49,"Nedavno sam čitao, baš je to i u tim mainstream medijima gdje je velika stvar da je jučer prošlo osamnaest milijuna barela nafte, slažem se, a da je u prosjeku bilo dvadeset ali u miru."
1:24:49,1:25:01,"Znači, jedan sam prikazao da je to veliki uspjeh ekipe koja je to obezbjedila zato što je bombardovala neke tamo dijelove neke zemlje i sprječavala one koji su sprječavali to da to spriječe."
1:25:01,1:25:09,"Ja kažem, okej to je super, ali prije samog početka rata bez ikakvih problema je prolazilo dvadeset milijuna nafte pa ne vidim kako je to dostignuće primjera rata."
1:25:09,1:25:11,Tako možete i to posmatrati.
1:25:11,1:25:18,"Nužno ne zauzimajući ni lijevu ni desnu stranu, zato što, kao što rekao, da bi zauzeo nešto konkretno, trebam dovoljno informacija."
1:25:18,1:25:35,"Ali ima nonsensa, ima informacija koje se plasiraju, koje meni su u toj modernoj diplomaciji jako malo sviđa ta Twitter diplomacija koja dolazi do toga da je bitnije kako si nekome na Twitteru spustio i odgovorio, a ne šta si radio za one ljude koji su glasali za tebe."
1:25:36,1:25:42,Meni se čini da je danas svijet jedan veliki rat za percepciju.
1:25:44,1:25:51,"Ogroman, ali ne samo u politici i u nekim drugim djelatnostima u biznisu što god nego i u znanosti isto."
1:25:54,1:25:56,Pitanje rate za percepcijom.
1:25:57,1:26:07,"Pričali smo na početku o genetici i o epigenetici itede Znači spomenuli smo one tri točke, genetika, okolina i interreakcija."
1:26:07,1:26:27,"I sad je pitanje na sve to što se događa u našoj okolini, koji su izvori što je fake news, što nije fake news, što je istina, jer svi akteri na toj razini nekako se bore za percepciju prosječne osobe iako te prosječne osobe ne postoji u konačnici."
1:26:27,1:26:32,Definitivno je prisutno toj dozi samobitnosti.
1:26:32,1:26:33,Sad ćemo povezati s tim.
1:26:34,1:26:36,Danas je jako lako biti u medijima.
1:26:36,1:26:38,"Ne kažem u medijima, ne u javnosti."
1:26:39,1:26:40,Da se malo korigiram.
1:26:40,1:26:40,Zašto?
1:26:40,1:26:42,Dovoljno je da imate Facebook profil.
1:26:42,1:26:43,Vi ste u javnosti.
1:26:44,1:26:47,"Dovoljno je na tom Facebook profilu osvrati samo jednu, dvije osobe."
1:26:47,1:26:49,"Vi ste u javnosti, koji je čuo na te dvije osobe."
1:26:51,1:26:55,Danas je jako teško priznati objektivne činjenice.
1:26:56,1:27:03,"Vi imate pregovore u kojima obje strane potpisuju da su ostvarili sve svoje ciljeve, što je nemoguće."
1:27:03,1:27:06,Imate ratove koje završavaju u kojima su obje strane pobjednici.
1:27:07,1:27:13,Imate to isto kao da je utakmice na kojima obje strane obratima pobjeđuju.
1:27:14,1:27:21,"Znači, vi znate realno na terenu da je to nemoguće, ali s druge strane to se tako može prikazati."
1:27:21,1:27:36,"Evo vam mali primjer, uvijek se šalim, brat moje supruge Katarine Zoran, uvijek bi se šalio, kaže, kad izgubimo 4-1, 4-0 vode ljudi u prvom poluvremenu, a onda mi damo jedan goal u drugom poluvremenu."
1:27:37,1:27:38,kaže neriješeno.
1:27:38,1:27:41,"Odnosno, danas smo pobjedili prvo poluvremeno i nije drugo poluvremeno."
1:27:41,1:27:44,"E sad dolazim, to je nonsens, mi znamo da je četiri jedan."
1:27:44,1:27:54,"Ali u politici, u ovoj Twitter politici, kad kažem Twitter, neka me nitko pogrešno razumije, društveno mrežnoj politici, TikTok politici, kako god hoćete, svi moraju da pobjede."
1:27:55,1:28:04,"I to je tako simpatično, opet se vraćam na taj rat, malo mi taj, to sam jutros pročitao prije nego što sam krenuo na posao pa sam prvi put se slatko nasmijao."
1:28:04,1:28:10,"Veliko postignuće, uspjeli smo bezbjediti da kroz taj prolaz prođe osamnaest milijuna nečega."
1:28:10,1:28:27,"Kroz taj isti prolaz prije tri mjeseca, četiri mjeseca je prošlo dva dvadeset milijuna nečega bez ikakvog utroška municije, vašeg napora itede itede prestalo je prolaziti kad ste vi reagovali na to i uzrokovali da druga strana to podvuče."
1:28:27,1:28:28,Sam mi objasnite gdje je uspjeh.
1:28:30,1:28:33,I sad je pitanje zašto je ta najtežija informacija točna koju ste vi počeli?
1:28:34,1:28:35,"Evo, to je to, to je to, to je to, to je to."
1:28:35,1:28:39,A sad ti na osnovu toga zapravo krojiš nekakve svoje stavove u javnosti.
1:28:40,1:28:40,Ne vezano za politiku.
1:28:41,1:28:42,Svi mi htjeli to priznati ili ne.
1:28:43,1:28:48,"Ne, meni samo sam u tome bilo zanimljivo da kažem, nadam se kako ljudi razmišljaju i znate koji je princip tih ljudi."
1:28:49,1:28:51,"Ljudi ljudi kratko pamte, bombardovat će te informacije."
1:28:51,1:29:26,"Evo ja ću sad izdvojiti neku informaciju koja će biti politički nekorektna, neku ćemo različitim društvenim mrežama reći mi da je ovakav i onakav stav, nakon dvadeset četiri sata dešće se nešto drugo dešće se neki požar dešće se neka poplava dešće se da smo pobjedili u nogometu neki transfer i ljudi zaborave ljudi imaju kratko pamćenje ja kažem pamćenje zelene salate ali pamtimo mi ono što nam treba ja kad se svađam s tobom ili kada se svađam kada se razmjenjuje mišljenje sa suprotnom pošto mi nikada ne svađamo vrlo lako mi izlazimo što je bilo petog kolovo za 2012."
1:29:27,1:29:28,Tada se sjećate.
1:29:29,1:29:33,"Ali u biti, kako ti odgovara ili ne odgovara, i tako modificiraš."
1:29:34,1:29:36,Mislim da u ovoj cijeloj priči definitivno to smo mi.
1:29:37,1:29:38,Mi smo takvi kao vrsta.
1:29:38,1:29:45,"Ali zanimljivo je da svaka generacija, svaka epoha nosi jedan dio te priče."
1:29:45,1:29:50,Ja bih volio da živim i siguran sam da živim u ovoj epohi uspjeha zvanosti.
1:29:50,1:29:52,Evo opet malo kontroversije.
1:29:52,1:29:56,Neće se neki od vaših gledatelja složiti s mi.
1:29:57,1:30:01,"Što se tiče pandemije, svi su podbacili, osim znanstvenika."
1:30:01,1:30:03,Znanstvenici nisu.
1:30:03,1:30:05,Šta se tražilo od znanstvenika?
1:30:05,1:30:08,"Našli smo uzrok, našli smo uzrok."
1:30:09,1:30:12,"Našli smo metodu da detektiramo taj uzrok, našli smo metodu detektiranja."
1:30:13,1:30:20,"Nađite nam tretmane, doktori su pronalazili tretmane, riješite problem sa vakcinom, ljudi su to radili."
1:30:20,1:30:22,Znanstvenici su dali to svoje.
1:30:22,1:30:28,Jedino gdje su znanstvenici podbacili i upravo toj priči što nije bilo na društvenim mrežama nije se ndeslo.
1:30:28,1:30:32,"Mnogo prije su ljudi izlazili na društvene mreže, oni i drugi koji su drugačije prezentirali."
1:30:32,1:30:34,Ne nego bilo bi puno cenzure isto.
1:30:34,1:30:35,O to da.
1:30:35,1:30:44,"U to puno cenzure, mislim sad je to sve u Americi na sudu, njihov doktor Fauci itede mislim tko zna što će izaći iz toga."
1:30:44,1:30:48,Mislim neki slučajevi se nikad neće ni riješiti kao što se nije Jeffrey Epstein slučaj još uvijek.
1:30:50,1:30:57,"U ratu imate ratno profiterstvo, u pandemiji imate pandemijsko profiterstvo, to je tako kako je, ali to ne treba da baci jagu na znanost."
1:30:57,1:31:04,"Vi ste tražili od nas da nađemo metodu, mi ga nismo našli tada nego smo stari metodu iskoristili i dali odlučno rješenje."
1:31:04,1:31:05,To se zove PCR.
1:31:05,1:31:06,I završavam na priječju.
1:31:07,1:31:18,"Mislim da su ljudi danas nepovjerljivi i skeptični prema velikom broju izvora, bilo da dolazi iz politike i iz znanosti, gdje god."
1:31:18,1:31:19,"Ajde, napravi test."
1:31:20,1:31:23,"Vjerovatno to radiš jer tko to ne radi, mislim da laži."
1:31:24,1:31:27,Na chat GPT-u na Džemina je postavio pitanje o sebi.
1:31:29,1:31:33,"Počinje se pitanje, evo ja ću o sebi, tko je Damir Marijanović?"
1:31:33,1:31:52,"I sad je tu informacija, postavlja konkretno pitanje, da li je Damir Marijanović radio to je tu, onda ćeš izbaciti ta ta, onda pogledaj koji su to reference, da li je to portal, da li je to pseudo portal, da li je to blog, da li je to blog bivšeg tvojeg prijatelja, bivšeg tvoje djevojke, nekoga koji je slovo nekada, itede itede."
1:31:52,1:31:57,"I kroz deset pitanja ćeš ti natjerati Džemina da kaže da si najveći, najpametniji, da si superlik."
1:31:58,1:31:59,"Znači, zašto?"
1:31:59,1:32:13,"Zato što skuplja informacije iz različitih koje su sad dostupne, koje mogu biti čak, evo sad se vraćamo na onaj princip, svi sudjelujemo, nikada nije bilo lakše, javnosti, kroz Facebook profile i Facebook objave vi možete oblikovati mišljenje jedno, 50, 20, 30, 40."
1:32:13,1:32:20,To je jedan novi svijet za koji uopće ne znamo kako će izgledati informiranje kroz te takozvane.
1:32:22,1:32:23,Najveći problem je bez odgovornosti.
1:32:24,1:32:25,Bez odgovornosti.
1:32:25,1:32:27,To je tako zaznata priča.
1:32:28,1:32:32,Novinari profesionalni i mediji profesionalni i ti imate odgovornost.
1:32:33,1:32:35,Facebook status je jako teško dokazati.
1:32:35,1:32:39,To sam ja rekao da je izbacio status da će sutra biti smak svijeta.
1:32:40,1:32:46,"Ili je neko na mom Facebook profilu izbacio, pa će novine proslijedovati dok da je rekao da će biti sutra smak svijeta."
1:32:46,1:32:54,"Veliki broj ljudi će možda povjerovati, s obzirom da znaju ime i prezime, može čak učiniti neku reakciju koja neće biti dobra."
1:32:54,1:33:01,"Mislim, postoje krajnosti, recimo maska kao vlasnik po novom platformu."
1:33:01,1:33:09,"ponovo platforme x prije Twitter, on je rekao da će njihova platforma funkcionirati samo u okviru onoga što je zakonski regulirano."
1:33:10,1:33:11,Tako se on izrazio.
1:33:12,1:33:28,"es druge strane, ja sad ne znam da li je ovo istina, ali to su informacije koje sam ja konzumirao, pa ih uzima sa zadrškom da u Velikoj Britaniji recimo naprimjer u ovom trenutku jako puno ljudi se hapsi radi svojih izjava na društvenim mrežama."
1:33:28,1:33:33,"E sad to su ta dva sukobljena svijeta, dva sukobljena stava oko nečega."
1:33:33,1:33:34,Evo ovako.
1:33:34,1:33:39,Sad je pitanje da li uopće ta osoba koja je uhapšena možda u Engleskoj negdje ili u Japanu.
1:33:39,1:33:46,Da li je ona zapravo prekršila ikakav zakon ili samo govori o nečemu s čim se možda trenutno vladajuća garnitura ne slaže?
1:33:47,1:33:53,"Vrlo jednostavno, kao i u znanosti, tako i u svijetu, barem moje viđenje ne mora se apsložiti."
1:33:53,1:33:55,Jako malo stvari je crno ili bijelo.
1:33:56,1:33:58,"Većina je siva, da ne kažem 50 nijansi je siva."
1:33:59,1:34:07,Ali pojem tu tome je da u tom sivome treba dobro razgraničiti koliko je crnoka koliko je bijeloka.
1:34:07,1:34:09,"Bez obzira smatramo što je pozitivno, što je negativno."
1:34:10,1:34:21,"Hajmo evo ako uhapsite mene u Facebook status, Facebook status u kojem ja kritiziramo neku vlast i uhapšim je vlast, a ja sam i objektivno kritizirao zbog nečega."
1:34:21,1:34:39,"Znači, to je već represija, uništavanje slobode govora itede itede Ako ja svojim Facebook statusom naginam, zato koristim svoj utjecaj i maloljetnog dječaka ili djevojčicu da počine neki kriminal, je li onda opravdano da mi uhapšite?"
1:34:40,1:34:48,Jako je tanka granica onoga što zove sloboda govora i govor mržnje i iskorištavanje tog prostora slobode govora.
1:34:48,1:34:51,"Tako da ja to govorim sada sa jednog aspekta, sad ću biti jako iskren."
1:34:52,1:35:05,"Nećete me naći na društvenim mrežama, a bio sam izuzetno aktivan u nekome periodu do prije četiri pet godina što nije loše jel na tom nekom Facebooku, to je moja generacija, mi maturi to koristimo, ovi mlađi to i ne znaju da postoji."
1:35:06,1:35:27,Imao sam dvadeset pet tisuća pratitelja nikada nisam ništa sponzorirao i ostalo jednostavno u deset godina smo to napravili onoga momenta kada sam vidio da to više nije prostor u kojem mogu plasirati na način informacije vjerodostojne provjerljive iivi način na koji komunistar više nije bio popularan.
1:35:28,1:35:31,Ja sam rekao da na društvenim mrežama ja više nemam što da traži.
1:35:32,1:35:40,"Ali zato institucijski, institucijski treba zauzeti stav jer gledajte mi kao institucije znanstvene tehnologije imamo društvene mreže."
1:35:40,1:35:40,Zašto?
1:35:41,1:35:44,"Zato što, kako kažu, ako nije bilo društvene mreže, nije se desilo."
1:35:44,1:35:59,"Mi te društvene mreže ne koristimo da promoviramo da smo lijepi, divni i pametni, nego nerijetko objavljujemo i znanstvene članke iz naših, koje smo i radili, mi ako je netko drugi radio jer želimo da i u tom prostoru damo prostora stvarnoj pravoj znanosti."
1:35:59,1:36:08,I to su zapravo posrednici To se zove odgovorno komuniciranje preko društvenih mreža.
1:36:08,1:36:14,"Nisam sigurna da to se koristi posebno u eri botova, u eri lažnih niknemova i svega ostaloga."
1:36:15,1:36:15,To je tako.
1:36:16,1:36:18,"Da, bit će nam zanimljivo u budućnosti."
1:36:18,1:36:22,Čisto samo da ljudi ne bi mislili da smo skrenuli sa teme.
1:36:23,1:36:28,"Ja mislim da smo i dalje itekako na temi, pogotovo kad pričamo o genetici i epigenetici."
1:36:28,1:36:43,"Jer pričamo o epigenetici, jedan veliki dio te epigenetike je vjerojatno i to neformalno obrazovanje koje ste vi spomenuli više puta, pa isto i ovo informiranje kroz te, to više nisu ni društvene mreže iskreno."
1:36:43,1:36:47,Znači prije su za početak i te ideje bila društvena mreža.
1:36:47,1:36:54,"Ja pratim Damjera Marijanovića, on prati mene, mi smo poznanici, prijatelji i nešto, to više uopće nije ta razina."
1:36:54,1:37:01,Ja pratim sad ne znam nekog čovjeka kojeg u životu nisam vidio ili pratim neke institucije gdje nikad nisam bio u doticaju s nekim.
1:37:02,1:37:02,Šta hoću reći?
1:37:03,1:37:07,Hoću reći zapravo da je to sve jako veliki i bitan dio te epigenetike.
1:37:08,1:37:20,"Znači svo to informiranje, svo to neformalno obrazovanje itede Da ne bude samo zabuna, ovaj genetičar još uvijek zna da mi genetičari kroz epigenetiku prvo pričamo o metilacijama, o vezivanju za histoniju itd."
1:37:21,1:37:30,"Ali ja prihvatam da sve ono što je u suradnji sa genetikom, sa nasljeđem, možemo tako okvirno da kažem kao epigenetika."
1:37:30,1:37:32,Slažem se u potpunosti.
1:37:33,1:37:43,"Evo sad ovako, kao jedna od osoba koja je bila, znate kako u našem mainstream imate svjetla, strana je tajna strana, tajna strana je obično politika kakva god je."
1:37:44,1:37:50,"Ja vjerujem da je većina ljudi koji koriste društvene mreže svjesna da prilikom pripremanja neke kampanje, neke političke stranke."
1:37:51,1:37:57,"A vi imate eksperte koji vam doslovno kažu, Twitter ti je za svađanje, koristi ga za to, to, to i to, itd."
1:37:58,1:38:13,"Facebook ti je za storytelling, Instagram ti je da ju bacite neku sliku podijeliti, gdje ljudi koji su u politici uče kako da koriste, upotrebljavaju, a ako smijem reći, i zloupotrebljavaju društvene mreže za svoje osobne ciljeve."
1:38:14,1:38:33,"I u krajnjem slučaju, spomenuli ste sad jednu osobu, to je fenomenalno, preko će sam naletio, najzanimljivije je koji je najbogatiji čovjek na svijetu, onaj koji ima najviše informacija i kad je to bogatstvo skupljaju kako je skupljaju prema trenutno najpopularnijoj, htjeli mi to reći ili ne, ono što je u društvenoj mreži ili platformi, zovete kako ga toćete."
1:38:34,1:38:58,"Tako da to je bilo tako da ja se uvijek sa mojim kolegama, prijateljima, dragim svećenicima, govorim oko priče, oko ispovijedi i svega ostaloga gdje mnogo toga mogu prihvatiti, a ispovijed, po smatram između ostaloga, stalno može biti kao psihološka, terapeutska, ja to prihvatim kao znanstvenik, ali može biti vrlo lako ići u onome pravcu, želim da znam sve tajne jer onaj najmoćniji koji zna sve tajne."
1:38:58,1:38:59,E tako je i u ovoj cijeloj priči.
1:39:00,1:39:02,"Tko kontrolira medije, mnogo toga dobija."
1:39:03,1:39:14,"Informaciju o tome da sam ja kriminalac ili da si ti kriminalac je fond 56 na prvoj strani, da imam u tome obično tri i pol godine poslije, sa fondom 8 na 93."
1:39:14,1:39:15,stranici.
1:39:15,1:39:27,"Mislim, jako veliki ratovi se vode, da se tako izrazim, isto i oko te takozvane privatnosti, pogotovo među tim velikim tehnološkim kompanijama."
1:39:28,1:40:04,"Jer ovo sve što smo mi do sada, recimo na društvenim mrežama, takozvanim, radili, objavljivali kao individue, kao korporacije, organizacije, što god, je bilo javno i te su medijske, tojest tehnološke kompanije koristile te podatke za svoju analizu, za marketinšku prodaju, bla bla itede Ono što je strašnije sad, još strašnije od tih društvenih mreža zapravo su ti LLM-ovi, tojest ta umjetna inteligencija koju ste spomenuli, i UCGPT, Claude, Anthrop, što god."
1:40:06,1:40:12,"Tu više nije pitanje samo onoga što ćeš ti javno ostaviti kao nekakve, ljudi su malo oprezni ostaviti nešto javno."
1:40:13,1:40:23,"Ovdje ti privatno to ostavljaš anonimno, niko to ne vidi javno kao objavu, da ostave svoje misli, svoje ideje."
1:40:23,1:40:27,"Mislim, to je strašno ako se to bude zloupotrebljavalo."
1:40:27,1:40:44,"Svako koji je ostavio jedan Facebook status, po mom mišljenju, opet nisam ekspert, ne zaboravite da je genetičar priča, svako koji je ostavio barem jedan status na, originalni, na Twitteru, na Facebooku, na Instagramu, bilo gdje drugo, on više nije anonim."
1:40:44,1:40:45,Završena priča.
1:40:46,1:40:54,On je ostavio svoj digitalni biljek u cijeloj priči koji može biti nekada možda s neke strane biti potrebe.
1:40:55,1:40:56,Ja to često povezujem ovako.
1:40:56,1:40:59,"Kada me pitao vezano za forencu genetiku, šta je moj posao?"
1:40:59,1:41:02,Ja kažem da dobijem nešto skoro nišćega.
1:41:02,1:41:14,"Ili u prijevodu, sada sjedimo za ovim stolom, ti si tu, mogu dokazati bez ikakvih problema da si tipio tu čašu jer ću sa ruba te čaše skinuti dovoljan broj stanica u tvojem biološkom tragu."
1:41:15,1:41:17,"Usporijeću sa tobom, oni će se poklapati, to je tu."
1:41:18,1:41:24,"A onda kažem, nemojte me ljuti jer ja bez ikakvih problema sada mogu da skupim biološke tragove koje ste nesvjesno stavili."
1:41:25,1:41:27,"Evo, ti si čaš ostao to neosvijestno."
1:41:27,1:41:29,"S druge strane, ti ćeš baciti čaš i reći, šta će sad?"
1:41:29,1:41:32,"A ja ću reći, samo pomiri ruke i skupi čaš dovoljno."
1:41:33,1:41:35,"Znači, zašto to povezuje sa ljudima?"
1:41:35,1:41:45,"Tvoje postojanje u ovoj prostoriji, tvoje kretanje u ovoj prostoriji je dovelo do toga da si ostao veliki broj bioloških tragova koje ja mogu upotrijebiti, a ne da je bože zlopotrijebiti."
1:41:46,1:41:53,"Uzeti taj trag, prenijeti ga na neki nož ili na neki pištolj koji počne neko kriminalno djelo i tu smo gdje smo."
1:41:53,1:41:55,"E tako i sa Facebookom, tako i sa informacijom."
1:41:56,1:42:14,"Ja sam siguran, posebno ljudi koji su u medijima poput tebe, a evo i u javnosti koji se pavljujuljaju koliko toliko poput mene, mi smo sami odabrali da budemo izloženi, da nam neko nekada stavi riječ u usta, neko nekada napravi video gdje ću ja pričati sve ono suprotno što u biti ja nisam."
1:42:15,1:42:16,E zato se vraćam na obrazovanje.
1:42:17,1:42:19,Mi moramo pronaći model i način.
1:42:19,1:42:34,"Neće to biti predmet fake, no fake news, nego će to biti u svakom modelu i konceptu obrazovanja, svakom predmetu upozoravati mlade ljude da provjeravaju činjenice i da ne padaju na prvu."
1:42:35,1:43:32,"A tempo života te te rada pa daš na prvu da bi se svidio djevojci, da bi bio zanimljiv u svojoj supruzi kad radiš posla moram baš šest naslova da nekada u komunikaciji kažem ali ako vrlo lako će me netko demantrirati ako je to neki fake news jer to je tako kako jest, znači moramo pripremiti klince na to da budu spremni za dvadeset jedan stoljeće koje je sada ne za budućnost nego za sada kad bi išao distelirati ili napredovati tezu svog znanja svog osobnog kroz svoju stručnu karijeru ili kolega sa instituta za antropologiju ili onako učinio to praktičnim i svakodnevnim, što bi poručio gledateljima našim sada, s obzirom na znanje o čovjeku i svemu koji imate, onako kao neko praktično znanje za svakodnevni život."
1:43:32,1:43:35,"O nama kao vrsti ili o sebi kao sebi, o čovjeku kao individu."
1:43:36,1:43:37,Čovjeku kao vrsti.
1:43:38,1:43:42,"Što, znači jedna informacija koja bi mogla popraviti kvalitetu života."
1:43:42,1:43:53,"Biološki gledano je jedna divna biološka vrsta koja je pronašla način da ovlada mnogim ekosistema na planeti Zemlji mnogo više nego druge vrste, znači evolutivno gledano, jako smo uspješni."
1:43:53,1:44:08,"Kada nam je sivi dan, kada mislimo da nam se ništa nije poklopilo, kada mislimo da ne može gore, odmah se sjetite da ste uspješni rezultat evolucije i da svi prije vas su ostali dovoljno genetičkog materijala da vas kreiraju tu gdje jesu, pa se nasmiješite."
1:44:08,1:44:13,"Znam da se ovo zvuči kao ono sa bočica, neke flaše vode itd., ali to vam je točno."
1:44:13,1:44:14,To je točno.
1:44:14,1:44:23,"Vi ste, recimo se treći put govorim, u vašem genima i vašem genetičkom materijalu nisu zapisane samo ono što su vaši roditelji kreirali, što je na njihovoj nivou kreirano."
1:44:23,1:44:31,U vašem genima i vašem genetskom materijalu zapisana najljepša knjiga evolucije od prvoga organizma pa ovamo gdje jesmo i šta jesmo.
1:44:33,1:44:55,"Imamo mnogo toga da budemo optimistični, ali imamo mnogo toga da se zabrinemo jer vrlo često nepromišljeno kao vrsta djelujemo i vrlo smo sposobni da čak i dobro osmišljene stvari pogrešnim upotrebama i tumačenjima obesmislimo i zloupotrebimo."
1:44:55,1:45:02,"Ja tu uvijek volim reći, znate uvijek je priča kada govorimo o genetici, idemo na GMO, genetski modificirane organizmi, za, protiv."
1:45:02,1:45:42,"Devedeset posto ljudi će reći ne, devedeset pet posto ljudi će reći ili za ili protiv bez pretiranoga razmišljanja i bez dovoljno informacija a pet posto će reći kada se malo informira tu griješim ja često upotrebljavam uspoređujem genetiku i ono što genetika sad može od kloniranja molekularnoga kloniranja prenatalne diagnostike krispska znanja devet tehnologije editovanja gena sve je to uspoređeno sa nuklearnom energijom nuklearna energija je predivna čista energija koja svašta može nam riješiti a s druge strane sjetimo se kako se kako je prvi put bilo upotrebljena i kakve probleme nosi i koliko nismo razmišljali posljedicama svega toga."
1:45:43,1:45:49,"Trebamo učiti, kada kaže trebaš učiti povijest, ne treba živjeti u povijesti, nego učiti povijest da ne ponavljaš greške."
1:45:50,1:45:53,"E tu imamo mali problem, volimo da ponavljamo kao vrsta greške."
1:45:54,1:46:12,"I vrlo jednostavno, rekao bih uživa i što si čovjek, uživa i što si dio ove vrste, budi oprezan s onim, baš zato što si čovjek, što si toliko uspješan, jer uspjeh ponekada može dovesti tamo gdje ne treba, jer pogledaj, mnoge civilizacije su propadale, pre nas mnoge dominantne vrste više ne postoje."
1:46:13,1:46:18,"Ova planeta definitivno ne postoji isključivo samo zbog nas, kako mi to kao genetičari znamo."
1:46:20,1:46:25,Sad smo ušli u nivo genoma fosila i nivo vrsta koje su postojale prije nas.
1:46:26,1:46:31,Saznali smo svašta o neandertalcu i saznali smo da je neandertalac u nekom konceptu čak preživio u nama.
1:46:32,1:46:36,"Ima nas 1-3 posto neandertalca, imamo u svakoj populaciji sjevernije od Afrike prema ovamo."
1:46:37,1:46:42,Ali se onda možemo zapitati zašto više nije u tom konceptu prisutan kakav jeste.
1:46:42,1:46:56,"Stvari se mijenjaju, a mi moramo biti svjesni tih promjena i moramo biti svjesni da sami proizvi kao vrsta možemo poprilično utjecati na ono što se dešava oko nas i kako ćemo oblikovati svoju dalju buduću evoluciju."
1:46:57,1:47:06,"Kako gledate kao stručnjak, a kako gledate kao osoba iza tog identiteta stručnjaka na smrt?"
1:47:08,1:47:09,To je neminovna stvar.
1:47:10,1:47:13,"Kako kažu, sve što se rodi mora i umire."
1:47:13,1:47:16,Definicija ontogeneze je vrlo jednostavna.
1:47:16,1:47:19,"Antropologiji vrlo često imate spomen, ontogeneza filogeneze."
1:47:20,1:47:26,"Filogeneze je razvoj jedne vrste, ontogeneze je razvoj jedne individu od početka pa do kraja je završena priča i sad će se neko nervoziti."
1:47:27,1:47:30,"A biološki gledano početak je kada sperma to zove sretna jedna čelina, nastane zigot."
1:47:31,1:47:37,"A biološki opet gledano, u tom antropobiološkom, biantropološkom smislu, kraj je smrt."
1:47:38,1:47:39,Završena priča.
1:47:39,1:47:41,"Znači nešto neminovno, nešto će se desiti."
1:47:43,1:47:49,"Znanstveno gledano, volio bih da imam dokaz da ima nešto poslije toga, ali s druge strane nema ni dokaza da nema nešto poslije toga."
1:47:49,1:47:52,"Tako da kada umrem, vidjet ću otprilike tako kako jeste."
1:47:53,1:48:11,"Šal nastavno, znači to je prirodna pojava koja ima i svoje definicije, prestanak funkcije, organizma, vitalnih funkcija, medicinarače, rečem na jedan način, antropologe na drugi način, pa čak i neko rečakajte na akti rastu i poslije smrti, nisu prestali svi metabolički procesi, ja bi to posmatrao kao sastavni dio životnog ciklusa."
1:48:11,1:48:36,"Duboko se negdje nadam da možda ima nešto zanimljivo poslije, jer sam znatiženjem u toj cijeloj priči, mislim da ćemo u datu momentu pristupiti sa znatiženjem, ne sa nekim pretjeranim strahom, opet se vraćam na ono produžavanje života kojem uvijek slatko smo se nasmijali, ajmo im produžiti 30 i 40, ok, ali im je 140 i 150, sve što ima početak mora imati kraj biološki gledano, biološki kraj života definitivno je smrt."
1:48:38,1:48:38,Možda ćemo.
1:48:38,1:48:39,To je tako kako je.
1:48:39,1:48:40,Vidjet ćemo.
1:48:41,1:48:41,Znaš kako?
1:48:42,1:48:48,"Ne bi me iznenadilo da kad se to desi meni da kaže, ah, ipak to nije to."
1:48:49,1:48:50,Možda ima nešto drugo.
1:48:51,1:48:55,"Pazite, ja volim široko to posmatrati."
1:48:56,1:49:01,"Pogle religije to posmatraju kao reinkarnaciju, pojedine religije posmatraju da duša ostaje."
1:49:02,1:49:05,Opet govorim laičko tumačenje jer nisam ekspert iz filozofije.
1:49:05,1:49:06,Sve što je to meni zanimljivo je koncept.
1:49:07,1:49:09,Ne bi se ni malo buljalo da bude neko lepotirično na Himalayem.
1:49:10,1:49:18,"Niko je to nije dokazao, ja ne idem u tom proces pravcu, objektivno gledano nisam sigurna da sam negdje ekspert pošto mi smrt neminovna takva kakva jeste."
1:49:18,1:49:24,Kada dođe vrijeme o tome neću nešto pretjerano razmišljati nego ajde da odradim i taj dio posla.
1:49:26,1:49:28,"Doći će i taj trenutak, na sreću ili na žalost."
1:49:29,1:49:33,"Pa to je tako kako je, na sreću ili na žalost, dobra konstatacija."
1:49:36,1:49:37,Znači ako nema dokaza.
1:49:39,1:49:40,Nesustav dokaza.
1:49:41,1:49:43,Ovaj ostavlja prostor za.
1:49:43,1:49:47,"Nije šala već, ovo je sad posebno za moje bosance."
1:49:49,1:49:51,Nije meni neobično da se igram kontroversije.
1:49:51,1:49:53,A govorimo o znanosti.
1:49:54,1:49:55,A sad ću vam reći zašto.
1:49:55,1:49:57,A doći ćemo do piramide u visoku.
1:49:59,1:50:06,"I to će biti, ja sam izazvao prijepore kada smo pričali o tome zato što i to ne razumijem na način na koji ja to posmatram."
1:50:06,1:50:15,"Dakle, ovako, u znanosti, već sam rekao po mom mišljenju nema nula, nema jedan, vrlo rijetko neka ima nula jedan, najviše ima, manje vjerojatno i više vjerojatno."
1:50:15,1:50:22,"I pravi znanstvenik nikada kada čuje neku prvu informaciju koliko god mu je nemoguće zvučala, nikada nećemo, to je nemoguće."
1:50:22,1:50:24,Ne zvuči mi to baš vjerojatno.
1:50:24,1:50:25,Tako ja bar.em posmatram.
1:50:26,1:50:46,"I onda je bilo priča oko piramide u visokom, ja sticam okolnosti, znam gospodin Osmanagić je između ostalog o nekim stvarima citirao neke naše radove itede i komunicirao sam sa svim i nije mi bilo mrzko stvarno, ja volim to i pogledati itede i otvoreno sam rekao, čuj, zanimljiva je ta tvoja energija, sve ostalo mi fali poprilično znanstvenih informacija da ti povjerim."
1:50:47,1:51:00,"Ali mogu da pokažem i ovaj znanstveni stav, ti si iznio hipotezu, po meni još je nisi dokazao, ali isto tako i oni koji su rekli da to nisu piramide, još mi nisu dokazali u potpunosti znanstveno."
1:51:00,1:51:04,"I sad dolazimo kod toga ona mačka, je li mrtva, nije mrtva."
1:51:04,1:51:13,"Između ostaloga, što se mene tiče, ako će ti biti lakše, sad nemojte samo molim vas izvući ovo naslov, zato što ću vam dati, piramide su visoke dok se ne dokaže suprotno."
1:51:14,1:51:16,Znači to je koncept znanstvenika.
1:51:16,1:51:19,"Između ostaloga, čovjek iznio je hipotezu, pisao je knjige na tu temu."
1:51:20,1:51:22,Način na koji on znanost prihvata je drugačiji nego ja.
1:51:24,1:51:33,"Zanimljiva je njegova energija, zanimljivo je to sve što je, ja ne vidim to istim očima, ali on, ako je to moderna znanost, ako je to dok se to dokaže znanstveno, nemam nikakav problem."
1:51:34,1:51:37,"Neke su stvari za, neke su protiv, meni fali tih informacija."
1:52:12,1:52:18,"To je za mene zanimljiv koncept koji treba da se, e sad po meni mislim da treba ipak malo konvencionalnije znanosti."
1:52:18,1:52:25,"Mnogi znanstvenici koji poznaju su rekli da to nije to, ali postoji neka ekipa koja govori da je to sukob znanstvenih mišljenja."
1:52:25,1:52:27,"Za mene je samo da je činjenica, vrlo jednostavno."
1:52:28,1:52:30,I to je tako i sa smrti.
1:52:30,1:52:36,"A nitko se još nije vratio, barem koliko ja znam, zvaniče da nam kaže šta je kako i iza toga je sad."
1:52:38,1:52:39,Pa gledaj.
1:52:39,1:52:48,"Kaže da se vrati, mislim, neki dan sam proučavao, znači kad zanemarimo taj religijski aspekt, kad bi gledali samo povijest."
1:52:52,1:52:54,Opet informacije sam dobio kroz LLM-ove.
1:52:56,1:53:27,"Vjerojatnost da je Isus Krist kao osoba postojao je devedeset osam do devedeset devet posto kroz nekakve spise dvadeset godina nakon njegove smrti prva osoba pisala o njemu u četrdeset godina šezdeset godina itede ali opet znači opet je pitanje vjerojatnosti nije sto posto nego je devedeset osam devedeset devet posto uvijek ima to slažem se u potpunosti kada kažem to je jedan dio da li je on postao kao osoba što je zapisano u njegovom životuu, a druga stvar je religijska."
1:53:28,1:53:33,"Sad ću parafrazirati tu rečenicu koju sam rekao dosta brzo, a stoji mi iza toga, reći ću dodatak."
1:53:34,1:53:37,Niko se još nije uradio s druge strane u Science da takvo nešto postoji.
1:53:38,1:53:39,"Znači, šalo na stranu."
1:53:39,1:53:42,Taj moj znanstvenik ujednostavno mora tako funkcionirati.
1:53:43,1:53:44,Koliko dokaza treba?
1:53:44,1:53:48,Onoliko koliko ja kao znanstvenik mogu da prihvatim da je prevalgnuo tas.
1:53:49,1:53:58,"Znači, najčešće se koriste ljudi, recimo u forenzi, vrlo često su prikazivali tu forenčku DNA analizu kao nešto sve moguće."
1:53:58,1:53:58,Nije.
1:53:59,1:54:02,"Često se meni dešavao, sad konkretno u mom poslu."
1:54:03,1:54:08,"Vrlo, prvih dvadeset godina smo imali, prvih deset godina smo imali problem da nam ljudi vjeruju."
1:54:08,1:54:18,"Vi s jedne strane imate fenomenalne eksperte tužitelje, pravnike, odvjetnike, sudje itede koji su fenomenalni eksperti u pravu i svemu ostalome i oni ne znaju ništa o DNA analizi."
1:54:18,1:54:33,"Sad zamislite da ste u njihovoj poziciji, sjediš, tražiš nekakav posao, dvadeset godina robio, dolazi netko poput mene i kaže znaš šta DNA analiza, ti ništa o tome ne razumiješ, što je neka stanica, ti to ne vidiš, ali tu je dokaz da je on to počinio, tako bar u njihovim moćima."
1:54:33,1:54:34,E pa izlazak magije isto.
1:54:34,1:54:35,E pa izlazak magije.
1:54:35,1:54:38,"E sad pazi, ja sam rekao da mu je zadatak da dobije neko da je mu zadatak da dobije nešto skoro nišnjega."
1:54:39,1:54:41,Kad dobiješ nešto nišnjega to je magija i to nije znanost.
1:54:41,1:54:47,"Kad dobiješ nešto skoro nišnjega znači da taj biološki trag tu postoji, dva DNA tu postoji, ja moram dobiti i dokazati da je to dva DNA."
1:54:48,1:54:49,Završena priča.
1:54:49,1:55:14,"Deset godina poslije mi smo bili jako uspješni u tom PR-u i dokazali smo više puta da to funkcionira itede došli smo do jednog drugog problema da su ljudi postali, ah, sad ću opet reći true believers, znači pravi, bili su vjernici, a tamo gdje ne trebaju da budu vjernici, ne vezano za vjeru nego zagriženi da bez, malo čak i dogmatični da DNA analiza može može sve da riješi nemaš."
1:55:14,1:55:21,Znači jedino na šta ja u forenzi mogu da odgovorim je da li taj biološki trag potiče od tebe ili ne potiče.
1:55:21,1:55:23,Kako je on došao tamo?
1:55:23,1:55:24,Kako je postavljen?
1:55:24,1:55:25,Da li je podmetnut?
1:55:25,1:55:34,"Zamislite da nađete, ima ona puška kojom je Kennedy ubijen i ako nađete trag, moj trag na toj pušci, to ne znači da sam ja pucao na Kennedyja."
1:55:34,1:55:37,To čak ne znači da sam ja imao kontakt sa tom puškom.
1:55:37,1:55:39,Možda je netko prenio taj trag.
1:55:39,1:55:46,"Ja ću uzeti u očaj sad kada završimo ovu cijelu priču, kada misterati studija, ja sam se raspričao, dobro me još trpite."
1:55:46,1:55:51,"Kada misterati studija, pošto će me neće biti drago čuti tu čašu, imat će tvoj trag."
1:55:53,1:55:56,"Ja ga mogu postaviti gdje hoću i kako hoću, normalno."
1:55:56,1:56:13,"Ako tražiš na mjestu zločina, dobar je stražatelj, a Hrvatska ima dobre stražitelje, vjerujem da ima, neće a priori reći ti si ubio nekoga, nego će reći, oka, ajmo sada ovako, tvoj biološki trag se nalazi tu, to je polazna informacija da ti spitam, da li bi imao i bi motiv, a da li su radili, kako su radili, da li neko mogu podmetnuti itd."
1:56:14,1:56:18,Znači nema zlatne metode u toj cijeloj priči.
1:56:18,1:56:20,Vraćam se opet na etas moj.
1:56:20,1:56:33,"Nema jednoga dokaza koji će meni reći piramide su ili tu ili nisu tu, gospe tu ili nije tu, sada troja je u gabeli, toga se vi ne sjećate, to je moja generacija, kad je došao meksičanac rekao da je troja u gabeli."
1:56:35,1:56:39,"Za mene je to super fenomenalno, turizam je u gabeli dok se dokaže suprotno."
1:56:39,1:57:03,"Znači govorim kao lajk, meni treba skupina informacija koja u datome, u momentu kad vidim da smo se zastali, došli do skroz, da nema više nekih novih informacija, da odvažem i kažem, okej, mnogo više je vjerojatno da ja imam kosu, a da je polako gubim, nego da mi rastu novi zubi, četvrti itede itede Znači pokušavam reći zapravo da je i znanost isto pitanje vjerojatnosti?"
1:57:04,1:57:12,"Isključivo pazi, ja imam trik pitanje za studente i kažem koji je dominantni jezik kojim mi znanstvenici koristimo."
1:57:12,1:57:17,"I ljudi kažu engleski, neko će reći mecenar, kažu latinski, ja kažem ne, jezik vjerojatnosti."
1:57:17,1:57:37,"I tu smo imali ogroman problem u koronatajmu zato što mi pravi znanstvenici nikada nisu rekli to je, znate ljudi žele da čuju da je sto posto gotova priča, jel žele da čuju da sto posto šišmišta uradu, jel žele da čuju da je sto posto ubačeno, jel žele da čuju da sto posto virusi postoje, ne postoje."
1:57:37,1:57:41,"Znanstvenici nisu setovani da kažemo to tako, lupi šakom u sto."
1:57:42,1:57:54,"Šta bi se meni da sam lupio šakom u sto prije dvadeset godina na svom doktoratu, deset godina poslije što je radila ova djevojčica kolegica Lila Kovačevac, ja bi morao da kaže ups, morao bi se postati pepel."
1:57:55,1:58:20,Mi znanstvenici smo dovoljno oprezni zato što znamo zašto je vjerojatnost očista devedeset devetdevet posto ili da mene pita netko a šta je s tih nulanula to smo mi napravili zato što nemamo dnk profile svih osoba koje žive u hrvatskoj i zato moramo da imamo statistički model po kojem računamo i isključujemo sto posto zato što to tako kao fenomene postoje.
1:58:20,1:58:32,"Ali ako on kaže dobro šta to znači a ja ću vrlo jasno odgovoriti to znači da je gospodin prema trenutnim spoznajama, prema trenutnim informacijama mi možemo otvoreno da kažemo da je on biološki otac svog djeteta."
1:58:32,1:58:39,Znači tih 99 je meni 39 kiza dovoljno da kažem je li on ili nije on biološki otac.
1:58:40,1:58:53,"Koja je jedna jedina stvar za koju možeš staviti ruku u vatru da ju osjećaš, da ju prepoznaješ da ti je istina a nemaš tolikih dokaza i tolike vjerojatnosti za nju."
1:58:54,1:58:57,"Sad ću patetično zvučati, ali to je stvar."
1:58:58,1:58:59,To vam je obiteljska ljubav.
1:59:00,1:59:03,Koja ponekada nema ni rezona.
1:59:04,1:59:04,Nema i.
1:59:05,1:59:06,Barem tako sam.
1:59:06,1:59:07,Ja osobno ovo govorim.
1:59:08,1:59:09,Znači nema veze sa znanošću.
1:59:11,1:59:14,"Malo prije sam spomenuo onaj grom, kada udari u glavu, jer stabilnost nula."
1:59:15,1:59:17,"Neko će reći, čak je malo možda u mojoj provodljivosti malo veća."
1:59:19,1:59:27,"On ima, kad stojite vas dvojica na Poljani, možda veća šansa da njega udari u glavu zbog zračenja njegovoga tijela itede i tu moraš biti oprezan."
1:59:27,1:59:31,"Ja uvijek stavljam ruku u atomnu obiteljsku ljubav, nimalo znanstveno."
1:59:32,1:59:40,"Znači, bez e tu dozvoljavam sebi da, kako kaže Herc nadvlada raciju."
1:59:41,1:59:44,"Mora nešto biti tako, to je anker, to je sidro."
1:59:44,2:00:00,"Da, meni se čini da je jako puno tih pojava u našim životima za koje ne možemo dokazno i što se tiče vjerojatnosti, ne možemo ih dokazati kako bi htjeli znanstvenici to napraviti, a jako bitan dio su"
2:00:00,2:00:01,Našem životu.
2:00:01,2:00:02,To je tačno.
2:00:03,2:00:05,Treba ostaviti prostor i za jedno i za drugo.
2:00:05,2:00:05,Uvijek.
2:00:06,2:00:11,"Ima šalo, ako je drugi dio metafizike, fizika što je onda prvi dio?"
2:00:12,2:00:12,Meta.
2:00:13,2:00:14,"Šalo na stranu, ali definitivno."
2:00:16,2:00:17,Znaš kako?
2:00:17,2:00:18,"Evo, dozvoli."
2:00:20,2:00:22,"Kažem ti, otvori me kad je dosadio."
2:00:24,2:00:32,"Uvijek je priča koju ja češto susrećem s druge strane, kaže čekajte svi vi znanstvenici, kad tada okrenete se ka religiji, ka vjeri."
2:00:32,2:00:33,Pa onda počnete.
2:00:33,2:00:37,I onda je zato što niste kroz znanost mogli sve da objasnite.
2:00:37,2:00:45,Ja odmah u startu mogu da kažem da sam duboko svjestan da se nikada neće desiti da znanost može sve da objasnite.
2:00:46,2:00:46,Zašto?
2:00:46,2:00:49,Zato što ja znanost posmatram kao brojanje od jedan do deset.
2:00:51,2:00:51,Zašto?
2:00:51,2:00:52,Ona nikad neće završiti.
2:00:53,2:00:54,Evo zašto?
2:00:54,2:01:12,jedan dva tri četiri pet šest sedam osam devedeset tamanka pomisliš da se gotovo neko kaže ima prva djeca malo pa se ti namočiš ali to je trik pitanja koji studentima dajem u kojem izboru od jedan do deset uzimajući u obzir sve ove varijante dobije odmah najbolji odac vrlo Vrlo malo ih se u zadnje vrijeme zezne pa krene broj.
2:01:13,2:01:14,Ali dešavalo se nekada.
2:01:14,2:01:16,"Pa onda kažeš, prva recimo mala, pa druga recimo mala."
2:01:17,2:01:17,E tako i sa znanosti.
2:01:18,2:01:23,Pravo znanstveno djelovanje odgovara na mnoga pitanja jer otvara mnoga druga.
2:01:24,2:01:37,"Ja znam da ako genetičar, ja, možda neko drugi kaže da ću odgovoriti na sva pitanja i da će postojati još mnogo toga što će znanstvenici za mene otkrivati."
2:01:37,2:01:44,"Neko će to reći, aha, to je onaj božji dio kojeg ti ne možeš odgovoriti, ja ću ti reći, ok, ti to tako tako prihvati."
2:01:44,2:01:45,Ja mogu isto to prihvatiti.
2:01:45,2:01:47,Možda mi vidimo Boga na drugi način.
2:01:47,2:01:47,Zašto?
2:01:48,2:01:51,"Ako me neko pita, ovo je otvoreno, nemam nikakav ni tu problem."
2:01:52,2:01:55,"Vi vjerujete u Boga i tekako, samo ga možda ne vidimo na drugi način."
2:01:55,2:02:00,Možda je upravo Bog taj dio znanosti koji je dio nekih zbivanja koje znanost još uvijek nije mogla da.
2:02:01,2:02:05,"I kada otkrijemo nešto novo, ništa mi uopće ne smanjuje tu sliku prema tom dijelu."
2:02:05,2:02:11,"Super, znamo da svaki put nešto novo i to je divna stvar znanosti."
2:02:12,2:02:16,"Što svaki put kad otvoriš jedna vrata, sretan si iz dva razloga."
2:02:16,2:02:21,"Prvo što si riješilo iza, a drugo što se vidi još, ako je dobra vrata, otvorili se još pet novih."
2:02:23,2:02:23,Nikad kraje.
2:02:23,2:02:24,Do smrti.
2:02:25,2:02:27,"Pa biološki da, onda ćemo vidjeti što je kako."
2:02:28,2:02:29,"Tko zna, možda obavimo neki."
2:02:30,2:02:31,Ostavit ćemo sve mogućnosti.
2:02:31,2:02:40,"Možda kad završimo i tu priču, kad prijeđemo i tu bariru na nekome podcastu gore, u nekome okruženju koje možda bude totalno drugačije, kažemo ja, ovo što smo se zazvali."
2:02:41,2:02:42,U nekom lijepom ljudskom razgovoru.
2:02:42,2:02:44,"Zašto da ne, to je najbitnije."
2:02:44,2:02:45,Namjer je hvala ti srce.
2:02:46,2:02:46,Hvala na razgovoru.
2:02:47,2:02:49,"Ljudi, vidimo se za tjedan dana."
2:02:49,2:02:49,Buk.
