Start (HH:MM:SS),End (HH:MM:SS),Segment
0:00:00,0:00:08,"Petra, kada zapravo počinje perimenopausa i zašto je većina žena uopće ne prepozna?"
0:00:09,0:00:19,"Dakle, mislim da većina žena i dalje ne očekuje ni perimenopausu ni menopausu zato što malo zapravo o tome govorimo u mladosti."
0:00:20,0:00:28,"Ja ne znam, ja se ne sjećam da je meni netko sa šesnaest godina ili sa deset ili sa dvadeset godina govorio bilo šta o menopauzi."
0:00:28,0:00:40,"I mislim, donekle to je normalno, znači sa dvadeset godina te to ne zanima, to je jedna stvar, a druga stvar je tada je menopausa i, a pa time i perimenopausa je zapravo relativno nova stvar."
0:00:41,0:00:48,"Moja pravaka nije bila u nikakvoj perimenopausi, niti u venopausi, niti o tome razmišljala jer je umrla sa 52 godine."
0:00:48,0:00:54,"Jer prosječni životni vijek je bio 58 godina, prije recimo 120 godina."
0:00:54,0:00:58,"I to je zapravo mali vremenski rok, znači nama se čini puno, 100 godina."
0:00:58,0:01:02,Ali 100 godina je zapravo malo za društvene promjene i tako.
0:01:03,0:01:09,One se naravno danas zbog načina komunikacije događaju puno brže nego što su se događale 1500 i neke.
0:01:10,0:01:13,Ali i dalje je to samo možda dvije ili tri generacije.
0:01:13,0:01:16,"I sad je menopausa, a time i perimenopausa postala tema."
0:01:17,0:01:26,"Jer sad zapravo živimo duže, živimo osamdesetak godina i naravno ja se nadam, evo to je moja želja, da otprilike pola svog životnog vijeka proživim u menopausi."
0:01:26,0:01:27,To bi bilo ono.
0:01:27,0:01:28,Znači dobacila sam.
0:01:30,0:01:30,To je ono nešto.
0:01:30,0:01:40,"Prije to jednostavno nije bila tema, pa onda tako isto niti kvaliteta života općenito nije baš bila tema, a ni u menopausi jer je baš nije toliko ni bilo."
0:01:41,0:01:49,"E, a sad zašto žene ne prepoznaju i ne prepoznaju šta je perimenopausa, šta je prvo menopausa, možda od toga da krenemo."
0:01:49,0:01:52,Ajmo od perimenopausa ako možemo.
0:01:52,0:01:55,Jer perimenopausa je preteća menopausa.
0:01:55,0:01:59,"Da, ali ja mislim da ono ako je nešto perimenopausa moraš prvo definirati što je menopausa."
0:02:00,0:02:01,Znači meni se ne svađa s ovom idejom.
0:02:01,0:02:07,"Ne, ali mislim da je jednostavnije pogotovo ovoga, nemoj se naljutiti ali jednom muškarcu shvatiti."
0:02:07,0:02:09,"A dobro, ja sam samo muškarac."
0:02:09,0:02:11,"Šta bi bila, ne, ti si muškarac, ne samo."
0:02:12,0:02:12,Samo muškarac?
0:02:13,0:02:13,"Ne, ne mi tako."
0:02:14,0:02:16,"Ja ne dam da se muškarcima malovažavam, oni su jako."
0:02:17,0:02:18,Pa nije to malovažavanje.
0:02:20,0:02:21,Ajmo menopausa.
0:02:23,0:02:31,"Znači menopausa je sad definicija, kada prođe godinu dana od nečije posljednje menstruacije."
0:02:31,0:02:45,"Znači ja sam imala menstruaciju recimo prije tri mjeseca i sad je tri mjeseca nemam, ali to se još ne računa kao menopauza, nego tek kad prođe dvanaest mjeseci a ja još uvijek nisam ponovno dobila menstruaciju onda možemo reći, ok, ja sam sada u menopauzi."
0:02:45,0:02:47,Znači to je kao neka retrogradna definicija.
0:02:48,0:02:54,A perimenopauza je ono vrijeme prije nego što nastupi menopauza i to može različito dugo trajati.
0:02:54,0:02:58,"To može trajati nekoliko godina, može trajati i deset godina."
0:02:59,0:03:03,Budući da žena prosječno u Hrvatskoj uđe u u Hrvatskoj uđe u menopauzu oko 51.
0:03:03,0:03:03,godine.
0:03:04,0:03:06,Znači da je ovo razdoblje negdje tamo u 40.
0:03:07,0:03:10,E naravno ne uđu sve žene sa 51.
0:03:10,0:03:14,"u menopauzu nego neke uđu i sa 45., neke i sa 40."
0:03:15,0:03:19,I sad onda možeš po tome vidjeti kad može početi perimenopauza.
0:03:19,0:03:25,"Može početi već negdje tamo u kasnih 30., a kod nekog može i prema 50."
0:03:26,0:03:28,A neko ne mora imati nikakve simptome.
0:03:29,0:03:43,"E sad, znači u jednom trenutku više nemaš menstruaciju, ali da bi došlo do te hormonske promjene, da tvoji jajnici više ne rade na način na koji su radili ranijeije, događaju se neke male promjene u mjesecima i godinama koje dolaze prije toga."
0:03:43,0:03:47,"I neke žene će to osjećati jače, a neke će to osjećati slabije."
0:03:47,0:03:50,"Kao što neke žene osjećaju PMS, a neke i netoliko."
0:03:51,0:03:52,Na isti način je i ovo.
0:03:53,0:04:05,"Znači te promjene raspoloženja ili promjene u obrascu sna, nekakve druge stvari tipa znojanja, naleti vrućina, to može trajati više godina prije nego što nastupi menopauza."
0:04:05,0:04:08,I to je ono što zovemo perimenopauzom.
0:04:08,0:04:12,Znači to razdoblje prije menopauze u kojem osjećaš nekakve fizičke promjene.
0:04:13,0:04:15,vezane uz hormonsku ravnotežu koja je sada drukčija.
0:04:16,0:04:18,Koji su simptomi zapravo perimenopauze?
0:04:18,0:04:31,Znači ono što ljudi najčešće navode su ti neki naleti vrućina jer je to nešto što je jasno vidljivo znači odjedanput nije mi ništa na sastanku sam i preznojila sam se i to značajno utječe na kvalitetu života.
0:04:32,0:05:11,"Drugo je san koji može biti poremećen na način da, znači imam nalete vrućina i po noći pa se probudim, pa onda više ne mogu zaspati, pa onda nakon dva sata zaspim pa mi je onda hladno i tako i onda ti to zapravo taj nedostatak sna isto tako značajno utječe na kvalitetu života jer ako Korijenje raspoloženja koje mogu biti više ili manje izražene, i postoje promjene naravno na koži, sluznici itd."
0:05:12,0:05:15,"E sad, što se hormonalno događa zapravo?"
0:05:16,0:05:21,"Hormonalno se događa to da, znači inače, šta se inače hormonalno događa?"
0:05:21,0:05:23,Zašto inače uopće imamo menstruaciju?
0:05:24,0:05:25,"Znači, naše tijelo."
0:05:26,0:05:29,se svaki mjesec priprema za to da bude novi čovjek.
0:05:30,0:05:44,"U prvom dijelu ciklusa, prije nego što nastupi ovulacija, prije nego što se ispusti ta jajna stanica, se zapravo te jajne stanice bore i nastoje proizvesti onu jajnu stanicu koja će imati šansu biti čovjek."
0:05:44,0:05:49,"I to sve reguliraju hormoni iz mozga, iz jajnika, jer cijelo tijelo komunicira."
0:05:49,0:05:56,I sad u jednom trenutku se ispusti ta jajna stanica i nakon toga se cijelo tijelo priprema na to da će možda biti novi čovjek.
0:05:56,0:05:58,To je redovni ciklus menstrualnog ciklusa?
0:05:58,0:05:59,To je redovni menstrualni ciklus.
0:05:59,0:06:01,I tu postoje hormoni.
0:06:01,0:06:10,iz mozga i hormoni iz jajnika koji međusobno komuniciraju i zapravo cijelo vrijeme pokušavaju postati novi čovjek.
0:06:11,0:06:28,"U nekom razdoblju prije nego što će nastupiti menopauza, tijelo više ne može tako jednostavno proizvoditi nove jajne stanice i treba mu puno više potica recimo iz mozga, ajmo to tako, to je dosta ovako lajički rečeno, ali mislim da je tako jednostavno da ljudi shvate."
0:06:28,0:06:38,"I zapravo se tijelo trudi i ti stalno imaš te skokove našo i centrala iz mozga govori ajmo proizvedite jajnu stanicu i sada kaže ne možemo, ajde proizvedite jajnu snadicu."
0:06:38,0:06:40,"A može, može, od proizvećemo."
0:06:40,0:06:44,"Znači, te hormoni idu gore-dolje, gore-dolje, gore-dolje."
0:06:44,0:06:46,I to je ono što ti daje te simptome.
0:06:46,0:06:52,"To što ti ti hormoni idu gore-dolje, gore-dolje, gore-dolje, a nemaju neki svoj stalni ciklus kakav su imali ranije."
0:06:52,0:06:53,"Znači, amplitude su veće."
0:06:54,0:06:55,"Mogu biti veće, ali."
0:06:55,0:06:57,Da je tako jednostavno izraziti.
0:06:57,0:06:58,Ajmo reći da su veće.
0:06:59,0:07:03,I nisu u onom ciklusu kakvom su bile ranije.
0:07:03,0:07:06,I onda uzrokuju sve one simptome koje ste opisali malo prije.
0:07:07,0:07:17,"E s tim da moraš biti vrlo oprezan, znači zato što ljudi u današnje vrijeme žele svašta pripisati perimenopauzi što možda i nije posljedica samo hormonskih promjena."
0:07:18,0:07:27,"Češće nego rjeđe imam pacijentice koje misle da su stvari kojim se događaju u životu, nekakve promjene raspoloženja, nezadovoljstva, debljanje i sl."
0:07:27,0:07:30,"posljedica hormonskih promjena, a ne mora biti."
0:07:31,0:07:32,To ne mora biti.
0:07:32,0:07:38,Tako da ne treba baš sve pripisati hormonima niti perimenopauzi.
0:07:38,0:07:49,"Dosta toga, mislim nemam sad statistiku za to, ali ovako po iskustvu, u većem broju slučajeva se zapravo radi o životnom stilu."
0:07:50,0:08:06,"Gdje ljudi žive na neke vrlo neprirodne načine, premalo spavaju, ne kreću se, jedu vrlo nezdravo, vrlo nekako neku procesiranu hranu i stvari koje ne bi trebali zdravi sisavci jesti."
0:08:07,0:08:11,I onda zapravo radi toga dolazi do tih raznoraznih promjena.
0:08:11,0:08:25,"Naravno da ako radiš neki posao u kojem si stalno u nekim rokovima i stalno gledaš u telefon i neprekidno si dostupan i neprekidno te neko podbada, naravno da ćeš se probuditi u tri ujutro i razmišljat ćeš o tome kad moraš."
0:08:25,0:08:29,kad moram predati izvještaj ili nemam pojma već šta je priroda posla.
0:08:29,0:08:41,"Tako da to može biti samo, to nespavanje može biti samo odraz nekog tog životnog stila koji ti zapravo ne odgovara i tijelo ti pokušava objasniti da to nije dobro za tebe."
0:08:42,0:09:03,"To ako provediš pola dana pred nekim ekranom i neprekidno te neko, neprekidno dobiješ poruke, ne znam, gledala sam statistiku i mislim da ono prosječno čovjek valja dobije 250 ili ne znam koliko tih notifikacija dnevno, što je katastrofa jer svaki put se streseš kao da je ne znam šta, ne, to sve skupa nije normalno."
0:09:04,0:09:05,Ali to nema veze s hormonskim promjenama.
0:09:05,0:09:08,"Ima, jer imaš hormone stresa koji ti rastu."
0:09:08,0:09:15,"A hormoni stresa su isto hormoni, ali oni su isto kortikosteroidni hormoni kao što su to i spolni hormoni."
0:09:15,0:09:18,Tako da nekad može zapravo biti ovo drugo.
0:09:19,0:09:21,"Isto je hormonski poremećaj, ali nije perimenopauza."
0:09:21,0:09:27,"Da, zapravo onda ta neuredan životni stil još pojačava sve te simptome perimenopauze."
0:09:27,0:09:28,Pa znate što je najgore?
0:09:28,0:09:32,"To je normaliziran životni stil, nije to da je sad nešto neuredno, to je potpuno moderan životni stil."
0:09:33,0:09:34,"Da, da, ovo je gradski život."
0:09:34,0:09:35,"Sjeban da se tako izrazim, evo."
0:09:36,0:09:37,"Pa da, jel smijemo to.?"
0:09:37,0:09:38,Pa možemo da.
0:09:39,0:09:43,To je upravo prava riječ koju bih izabrala za opis tog životnog stila.
0:09:44,0:09:45,"Znaš, gdje se svi budimo, ne znam, u 6."
0:09:46,0:09:47,"rano, što je, ajde, ok."
0:09:48,0:09:50,"Realno, čovjek bi se trebao probuditi kad izađe sunce."
0:09:51,0:10:00,"Ali onda, znači, u pogonu si nekom cijelo vrijeme nešto, 250 poruka multitasking lijevo, desno, ne znam, stalno moraš biti dostupan u ovom času."
0:10:01,0:10:05,"Onda dođeš kući, onda ako imaš malu djecu, onda se s njima baviš."
0:10:05,0:10:07,"I znači, tek negdje u 10."
0:10:07,0:10:08,"navečer, 11."
0:10:08,0:10:13,"navečer, sad je kao neki mir i sad bi ti trebao tu ostvariti."
0:10:13,0:10:24,"Dobro, sad bi mogli ulaziti u tu veću rupu i gledati ono da li je život prije pedeset do sto godina bio manje stresa nego danas imali su ti ljudi neke druge stresove."
0:10:24,0:10:26,"Ovo je samo, evo tako je kako je, sad je tako."
0:10:27,0:10:55,"Ali htio sam te pitati da li ti kao ginekologinja više moram se izraziti tako da da da, meni je to možda nesretna riječ, znači evo ja obično kažem jer iz nekog razloga moramo paziti na to da govorimo o sebi u ženskom rodu, ja to totalno ne doživljavam kao nešto bitno jer mi je teško reći ginekologinja jer je jako onako nespretna riječ, pa onda radije kažem specijalistica ginekologije i obstetrici jer mi je to nekako rodno neutralno."
0:10:55,0:11:05,"Pa ne, specijalistica je kao žensko, ali ginekologiji i obstetrici je neutralno, ne moraš izgovoriti ginekologinja jer je to jako teško za izgovoriti, lakše je reći ginekolog."
0:11:06,0:11:06,Istina da.
0:11:07,0:11:12,"Šta sam te htio pitati, ginekologinju, ali htio sam ti reći i u vokativu još gore."
0:11:12,0:11:24,"Da, da, da, da, da li ti kao osoba koja je stručna za ovo područje i za žensko zdravlje općenito, da li stavljaš veliki naglasak na tu perimenopauzu?"
0:11:24,0:11:36,"Da li ono kad dođu žene kod tebe na pregled i kažu ti si u perimenopauzi, da li ti je to bitno, da li to naglašavaš ili ne i da li imaš nekakve savjete možda za žene u toj?"
0:11:36,0:11:37,Ma naravno da savjete imam.
0:11:38,0:11:40,"Gledajte, neke stvari su stvarno hormonski poremećaj."
0:11:40,0:11:48,"Znači da se razumijem, neke stvari jesu i neke stvari su posljedica hormonskih oscilacija, a moj posao je zapravo da razlučim jer kod nekog to nešto drugo."
0:11:48,0:11:52,Netko može biti u velikoj depresivnoj epizodi a misli da mu je perimenopauza.
0:11:52,0:11:53,To je moj posao.
0:11:53,0:12:14,"Znači kad netko dođe s nekom tegobom da mu kažem, okej ajmo sad vidjeti je li to stvarno od perimenopauze i hormonskih promjena bilo koje vrste ili je to možda zato što ti fali vitamina D ili je to možda zato što se ne krećeš dovoljno ili je to zato što živiš u groznom odnosu a želiš to sve svaliti na neku hormonsku promjenu itede E to je moj posao."
0:12:14,0:12:41,Ako netko dođe pa da ima pedeset godina ili četrdeset pet i sve mu je super i nema nikakvu tegobu naravno da ne govori me gospođo vi ste u perimenopauzi kakve ima veze znači ti si ono što ja sanjam cijelo vrijeme ti si zapravo švicarski nožić ti si i ginekolog ginja i psiholog pa gledajte mislim da svatko tko radi s ljudima mora ako misli raditi taj posao kako treba mora uzeti u obzir sve aspekte čovjeka.
0:12:42,0:12:52,"Znači ne, mislim, ja ne znam na šta bi to ličilo da sad kod mene žena uđe u ordinaciju i ja kažem dobro, sad ćemo uzeti papatez ultra, zvuči gotovo, izvolite van."
0:12:53,0:12:55,Mislim to je onda kao da si neki mehaničar.
0:12:56,0:12:59,"Možda se može i tako, ali to nije smisleno."
0:12:59,0:13:02,Ali se uputiš psihologu kad primijetiš da je problem negdje daleko.
0:13:02,0:13:03,"Da, naravno."
0:13:03,0:13:05,Moj najveći problem je da se uputiš psihologu.
0:13:05,0:13:10,Osjećam da je tvoja dužnost da na nekakav način to u stanu ispada možeš kod drugog kolega.
0:13:10,0:13:21,"Apsolutno, mislim ja nisam psiholog, ja nisam školovanovana za to da budem psiholog, ali ono što ja moram moći procijeniti, što bi svaki liječnik morao moći procijeniti, da li netko ima potrebu za psihoterapijom."
0:13:21,0:13:26,"U današnje vrijeme to nije osobito teško jer gotovo svako bi trebao ići na psihoterapiju, ja bi rekla."
0:13:28,0:13:36,Ali je ono što bi bio naš posao da procijenimo kome i na koji način reći kako da si pomogne.
0:13:37,0:13:42,"Znači, jer nije moje samo da pišem lijekove, da pišem hormone i da uzimam papatestove."
0:13:43,0:13:44,Ja sebe tako ne doživljavam.
0:13:44,0:13:48,Ja se doživljavam kao ono liječnika za ženu.
0:13:49,0:13:57,"Liječnicu, vidiš i to je teško izgovoriti, kao osobu koja liječi cijelu ženu, ne samo njezinu maternicu."
0:13:57,0:14:01,"Hajde budimo pričali kasnije o svemu tome, o toj cjelovitosti."
0:14:02,0:14:08,"Jako se ovaj, mislim da je to još jedna ona takozvani baza ured, ono kao često korištena riječ holistički pristup."
0:14:08,0:14:10,Holistički pristup.
0:14:10,0:14:15,Budu to raspravljali nas dvoje pa ćemo vidjeti što je to holistički pristup.
0:14:16,0:14:17,Hajmo mi na menopauzu.
0:14:18,0:14:21,Koja je razlika između menopauze i perimenopauze?
0:14:21,0:14:24,"Ali hajde molim te prije nego što krenemo, prije nego što."
0:14:26,0:14:35,"krenemo tamo, daj mi samo recite koji su savjeti zapravo za osobe koje su u fazi perimenopause, to nismo samo."
0:14:36,0:14:55,"Dakle, ako neka žena koja je recimo kasnim tridesetim ili četrdesetim godinama ima nekakve simptome koji su joj neobični, gdje sebe ne prepoznaje, gdje ima osjećaj da nešto ne štima, takva žena bi trebala doći pitat za savjet."
0:14:56,0:15:08,"Znači mislim da nema osim ovih svih savjeta koje sigurno čuje svaki dan, znači da trebamo izbjegavati stres, trebamo spavati redovno, normalno osam sati, našo uvijek u isto vrijeme."
0:15:09,0:15:11,To bi bilo sjajno kad bismo to sve mogli izvesti.
0:15:11,0:15:14,Da trebamo zdravo jesti i puno se kretati.
0:15:14,0:15:25,"Znači kad to sve ispucamo ili ako ne uspijemo to sami napraviti, a i dalje nešto nam ne štima, nešto nije u redu, onda bi sasvim ok bilo potražiti pomoć."
0:15:25,0:15:26,I mislim da je to jako važno.
0:15:27,0:15:36,"Ne da razmišljajuš i da odeš preko interneta, naručiš 58 nekih proizvoda za perimenopauzu koji će ti sigurno pomoći."
0:15:38,0:15:38,I onda što?
0:15:39,0:15:40,I na kraju je opet sve isto.
0:15:40,0:15:43,"A možda imaš nešto drugo, možda je samo anemija u pitanju."
0:15:43,0:15:47,Možda je anemija koju ćemo izliječiti nadomještanjem željeza.
0:15:49,0:15:53,Ili moramo naći zašto neko ima tu anemiju.
0:15:53,0:15:58,"Neko možda ima manjak vitamina D, neko ima poremećaje štitnjače, a sve svaljuje na perimenopauzu."
0:15:59,0:16:09,"Znači, ti simptomi koji se jave, ako imaš neke simptome, bilo koje koje ti romite kvalitetu života, onda to zaslužuje da odeš do nekog ko se bavi medicinom."
0:16:12,0:16:22,"Naprimjer, evo, ginekologija.a ili liječnika opće medicine i kažeš dobar dan, evo ja imam takve i takve i takve te gobe, je li vi meni možete pomoći?"
0:16:22,0:16:23,I onda idemo dalje.
0:16:24,0:16:27,"To je prvi korak, evo ja bih rekla."
0:16:28,0:16:29,Ali mislim da je najgore.
0:16:29,0:16:32,Generalni savjet zapravo popravi si životni stil.
0:16:32,0:16:35,"Pa to, ja mislim da je to."
0:16:35,0:16:38,Nema nekakvih specifičnih savjeta direktno vezanih za to.
0:16:38,0:16:47,"Ja mislim da treba kad netko ima, znači ne da nema specifičnih savjeta, naravno da ima, ali ono što ti hoću reći da je jako važno isključiti neke druge poremećaje, a ne da ti sad naš."
0:16:48,0:16:54,"Kad sve svališ na perimenopauzu, a zapravo imaš poremećaj štitnjača koji treba riješiti."
0:16:56,0:16:57,I zato kažem.
0:16:57,0:16:59,To govoriš sad iz iskustva prakse.
0:16:59,0:17:01,"Pa naravno da, to vidim svaki dan."
0:17:02,0:17:38,"Znači gdje ljudi dođu jer misle da im je ne znam šta ne valja, evo sad će si kupiti pedeset osam nekih prahova za perimenopauzu i kapsula i ne znam čega a zapravo imaju značajan poremećaj štitnjača naprimjer i to trebamo riješiti i onda poslije vidjeti šta će se dogoditi kad to riješimo znači to hoću reći da ljudi ako imaju tegobu, se trebaju javiti neko tko se time bavi, da ne bismo nešto drugo propustili, da ne bismo propustili nekakav problem koji se tu nalazi, a koji je možda lako riješiti prije nego što ono."
0:17:39,0:17:44,"Ako cijeniš ovaj trud, jedan mali klik na pretplate me nama znači cijeli svijet."
0:17:45,0:17:48,"Hvala ti što si tu, a sad uživaj potkestu."
0:17:50,0:17:58,"Znači zapravo rekla si mi prije par minuta što je menopauza, to je trenutak kada već nakon godinu dana žena više nema menstruaciju."
0:17:59,0:18:05,"Tako i to je prosječno sa pedeset jedan godinu u našem podneblju, s tim da naravno ono od 40."
0:18:05,0:18:09,"nadalje ne smatramo menopauzu prijevremenom, to je ono što treba reći."
0:18:10,0:18:14,Menopauza može normalno nastupiti s 40 godina i to nije prijevremena menopauza.
0:18:15,0:18:17,Možda je rana do 45.
0:18:18,0:18:20,"statistički kad pričamo, ali nakon 45."
0:18:21,0:18:25,"više čak nije ni rana menopauza, tako da to treba i osvijestiti."
0:18:25,0:18:36,"Znači mi svi jako dobro starimo, pogotovo ljudi rođeni u 70., 80., ranih 90., to su ovi koji su sad 30, jako dobro starimo."
0:18:37,0:18:42,"Ja se ne osjećam puno drugačije nego što sam se osjećala sa 22, ali i dalje imam preko 40."
0:18:44,0:18:47,I to je nekad teško pojmit.
0:18:48,0:18:50,Pogotovo je to važno ženama reći.
0:18:50,0:18:57,"Znači, zato što imam jako puno i kolegica i prijateljica i pacijentica koje nisu primijetile da imaju 40 godina."
0:18:58,0:19:02,"Znači, onda mislile su, ma sutra ćemo, ovo djeca i to."
0:19:03,0:19:05,"I onda ima 42 godine, dug menopausa."
0:19:05,0:19:06,I šta sad?
0:19:06,0:19:14,"Pa kao ja sam se dobro osjećala, pa super da si se dobro osjećala, ali to ne znači da ti je moć za razmnožavanje i dalje prisutna."
0:19:15,0:19:17,Tako da to je nešto što treba osvijestiti.
0:19:17,0:19:19,Nije menopauza neki kraj života.
0:19:20,0:19:36,"Imam sjajne pacijentice koje imaju osamdeset godina, koje izgledaju super i koje se super osjećaju, koje rade na sebi i cijelo vrijeme ulažu u svoje zdravlje i ono što je jako važno, preuzimaju odgovornost za sebe."
0:19:36,0:19:49,"Ja mislim ako preuzmeš odgovornost za sebe i shvatiš da ovo tijelo koje imaš je jedno jedino tijelo i nećeš dobiti drugo tijelo, nikada, onda možda malo ozbiljnije o tome razmišljaš."
0:19:49,0:19:56,"Pa znate ono koliko, mislim, neki ljudi više pažnje posvećuju svom autu nego svojem tijelu."
0:19:56,0:19:57,Autu ćeš kupiti novi.
0:19:58,0:20:06,"Ne znam koja je procjena za koliko godina bi ga trebalo mijenjati, ja to ne pratim, ali tijelo nećeš nikad dobiti novo i ne možeš kupiti novo tijelo."
0:20:06,0:20:08,"Znači ovo što radiš s njim, tijelo će zapamtiti svaki dan."
0:20:09,0:20:11,Možeš biti dobar prema njemu.
0:20:11,0:20:23,"I onda će, mislim, naravno, neko ima bolju, neko ima manje dobru genetiku, ali u principu ako se dobro ponašaš prema tijelu i tijelo će se dobro ponašati prema tebi."
0:20:23,0:20:25,To je tako nekako ono.
0:20:25,0:20:28,"Ono, generalno uglavnom točan odgovor."
0:20:29,0:21:01,"To bi mi inače u Lut Potkestu ulazili u te rupice kao ako si dobar prema svom tijelu i tijelu, dobar prema tebi, pa tko si ti, ali neću to ometć u ovaj, neću to ometć u ovaj, ne, onda znači sigurno se netko nakači na to pa da, ali ima i mladih ljudi koji su zdravo živjeli pa su dobili neki rak, naravno da ima, naravno da ima, neki ljudi dobiju maligne bolesti i razne druge bolesti, zapravo ne znamo zašto, znači netko ima takvu genetiku, to znamo, kod nekog ne znaš zašto,."
0:21:01,0:21:04,"Možda ćemo znati za jedno 20, možda 50 godina zašto."
0:21:06,0:21:14,Koliko je moje osjećaj da je doznano zapravo jako puno priču o epigenetici i sad je sve manji naglasak stavljen na genetiku i sve više stavljanje.
0:21:14,0:21:14,Točno.
0:21:15,0:21:18,"Stresirat bitnost životnog stila, brige i odgovornosti itd."
0:21:18,0:21:24,Sigurno zato što ti možeš imati neki gen koji ti se nikad neće aktivirati ako živiš ono.
0:21:25,0:21:26,Baš super.
0:21:27,0:21:29,Evo recimo to tako laički.
0:21:30,0:21:37,"Iako postoji ona druga strana medalje gdje kaže ljudi vidi ga, živio zdravo, sve je bilo ludilo i dobio rak ili šta.?"
0:21:37,0:21:39,"Pa dobro da, samo što ne znaš šta je bilo ispod."
0:21:39,0:21:46,"Da, jel malo smo kompleksniji nego samo tijelo, nego ima tu i tog mentalnog, emotivnog."
0:21:46,0:22:16,"Ima svega, znači ako je netko, mislim to znamo sto posto znači to ima i istraživanja o tome kad netko živi u visokostresnim situacijama bilo da se radi o poslovnim ili nekim privatnim ili o društvenim situacijama znači za vrijeme ratova itede sigurno ti se ta epigenetika aktivira drugačije nego ako to nije tako a da mi recimo molim te ovaj kad bi usporedili simptome perimenopauze i menopauze, u čemu je razlika uopće?"
0:22:17,0:22:18,To je vrlo individualno.
0:22:19,0:22:21,Ne mora kod svake žene to biti jednako.
0:22:21,0:22:23,Nekad su vrlo slični ti simptomi.
0:22:23,0:22:32,"Što idemo dalje, jer u prvo vrijeme, perimenopauze i rane menopauze, zapravo imaš te skokove hormona o kojima smo pričali."
0:22:33,0:22:38,"A kasnije, dalje u menopauzi, nema više hormonske aktivnosti i zato su ti simptomi puno drugačiji."
0:22:39,0:22:56,"Nema više tih naleta vrućina, ali zato ima krhkih kostiju, zato ima suhoće sluznica, suhoće rodnice, zato ti pada mišićna masa, to su neki simptomi koje imaš kasnije u dubljoj menopauzi."
0:22:57,0:23:07,"Tako da ovisno o tome u kojoj fazi si i kakav je taj hormonski ciklus, da li on i dalje postoji pa ide ovako ili ga više nema, simptomi će biti različiti."
0:23:07,0:23:17,"Znači što dalje idemo u menopauzu, to manje očekujemo tih skokova hormona i onda zapravo imiško neko stišavanje cijelog tijela."
0:23:20,0:23:26,Da li se savjetuje ženama koje su u menopauzi nekakvim hormonski nadomjestici recimo.
0:23:26,0:23:27,Kako kome?
0:23:28,0:23:29,Znači kako kome?
0:23:29,0:23:38,"Ne moramo svakoj ženi davati hormonsku nadomjesnu terapiju, ali apsolutno možemo davati hormonsku nadomjesnu terapiju ženama koje imaju tegobe."
0:23:38,0:23:52,"Recimo najčešće se daje radi ili radi prijevremene menopauze i rane menopauze jer znamo da spolni hormoni čuvaju kvalitetu krvnih žila, kvalitetu kostiju."
0:23:53,0:23:53,Zglobovi?
0:23:54,0:23:57,"Zglobovi su dio tog mišićno-koštanog sustava, dakle daju zglobove."
0:23:58,0:24:07,Tako da nije jedini smisao tih hormona da imaš menstruaciju ili da nemas menstruaciju i ne utječu samo na nalete vrućine recimo to tako.
0:24:07,0:24:16,Tako da kod žena koja rano uđe u menopauzu definitivno ima smisla davati hormonsku nadomjesnu terapiju otprilike do vremena kad bi bilo normalno očekivati menopauzu.
0:24:18,0:24:24,"Zato da čuvamo kosti, da čuvamo hormonologiju i da to i kasnije kroz život uzimate isto."
0:24:24,0:24:28,"E sad vidi, tu su mišljenja različita."
0:24:28,0:24:40,Znači ne moramo ženi koja je ušla u menopauzu sa pedeset i ne znam tri godine i nema nikakvih simptoma koje remete njezin život ne moramo joj davati nikakvu terapiju.
0:24:40,0:24:43,Znači svaka terapija se daje onda kada mislimo da ima smisla.
0:24:44,0:24:51,"Isto kao što nećeš uzeti ni aspirin, nećeš uzeti ni antibiotik kad ti ne treba, isto tako nećeš uzeti ni hormonsku terapiju kad ti ne treba."
0:24:52,0:24:54,Zato što se nije pametno igrati s hormonima baš ili?
0:24:55,0:25:01,"Pa zato što ne treba uzimati ništa što ti ne treba, ne treba jesti kiflu koja ti ne treba, pa isto tako ne treba jesti ni hormone koji ti trebaju."
0:25:01,0:25:05,"Ljudi danas uzimaju svašta radi poboljšanih performansi, ne samo."
0:25:06,0:25:08,"Gdje to je, naravno da ljudi svašta uzimaju."
0:25:08,0:25:10,I to je kod muškaraca onaj tjerati i tako sigurno si čula.
0:25:10,0:25:14,Ja čula sam i ima svašta da ne možeš više ni pratiti š šta se može kupiti preko interneta.
0:25:14,0:25:16,Stvarno za neke molekule nemam pojma ni šta su.
0:25:17,0:25:22,"Ali ono što ti mogu reći ovako principijelno, znači ništa šta ti ne treba, ne treba uzimati."
0:25:23,0:25:24,To uključuje i kiflu.
0:25:25,0:25:27,"Znači, kifla koja ti ne treba je kifla viška."
0:25:27,0:25:29,"Isto tako, hormon koji ti ne treba je hormon viška."
0:25:30,0:25:31,"Ali ako si gladan, onda pojedeš kiflu."
0:25:31,0:25:39,"Isto tako, ako imaš neku poteškoću koja se možda može riješiti sa hormonskom terapijom, onda hormonska terapija ima smisla."
0:25:39,0:25:40,I nju se ne treba bojati.
0:25:40,0:25:43,Kao što se ne treba bojati kifle kad si gladan.
0:25:44,0:25:46,Jer pojesti ćeš i neće ti biti ništa.
0:25:46,0:25:51,"Ali ako ti je to 58 kilo, onda možda riskiraš pretilost."
0:25:51,0:25:52,Isto tako i ovo.
0:25:52,0:25:54,"Znači ako ti treba, okej."
0:25:57,0:26:13,"I te terapije su zapravo vrlo sigurne i čak i sad FDA i EMA su skinule upozorenje sa hormonske terapije koje je dugo stajalo radi jednog istraživanja koje je bilo malo onako čudno, sigurno ga je netko spomenuo već prije, ali to je ljudima obično dosadno."
0:26:13,0:26:28,"Uglavnom ono što danas znamo je da nema više onog black boxa na hormonskoj terapiji i da ne smijemo govoriti ljudima da će od hormonske terapije do dobiti rak, inzulti ili ne znam šta slična."
0:26:28,0:26:29,Jer to nije točno.
0:26:31,0:26:34,Ali isto tako ju ne treba uzimati kad ti ne treba.
0:26:35,0:26:40,"Evo pitanje sad, imam specifičnu osobu u glavi, znači konkretan je primjer."
0:26:42,0:26:43,Kirurška menopauza.
0:26:44,0:26:45,"Da, to sam ti sad htjela spomenuti."
0:26:47,0:26:49,Radi čega je bila kirurška menopauza?
0:26:49,0:26:51,Po odstranjivanju recimo jajnika i.
0:26:52,0:26:53,"E, e, samo radi treće."
0:26:54,0:26:54,Tumor.
0:26:55,0:26:55,Čega?
0:26:58,0:26:59,Maternice jajnika.
0:26:59,0:27:00,"E, vidiš, nije isto."
0:27:00,0:27:12,"a nekada ženama, znači kiruška menopauza je nešto što je tojest jatrogena, jatrogena znači izvana umjetna menopauza je danas tema jel zato što toga ima često."
0:27:13,0:27:21,"Bilo da nekome od strane, jer samo jajnike je dovoljno odstraniti pa ućiš u jatrogenu menopauzu, maternica može ostati, neće ništa bit."
0:27:22,0:27:27,Ili ako izvane maternicu ostanu jajnici nećeš ući u menopauzu jel jajnici rade i dalje.
0:27:27,0:27:37,"E sad, nekada se organi odstranjuju zbog razloga koji nisu maligni, znači koji nisu nekakvi zločesti tumori recimo."
0:27:37,0:27:51,"kad žena ima veliki mijom na maternici radi kojeg jako krvari i sad sa pedeset godina joj izvade maternicu i onda to se često prije radilo, ali danas rjeđe, uz put izvade i jajnike koji su potpuno uredni."
0:27:51,0:27:53,I onda žena odjedanput uđe u menopauzu.
0:27:53,0:27:55,Zašto izvade jajnike ako su uredni?
0:27:56,0:27:56,Dobro pitanje.
0:27:57,0:27:59,Kažem danas se to više ne preporuča.
0:27:59,0:28:07,A prije su to češće radili zato što kao pa evo sad je pedeset godina i bolje da ih izvodimo da ne dobije tumor jajnika.
0:28:07,0:28:08,Recimo to je tako bilo.
0:28:08,0:28:09,Danas to više nije.
0:28:10,0:28:12,Iz predostrožnosti kao je bilo ekologika.
0:28:13,0:29:00,"Recimo, ima jako puno žena kojima je ono devedesettih godina tako bilo, sve je odstranjeno sa recimo četrdeset osam godina i onda odjedanput uđeš u menopauzu e takvim ženama definitivno ima smisla davati nadomjesnu terapiju zato što taj nagli pad hormona će ti sigurno sigurno znači ti pokvariti kvalitetu života e sad to je što se tiče tih benignih znači ne malignih tumora ne karcinoma radi kojih su izvađeni jajnici ali nekada se i radi karcinoma dojke naprimjer ili radi nekih drugih karcinoma koji su ovisni ovisni o hormonima vade jajnici upravo zato da ne bi bilo hormonske aktivnosti, kao način zapravo čuvanja te osobe od rasta tumora jer bi hormoni tjerali taj tumor na rast."
0:29:02,0:29:04,"E tada onda ne možemo davati na to, mi smo terapiju."
0:29:04,0:29:17,"Tako da jako je važno zbog čega je nekome napravljena ta operacija, zašto su nekome izvadili jajnike, jer ako su ih izvadili upravo zato da ne bude hormonske aktivnosti onda bi bilo stvarno glupo uzimati hormone izvana."
0:29:18,0:29:19,Bilokakve hormone.
0:29:19,0:29:25,"Ljudi često kažu, ja ću si uzeti ove biljne hormone i to mi je ono, to je biljno kao pa to je ok."
0:29:26,0:29:27,"Ne, to su i dalje estrogeni."
0:29:28,0:29:30,"Ako nećemo estrogene, onda nećemo nikakve estrogene."
0:29:30,0:29:38,"I zapravo ovi preparati koji su registrirani kao lijekovi, a ne kao dodaci prehrani, su puno bolje kontrolirani."
0:29:38,0:29:40,Lijekovi se kontroliraju na potpuno drugačiji način.
0:29:41,0:29:47,"Tako da ono što ja kažem mojim pacijenticama, znači ako ne želite hormone, onda pogotovo ne želite te biljne hormone."
0:29:47,0:29:50,"Jer za njih ni ne znamo koliko ih ima unutra, ni šta su, ni kakvi su."
0:29:51,0:29:53,Znači da na to treba jako paziti.
0:29:53,0:30:12,"A te neke stvari se mogu, mislim danas se sve može kupiti preko interneta, ali te neke stvari se mogu kupiti u apoteci i onda ljudi sebi naprave hormonski poremećaj jer su pojeli, nemam pojma, sad kako se sve ne zovu da ne bi slučajno izreklamirala nešto, ali ono deset nekakvih biljaka koje zapravo imaju hormonsku aktivnost."
0:30:14,0:30:21,"Ako ne postoji rizika od davanja hormonske terapije, nisam rekla da ne postoji rizik, samo da je ogroman."
0:30:22,0:30:40,"Ako ne postoji rizik recimo ako je to nekakav konkretan slučaj i osoba krene uzimati hormonsku terapiju, opet mi je to pitanje, ne znam da li ste odgovorili na to, da li uopće postoji potreba ikada se skinuti onda sa toga ili ne?"
0:30:40,0:30:41,"Dakle, preporuka."
0:30:41,0:30:45,"Pogotovo ako osoba ima problema recimo sa kostima, sa zglobovima."
0:30:46,0:30:51,"Dakle, to je dobro pitanje i to je pitanje na koje nema jednog značnog odgovora."
0:30:52,0:30:55,"Znači sve smjernice koje mi imamo, ali pazite to su samo smjernice."
0:30:55,0:30:56,Smjernice nisu zakoni.
0:30:58,0:31:02,Smjernice su ono usmjerenje koje ti kažu evo mi mislimo da bi ovo bilo ovako dobro.
0:31:02,0:31:10,"Kaže, ok bilo bi dobro davati nadomjesnu terapiju onoliko dugo koliko mislimo da ima smisla."
0:31:11,0:31:14,Najkraće moguće koliko mi mislimo da ima smisla.
0:31:14,0:31:16,I koje su nuspojave recimo.
0:31:16,0:31:20,"Za neke ljude to ima smisla do sedamdeset i osamdeset, netko hoće."
0:31:20,0:31:21,Netko živi zašto ne.
0:31:21,0:31:26,"Netko hoće da, ali to je pitanje informiranog pristanka."
0:31:26,0:31:27,Znaš?
0:31:27,0:31:40,"Znači to je pitanje u kojem ja kao liječnik, tebi kao pacijentu objašnjavam koje su prednosti i koje su mane te terapije i da li uopće ja smijem tebi nešto napisati dalje ili ne smijem."
0:31:42,0:31:44,I onda mi zajedno odlučujemo o toj terapiji.
0:31:44,0:31:48,Jer ti moraš biti svjestan potencijalnog nekog rizika neke terapije.
0:31:48,0:31:51,"I onda, ali znaš što je medicina suradnje?"
0:31:51,0:31:53,"Mislim, ja tako medicinu i vidim."
0:31:53,0:31:59,"Ja ne vidim da sam ja sad tu neki diktator koji tebi kaže, gledaj ono, ovo je jedina, to je to i ti ćeš sad tako."
0:32:00,0:32:03,Osim ako ne mislim da zaista postoji samo jedna opcija.
0:32:03,0:32:10,"Ako ne mislim, gledaj ono, ovo je opcija za koju mislim da će ti spasiti život i za sve drugo mislim da će te ubiti."
0:32:11,0:32:13,"Tada ti kažem, gledaj ovo, ja mislim da je jedino."
0:32:13,0:32:39,"Ali ako postoji više metoda, kao što je to obično kod menopauze, naprimjer, ili kod poremećaja mokrenja, ili kod nekakvih drugih poremećaja u dnu dijelice, ono čim se ja svaki dan bavim, onda ti kažem pa gledajte imamo ovu, ovu, ovu i ovu metodu, tu su prednosti i mane, prednosti i mane, prednosti i mane, prednosti i mane i sada ćemo onda, sad ću ti pomoć da odlučimo jer na kraju to je tvoje tijelo, nije moje."
0:32:40,0:33:08,"Moje je, ja bi rekla u dvadeset jedan stoljeću da znam koje su opcije i da ti to znam prezentirati na tebi prihvatljiv način i da ti onda znam pomoć da ti izabereš ali odluka je tvoja na kraju tako ja vidim medicinu jedno pitanje koje su zapravo zapakirana dva pitanja da li postoji ikakva logika uzimati hormonsku terapiju nakon duže pauze?"
0:33:08,0:33:15,"Recimo, žena je prije deset godina ušla u menopauzu, ima problema recimo sa globovima, kostima ili što god."
0:33:17,0:33:22,U principu je poželjno početi prije nego što je prošlo deset godina.
0:33:22,0:33:22,Dobro.
0:33:23,0:33:25,To je kao prema svim tim smjernicama.
0:33:25,0:33:30,"Znači što prije, po mogućnosti poželjno prije nego što je prošlo deset godina."
0:33:32,0:33:36,Hoćemo li dati nekome ikada terapiju nakon što je prošlo deset godina?
0:33:37,0:33:38,"Jako osobno, vrlo rijetko."
0:33:40,0:33:40,Vrlo rijetko.
0:33:41,0:33:42,Nije nemoguće.
0:33:43,0:33:44,Neki ljudi to žele probati.
0:33:44,0:33:45,Neki ljudi im to pišu.
0:33:46,0:33:48,Je li to kazneno djelo?
0:33:48,0:33:48,Ne.
0:33:48,0:33:49,A što se može desiti uopće?
0:33:49,0:33:57,"A gled, mislim, žene u kasnijoj životnoj dobi imaju veću šansu da imaju negdje neki tumor koji je hormonovisan."
0:33:58,0:34:02,I onda zapravo ti daš ženi hormone i taj tumor počne rasti.
0:34:02,0:34:03,Ne?
0:34:03,0:34:03,Na primjer.
0:34:05,0:34:11,Ili same po sebi imaju povećan rizik za to da imaju neki ugrušak u krvnim žilama.
0:34:12,0:34:13,I sad da ti daš još.
0:34:13,0:34:17,i neke hormone koji onda još malo povećaju taj rizik pa se to dogodi lakše.
0:34:17,0:34:21,Znači ljudi što idu stariji to imaju veće rizike za sve moguće te bolesti.
0:34:22,0:34:27,Pa onda ako im još malo povisiš rizik to može biti ono što će prevagnuti.
0:34:27,0:34:38,"Ali realno mislim u današnje vrijeme, ja mislim da bi ljudi više pisali sve te stvari da se ne boje tih medicopravnih razloga."
0:34:39,0:34:41,"Iskreno, nemam dokaza za to."
0:34:41,0:34:46,Ne znam je li neko radio istraživanje zašto ljudi neće nešto napisati.
0:34:46,0:34:51,"Jer ako imaš pacijenta koji hoće, koji zna, koji sve razumije, mislim smiješ, apsolutno smiješ napisati terapiju."
0:34:51,0:35:19,"Zanimljivo mi je zato što recimo ja dosta pratim tu MMA nekakav komunity, vidim da ti muškarci koji su recimo već u četrdesetima još uvijek se bore ili sad nogometaši, nebitno je Luka Modrić, Kristijan Ronaldo, znači kad se govori o muškarcu jako puno muškaraca, sad opet to moj subjektivno osjećaj, jako puno muškaraca pogotovo oni koji su profesionalci idu na takozvani testeser, replacement terapiju."
0:35:20,0:35:44,"I igraju se sa svojim odmonom, skroz zapadnu stranu, u ono U Belgiji ima cijela jedna struja ljudi koji se jako bave nadomještanjem razno raznih hormona i postoji nekakva količina znanstvene građe, znači znanstvenih radova koji ti kažu da to se može."
0:35:47,0:35:56,"Da li u konvencionalnoj medicini, u onoj tipičnoj zapadnoj medicini koju mi ovdje radimo za koju dobiješ papir, to nije nešto što se radi sustavno."
0:35:57,0:36:05,"To se radi samo, nadomještamo stvari preventivno osim u slučaju kad je prijevremena menopauza."
0:36:05,0:36:06,To ne radimo.
0:36:06,0:36:07,Ali da li je to moguće?
0:36:07,0:36:07,Moguće.
0:36:08,0:36:09,Da li je to pametno?
0:36:09,0:36:09,Ne znam.
0:36:10,0:36:14,"Pogotovo ne znam za muškarce, nemam pojma o nadomještanju hormona kod muškaraca."
0:36:14,0:36:18,"Ne, početi reći da je uređeno mišljenje da je to ok napraviti kod muškaraca."
0:36:18,0:36:25,"Pa dobro, znaš što je, ja mislim da ti je to malo, malo to je možda i algoritam tako tebe."
0:36:25,0:36:26,"Ne, nije, nije, ne."
0:36:26,0:36:30,"Pa znaš što, ja mislim da većina muškaraca zapravo sjedi pred televizorom i ne radi ništa."
0:36:31,0:36:32,Nemoj to reći.
0:36:32,0:36:34,"Pa mislim, kako to?"
0:36:34,0:36:37,"Pa mislim i žena, ne samo muškaraca, i žena, većina populi."
0:36:37,0:36:44,Većina populacije ne radi ništa po pitanju svog zdravlja pa tako ne uzima ni nikakve nadomjestke bilo koje vrste.
0:36:44,0:36:53,Jer onda ne bi inače imali tu po gradu 65 ili 7 posto prekomjerne tjelesne mase.
0:36:53,0:37:02,"Mislim da bi trebali malo napraviti drugačiji stav prema svom zdravlju, svom životu s obzirom na činjenicu da živimo sve duže i duže."
0:37:02,0:37:06,Pa sigurno ne bi počeli živjeti sve kraće i kraće.
0:37:06,0:37:08,Otvoriti vidike prema nekim drugim stvarima.
0:37:08,0:37:09,"Da, apsolutno."
0:37:09,0:37:13,"Gledajući Glesovo živi 110, 120 godina, da se."
0:37:13,0:37:14,godina da je svakljakav nikakav bol.
0:37:14,0:37:15,Sigurno.
0:37:15,0:37:15,Sve te boli.
0:37:16,0:37:18,"Gledajte, sve se može, kažem, sve se može."
0:37:18,0:37:35,"Danas, znači zapravo mislim da ono ni nemaš neko istraživanje koje bi ti reklo, ok, evo davali smo ovim tisućama ljudi, smo davali nadomjesnu terapiju trideset, pedeset godina, a ovim tu tisućama ljudi smo davali placebo i sad da vidimo ono koji od njih su bolje preživjeli."
0:37:35,0:37:36,Takvog istraživanja nemamo.
0:37:37,0:37:49,"I onda zapravo zbog takve, zbog te činjenice zapadna medicina koja je medicina zasnovana na dokazima, to tako funkcionira, ja ti ne bih smjela preporučiti nešto za što nemam dokaz."
0:37:51,0:37:59,"Sad možemo raspravljati o tome je li to pametno ili nije, kad ćemo imati dokaz, ni za što nismo imali dokaz, pa smo onda dobili nakon nekog vremena itd."
0:37:59,0:38:02,"Naravno, zato treba uvijek imati otvoren vidik."
0:38:03,0:38:06,Jer sve što danas radimo jednom je bilo neznanstveno.
0:38:07,0:38:10,"Znaš, ja se uvijek sjetim ovog, znaš za Semmelweisa."
0:38:10,0:38:12,Ne znaš tko je bio Ignac Semmelweis?
0:38:12,0:38:13,To je bio jedan lik.
0:38:13,0:38:13,Kako se zove?
0:38:14,0:38:15,Ignac Semmelweis.
0:38:15,0:38:16,Ignac Semmelweis.
0:38:17,0:38:21,"Uglavnom, mesto radnje Beč, 1800."
0:38:21,0:38:25,"i neka godina, i sad on je uočio da."
0:38:25,0:38:38,da žene u porodu više umiru ako ih porađaju liječnici nego ako ih porađaju babice od sepse jer je sepsa tad bila glavni uzrok smrti nakon poroda osim iskrvarenja.
0:38:39,0:39:01,"I razmišljao je zašto i zaključio je da je to zato što liječnici idu tamo u cirnicu na leševima raditi bez rukavica i vrate se i onda porađaju žene sa neopranim rukama s kojima su malo prije dirali leševe jer tada se ruke nisu prale, nitko nije mislio da je to bitno."
0:39:01,0:39:13,I onda je on rekao da on misli da je to zato što na rukama prenesu bolest i da sad svi imaju prati ruke i na taj način je strašno smanjio smrtnost.
0:39:14,0:39:38,"Međutim, budući da je isto tako rekao da je to sigurno uzrokovano nekim malim bićima koja na nama žive itede onda su mu svi rekli da je to on totalno lud i da to nije znanstveno što on priča, da su to gluposti i Ignacije, mislim dobro ima i on tu nekih malo političkih problema, malo se posvadio tamo sa šefovima i tako, to je isto igralo ulogu dosta, ali je ovo Ali šta misliš kako je on završio?"
0:39:42,0:39:47,"Pa da, zatvorili su ga u ludnicu i tamo je umro, a šta misliš od čega?"
0:39:48,0:39:49,Od sepsi.
0:39:51,0:39:52,Dosta ovako.
0:39:54,0:40:15,"I onda se manji put kad tako me netko nešto pita jel to moguće, nije moguće, znači onda se samo sjetiš Ignacija Semmelwajsa i da, i on je isto imao neku teoriju koja nije bila znanstvena, a danas cijela, svi principi kirurgije i antimikrobne terapije i svega toga počivaju upravo na njegovoj totalno suludoj ideji."
0:40:15,0:40:23,"Tako da, apsolutno je moguće da bilo koja od suludih ideja danas će biti onu okusnica medicine sutra, sasvim sigurno."
0:40:23,0:40:26,Upravo si opisala srž lud podcasta.
0:40:26,0:40:26,Je li?
0:40:27,0:40:27,Oozbiljno da.
0:40:27,0:40:28,Nisam znala.
0:40:28,0:40:29,Zato se zove lud.
0:40:29,0:40:30,Jel tko je normalan?
0:40:31,0:40:33,Ja sam mislila da je kao ono od igra.
0:40:34,0:40:34,Pa može i to biti.
0:40:35,0:40:37,Nisam ga čula.
0:40:37,0:40:39,"Uglavnom, evo, to ti je."
0:40:39,0:40:40,"Da, naravno."
0:40:40,0:40:47,"Da, mislim da sigurno od onog sto tih idealnošća, to ti je kao da pucaš sa sačmaricom i nešto ćeš pogoditi, samo ne znaš."
0:40:48,0:40:48,Nisi siguran.
0:40:49,0:40:50,što je pravi cilj?
0:40:51,0:40:57,Da li će to biti ono do besvijesti hormonska nadomjesna terapija ili će to biti mikrobiom koji je sigurno užasno važan?
0:40:57,0:41:21,"Znači ja sam sigurna da je ono mikrobiom nešto ono nenormalno važno jer većina DNA na nama zapravo nije naša nego tu crijevni ratovi vjerojatno ono Star Wars unutra se događa mi ni ne znamo naš ono, mi nemamo pojma kakvi ratovi su tu unutra vode i kako to utječe na ispoljavanje našeg genoma, nemam pojma epigenetiku i ostalo."
0:41:23,0:41:27,"To će sigurno biti jedan veliki dio medicine., za možda 50 godina."
0:41:28,0:41:31,"Da, uvijek su nam dobro došli ti znatiželjni koji nam pomažu."
0:41:33,0:41:48,"Sigurno, ono što meni recimo, evo sad kad to nije tema ovog podcast-a, ali meni recimo u mojoj struci najviše me trigerira i najviše se iznerviram kad mi neko kaže, eto, to je totalno ludo, to nije znanstveno, to ne možeš raditi, pa svejedno nije bilo znanstveno."
0:41:48,0:41:55,"Znači da nismo razmišljali dalje, da nismo razmišljali izvan te kutije u kojoj su nas stavili i dalje bi bili u pećini."
0:41:55,0:42:01,"Znači, i dalje bi ispuštali krv po sajmovima i to bi bilo glavno."
0:42:01,0:42:09,"glavna stvar u medicini, to je bilo najbolje od svega, evo to je bilo super znanstveno, znači ispuštanje krvi po sajmovima, to je bilo ono tops."
0:42:11,0:42:25,"Znaš, takvi sad, ima hrpa stvari, ja sam sigurna da ono, većina stvari koje mi danas radimo osim razgovora s pacijentima će se u nekom trenutku pokazati kao totalna budalaština i onda netko će se na satu povijesti medicine tome smijati."
0:42:27,0:42:32,"Ali i danas nemamo bolje, znači ja ti mogu dati samo ono što ja sad mislim da je najbolje."
0:42:33,0:42:51,"Da i tu zapravo dolazimo do one druge strane, strane pitanje odgovornosti liječnika ili pitanje općenito odgovornosti, znači, je li postoji potreba za istraživanjem, za izlaženjem iz te kutije, ne možemo sve što nije znanstveno dokazati eliminirati u potpunosti."
0:42:52,0:42:56,"E, ali ne možeš baš ni eksperimentirati na živim ljudima ono nekritično."
0:42:57,0:43:10,"Tako da, ono što mislim kako ja to vidim, znači meni je to svaki dan kad me netko pita jel mogu ja probati, nemam pojma, jesti sad neku tamo biljku za ovo."
0:43:10,0:43:12,"Kako gledate, apsolutno možete to probati."
0:43:14,0:43:16,Ja vam ne mogu reći da će to biti super jer ja to ne znam.
0:43:17,0:43:19,"Možda će biti ono sjajno, možda će ono biti super."
0:43:20,0:43:30,"Mislim da je kod tih stvari jako važno, kod svih tih stvari za koje ne znamo šta su, za koje ne znamo jel rade, ne rade je važno da budemo relativno sigurni da nisu štetne."
0:43:32,0:43:39,"Znači da ti sad ne preporučim da je odio nek ti ne znam skinu pola kože s leđa, to ćete super regenerirati."
0:43:40,0:43:42,Znači takve stvari ne smijemo.
0:43:43,0:43:43,Teško je naći granicu.
0:43:44,0:43:46,"Da, da i to je najteže."
0:43:46,0:43:55,"Znači moraš paziti da čovjeku ne preporučiš nešto što je štetno., ili nešto što će ga potpuno bankrotirati, to je isto glupo."
0:43:56,0:44:01,"Postoje te neke ideje, metode i nama pojema koje su strašno skupe jer su nove, eksperimentalne itd."
0:44:02,0:44:10,A zapravo ljudi mogu značajno narušiti svoje financijsko stanje.
0:44:11,0:44:17,"Tu najviše, mislim, to nisu ove stvari vezane uz menopauzu, tu su uglavnom ljudi koji su životno ugroženi."
0:44:18,0:44:52,"Mislim, ja se trenutno ne bavim onkologijom, ali ljudi koji su onkološki pacijenti koji imaju neki karcinom od kojeg umiru su dosta skloni naravno napraviti sve za sebe i ljudi iz njihove obitelji za njih i sad tu treba biti jako oprezan sa stvarima koje se nude po tako okolo eksperimentalne metode i slično jer nažalost postoje ljudi koji nisu moralni i koji neće imati nikakvog problema s time da ljudima u nevolji naprave još veće zlo, nažalost."
0:44:53,0:44:54,Tako da na to treba paziti.
0:44:55,0:44:55,Istina.
0:44:56,0:44:57,Pametno zboriš.
0:45:00,0:45:02,Pa evo Hajmo se vratiti malo na hormone.
0:45:05,0:45:09,Koji su to točno hormoni i koja je njihova recimo funkcija?
0:45:09,0:45:24,"Opet se vraćam na onaj specifičan primjer, zglobovi, kosti, što često, kad pričamo o spolnim hormonima, najčešće govorimo o estrogenu i progesteronu i to su ujedno hormoni koji se najčešće nadomještaju."
0:45:25,0:45:29,"Tu još postoji testosteron koji kod žena ljudi često zaborave, ali jako je važan."
0:45:30,0:45:41,"Znači testosteron je isto hormon koji jajnici proizvode u jednoj manjoj količini nego kod muškarca jer očito nemamo bradu i brkove i to, barem u većini slučajeva."
0:45:43,0:45:47,A jako je važan i za dobro osjećanje i za mišićnu masu itd.
0:45:47,0:45:52,Tako da u nekom trenutku ženama može nedostati to malo testosterona koje su imale.
0:45:52,0:45:56,Tako da i na to treba obratiti pažnju i on se isto tako može nadomještati kod žena.
0:45:57,0:46:00,Imamo dehidroepijandroslendijon koji se isto tako može nadomještati.
0:46:01,0:46:05,To su recimo četiri najčešća hormona koji se nadomještaju.
0:46:06,0:46:15,"Od čega je estrogen i progesteron ono što tradicionalno smatramo hormonskom nadomjesnom terapijom, ali ove dva ne treba zanemariti."
0:46:15,0:46:16,Isto tako i hormoni štitnjače.
0:46:16,0:46:21,"Znači hormoni štitnjače su isto hormoni koje recimo, evo to je recimo zanimljivo pitanje."
0:46:22,0:46:31,"Zašto ljudi nemaju nikakvog problema s time da se nadomještaju hormoni štitnjače i nitko s tim, tu ne dovodi to u pitanje kao imaš manjka hormona štitnjače pa ćeš ih pojesti."
0:46:32,0:46:39,"Nitko tu ne vidi nikakav problem i to je normalno, a ovo spolni hormoni to nikako, a zapravo je skroz isto."
0:46:41,0:47:01,"I drugo pitanje koje je isto recimo meni zanimljivo, kako se bojiš hormonske terapije, a hormoni su molekule koje si do prije pet minuta izlučivao ili ih izlučuješ i sad samo u manjoj mjeri i potpuno istu takvu molekulu učiti neko da, a ne bojiš se naprimjer ne znam i u profena kojeg sigurno ne proizvodiš u svom tijelu."
0:47:02,0:47:08,Znači to su nekakve znaš stvari koje su stvar percepcije samo.
0:47:09,0:47:10,Pitanje je toga što je normalno.
0:47:10,0:47:15,"Da, što je normalno, u što ljudi vjeruju, oko čega osjećaju sigurnost."
0:47:15,0:47:21,"Da, ono kako se ne bojiš antibiotika ili u profena, zašto se njih ne bojiš, evo bojiš se hormona."
0:47:21,0:47:23,Ali tu ste vi liječnici utjecaj na sebe.
0:47:23,0:47:25,"A jesmo, da, znači tu se vraćamo na."
0:47:25,0:47:29,"onu prvu stvar o kojoj smo razgovarali, a to je komunikacija."
0:47:29,0:47:39,"Jer nažalost, do prije par godina, ja kad sam bila na fakultetu, to nije bilo baš prije par godina, ali prije recimo 20 godina, nisu nas učili komunikaciji."
0:47:40,0:47:42,Barem nedovoljno.
0:47:42,0:47:53,"Znači, nije bilo kolegija iz toga na koji način nekome priopćiti lošu vijest, nije bilo kolegija iz toga na koji način profilirati osobu i vježbi."
0:47:53,0:48:02,"Bilo je govora o tome, naravno, ali nije bilo nekih vježbi da sad neko provjeri o ti zaista znaš razgovarati s tom osobom ili ne znaš."
0:48:02,0:48:09,Ili će tvoj pregled i zaključak tog pregleda biti takav da će osoba izaći još više zbunjena nego što je došlo.
0:48:10,0:48:10,Tog nije bilo.
0:48:11,0:48:19,"Dok recimo neke druge škole, Amerikanci, kada ideš polagati njihovo na ispit za nostrifikaciju diplome, onda ti dovedu 30 glumaca."
0:48:20,0:48:26,I tih 30 glumaca ulazi u prostoriju i tu se gleda na koji način ti komuniciraš.
0:48:26,0:48:47,"Gleda se malo i znaš li o čemu se radi, možeš li prepoznati bolesti, znaš li njihovo liječenje, ali to nije ono što se na tom ispitu gleda specifično, gleda se tvoj govor tijela, jesi li se lijepo predstavio ljudima, jesi li bio jasan u svom objašnjavanju, jesi li na kraju bio siguran da je čovjek razumio itede to se gleda."
0:48:47,0:48:52,"I to je jako važno, velika važnost značaj."
0:48:53,0:48:58,"Da, velika važnost se pride tome, gotovo jednaka kao tome da ti znaš nešto o tim bolestima."
0:48:59,0:49:02,"I ja mislim da bi to apsolutno trebalo biti ovdje, apsolutno."
0:49:02,0:49:14,"Mislim to je malo, znaš, to je njima tamo, nije to zato što oni vole biti ljubazni nego zato što neće da ih tuže i zato što im je sustav malo drugačiji, ali nema veze, mislim nije važno zbog koje motivacije nego koji je ishod."
0:49:14,0:49:21,Iskhod je taj da ti ipak neko na jedan dobar način objasni što se s tobom zbiva i što se s tobom planira.
0:49:24,0:49:25,To je nešto što je nedostajalo.
0:49:25,0:49:34,"Sad su to uveli na faks budući da više ne studiram i ne radim na faksu, ne znam točno kako taj kolegi izgleda, ali znam da postoji i to pozdravljam, mislim da je to super."
0:49:34,0:49:36,I mislim da toga treba još.
0:49:37,0:49:44,"Jel nam možeš reći, molim te, progestrogen, estrogen, testosteron i onaj zadnji hormon koji si spomenula, ne mogu se sjetiti imena."
0:49:45,0:49:48,"Znači, progestrogen, koja je funkcija svakog pojedinačno?"
0:49:49,0:49:49,Ok.
0:49:50,0:49:52,"Če ovo je gore, nego na kolokviju."
0:49:53,0:49:54,"Znači, ovako."
0:49:55,0:49:56,"Ajmo, ovako, generalno."
0:49:56,0:49:57,Svi oni imaju više funkcija.
0:49:58,0:50:11,"Ajmo reći da je estrogen je hormon koji je hormon prve faze ciklusa, koji zapravo čini ono sve zbog čega žene dobro izgledaju."
0:50:13,0:50:19,"Znači, ako vidiš, za tebe je."
0:50:20,0:50:21,Ja im se dugujem.
0:50:22,0:50:24,Oni ne znaju što je estrogen.
0:50:25,0:50:35,"On inače zadebljava između ostalog jedna od njegovih funkcija je da zadebljava sluznicu maternice, od čega će nastati menstruacija i progesteron to radi."
0:50:36,0:50:39,Ali malo je kompleksnije djelovanje.
0:50:39,0:50:54,"Uglavnom ono što ti je bitno je za reći da žene koje imaju maternicu, znači žene koje nemaju izvađenu maternicu ne mogu dobiti samo estrogen jer će se onda dogoditi da će početi krvariti u nekom trenutku nekontrolirano."
0:50:55,0:50:57,Znači takve žene moraju dobiti i estrogen i progesteron.
0:51:00,0:51:02,"Dobro, malo je to."
0:51:03,0:51:08,"Mislim da je onak, malo je sve skupa, sve skupa je malo zakučasto."
0:51:08,0:51:14,A progesteron nekad nadomještamo i ženama koje imaju izvađenu maternicu.
0:51:14,0:51:16,"Znači ne bi nužno morali, one neće krvariti."
0:51:17,0:51:26,"Ali ako znamo, ako nadomijestimo i progesteron da će bolje spavati, da će to spavanje navečer biti puno bolje i da njima zapravo i taj progesteron nedostaje, recimo to tako."
0:51:27,0:51:42,"A testosteron je onaj hormon, to ti je možda poznato, muškarci uzimaju testosteron, ovi šta idu u teretanu, da imaju više mišića, da se bolje osjećaju, da imaju više N energije, da imaju bolji, možda ne znam, muškarci imaju bolji libido kad se previše napucaju testosterona."
0:51:42,0:51:49,"Mislim da ni to nije dobro, ali ne bavim se muškom hormonskom ravnotežom."
0:51:49,0:51:52,Kod žena je testosteron jako važan za libido isto.
0:51:52,0:51:54,"I za taj osjećaj snage, energije itd."
0:51:54,0:52:03,"Tako da žene koje imaju značajan manjak testosterona se mogu osjećati tako, mlitavo, nikako i bez libida."
0:52:03,0:52:04,Kosti s globovima?
0:52:05,0:52:06,"Ima ih, ima naravno."
0:52:06,0:52:08,Sve to ima veze s kostima i s globovima.
0:52:09,0:52:10,Svi ti hormoniji.
0:52:10,0:52:10,Svi.
0:52:12,0:52:12,Svi.
0:52:13,0:52:19,Tako da nema sad tu nekog jednoznačnog odgovora.
0:52:20,0:52:24,"Netko će imati bolove u kostima i zglobovima, daćeš mu svu moguću odabranost, mi smo to japli i imat će ih i dalje."
0:52:28,0:52:30,Nekom će proći kroz rukom od nečega.
0:52:30,0:52:35,"Tako da, nažalost, takvog odgovora, kome će to biti dobro, kome neće, nemamo."
0:52:36,0:52:43,"I nemamo neki način da sad uzmemo kapljicu krvi ili uzorak sline i kažemo, aha, te bi ovolko, te bi ovolko, tebi to, nemamo."
0:52:45,0:52:45,Ne znamo to još.
0:52:46,0:52:49,"Da li će to biti za, ne znam, deset, dvadeset, trideset godina?"
0:52:49,0:52:49,"30 godina, možda će biti."
0:52:50,0:52:54,"Mi možemo odrediti razine hormona iz krvi, možemo odrediti razine hormona iz sline."
0:52:55,0:53:00,"To sve možemo, ali to ne znači da znamo kakav će biti efekt nadomjesne terapije na nekoga."
0:53:00,0:53:07,"Da, opet se vraćam na to da mi se čini da za muškarce se te stvari olako prepisuju, muškarci to puno lakše."
0:53:08,0:53:09,"Ne znam, možda muškarci manje razmišljaju."
0:53:10,0:53:15,"Iako ja stvarno znam puno više žena koje uzimaju hormone nego muškaraca, iskreno ti kažem."
0:53:15,0:53:15,Da.
0:53:17,0:53:20,"Osim ako oni, mislim, možda ne govore to."
0:53:20,0:53:24,"Ali ja stvarno mislim, dobro, doduše ja se bavim ginekologijom."
0:53:25,0:53:38,"Pa onda znam jako puno žena, recimo 50% moje ambulante izlazi van sa nadomjesnom terapijom, ali mislim da generalno žene više o tome i razgovaraju i misle."
0:53:38,0:53:40,"Ne znam, nemam dokaza, ali to je moj dojam."
0:53:41,0:53:43,"Kužim, ne znam ni jednog od žena."
0:53:43,0:53:47,"Ja imam slabije osjećaje da je previše opreza, ne previše, nego da je više opreza kod žena nego kod žena."
0:53:48,0:53:49,Moj dojam je baš da ono.
0:53:50,0:53:52,Da si frajeri ne bi ni mrtvi ništa dali.
0:53:53,0:53:54,90%.
0:53:55,0:53:57,"To je moj dojam, ali ne znam, evo stvarno nemam dokaza."
0:53:57,0:54:00,"Možda neko ima, budemo pogledali pa će ti reći."
0:54:00,0:54:00,Budemo.
0:54:00,0:54:06,"Pogledajte vi, pogledajte i idemo na zanimljivi dio."
0:54:08,0:54:09,"Seksualna medicina, seksualnost."
0:54:12,0:54:21,"Što ljudi i dalje ne znaju o vlastitoj seksualnosti i da li mijenjameno pauze to nekako na gore, na bolje?"
0:54:22,0:54:23,Šta se događa tu?
0:54:23,0:54:26,"Mislim, seksualnost je stvarno jedna široka tema."
0:54:27,0:54:35,"I nije seksualnost uvijek multifaktorialna, utječe samo jedna stvar na seksualnost, pa da sad kažem samo hormonitno to utječe."
0:54:36,0:54:36,Naravno da ne.
0:54:37,0:54:40,"Šta ljudi ne znaju o seksualnosti, ništa ne znaju o seksualnosti."
0:54:40,0:54:42,Ništa ne znaju jer nisu nigdje ništa naučili.
0:54:43,0:54:48,"Znači, ti i ja smo možda još čitali neki tamo časopis u kojem se nešto pisalo o tome, a danas nema više ni časopisa."
0:54:49,0:54:53,"U školi zdravstvenog uloga nema, časopisi se ne čitaju."
0:54:53,0:54:58,"Znači, nisam ja čitala časopis radi savjeta o seksualnosti, nego sam čitala radi savjeta o šminkanju."
0:54:58,0:55:01,"Znaš, na šta da radim kad me frendica trača?"
0:55:02,0:55:07,Pa sam onda u sputi pročitala šta je pisalo o seksualnosti i na taj način sam dobila te informacije.
0:55:08,0:55:11,"Isto nisam u školi ništa učila o tome, ali sam barem imala časopisa."
0:55:11,0:55:27,"Sada svi o skrolaju., kužiš i ni jedan algoritam, ne kaže, a sad si pogledala deset savjeta o šminkanju, sad ćeš pročitati i nešto o spolno prenosivim bolestima i malo ćeš pročitati o masturbaciji i još ćeš malo pročitati o, nemam pojma, ženskom obrascu orgasma."
0:55:28,0:55:28,Nema toga.
0:55:28,0:55:40,"Znači, velika je vjerojatnost da ljudi danas neće doći do takve informacije osim ako ju ciljano ne traže, a čak i kad ju ciljano traže je pitanje iz kojeg izvora će joj dobiti."
0:55:40,0:55:49,"Znači, mi kad smo to čitali u novinama znalo se ko pišete stvari, neko ko je stvarno pisala je doktorica Grujić koja je bila sjajna žena i još uvijek je sjajna žena."
0:55:49,0:55:51,Je li bila ona tu kada upoznala?
0:55:51,0:55:52,"Evo, možeš ju pozvati."
0:55:53,0:55:53,Govoriti.
0:55:53,0:55:54,Janica Grubić.
0:55:54,0:55:55,"Da, da, odlična osoba."
0:55:57,0:55:57,Kako je ime?
0:55:58,0:55:58,Jasenka.
0:55:59,0:56:00,Jasenka Grubić.
0:56:02,0:56:02,Dobro.
0:56:03,0:56:04,Moj životni idol.
0:56:05,0:56:08,"Uglavnom, da, ozbiljno, kad sam bila mala, baš si mislila kako bi voljela biti."
0:56:09,0:56:09,Jasenka.
0:56:10,0:56:15,"I uglavnom, našo znalo se da to piše ona, a ne znaš što danas bilo kojim."
0:56:15,0:56:25,"Ti kad to uguglaš, možeš doći ili tam upišeš u Instagram TikTok, možeš dobiti mene da ti pričamo o tome, koja sam nešto tu se školovala za to, ili možeš dobiti neko ko je pao s Marsa."
0:56:26,0:56:28,i priča bilo šta.
0:56:29,0:56:35,"Znači jednako će što dobiti, jednako će što poslušati i jednako će ljudi to slijediti ili ne slijediti."
0:56:35,0:56:37,Tako da danas informacije može dijeliti svaku.
0:56:39,0:56:42,A problem je još veći šta te informacije ljudi čak niti ne traže.
0:56:43,0:56:48,"E tako da o seksualnosti ako me pitaš šta ljudi ne znaju, nemaju pojma, ne znaju ništa."
0:56:48,0:56:53,"Unatoč tome što su informacije jako dostupne, one se ne konzumiraju."
0:56:54,0:56:56,Što misliš koje su informacije koje bi obavezno trebali znati?
0:56:57,0:56:59,Pa ja mislim da bi prvenstveno trebali znati svoju anatomiju.
0:57:00,0:57:03,"Znači to prvo., prvo i osnovno, anatomija."
0:57:04,0:57:15,Ja nažalost svaki dan u svojoj ambulanti imam žene koje ne znaju od čega se sve sastoji klitoris i gdje se on nalazi jer misle da je to ona mala točkica iznad ulaza u rodnicu.
0:57:16,0:57:20,"Ali nije to mu samo glava, on ima i svoje druge dijelove koji su oko rodnice."
0:57:21,0:57:35,"I sad naš ta spoznaja da je to, to je to zapravo, znači to je taj organ od kojeg nastaje orgasam, a kao stvarno, znači onako, da, mislim, ali to je grozno da te to netko nije naučio u školi."
0:57:35,0:57:45,"Kod da te nisu naučili čemu služi ono uši i nos i ne znam, mislim to je naš i da se od toga radi političko pitanje, mislim ne razumijem, od anatomije."
0:57:46,0:57:52,"Anatomija je ista, mi smo svi homosapijanci, svi imamo istu anatomiju i to nije ideološko pitanje."
0:57:52,0:57:59,"Znači taj ono, klitoris i klitoralni kompleks služi za orgasam bez obzira na društveno uvjerenje."
0:58:00,0:58:02,"Dobro, ali mi smo kršćansko-katoličko društvo."
0:58:02,0:58:05,"Pa to nema veze, nikako kršćanstvo ne zabranjuje orgasam."
0:58:05,0:58:06,Ne znam.
0:58:06,0:58:07,Ja znam.
0:58:08,0:58:10,"Pa znam, pa to je moj posao, pa naravno da jesam."
0:58:10,0:58:14,"Znači, imam osjećaj da se poprijeko gleda na to u tim krugovima?"
0:58:15,0:58:19,"Ne bih rekla, ne, mislim, pa možda, ali to je krivo, zato što nijedna vjera."
0:58:19,0:58:20,Pa masturbaciju da se krivo gleda.
0:58:20,0:58:22,"Pa, ne, nijedna vjera."
0:58:23,0:58:34,"Pa, okej, ali to ne znači da ti ne možeš znati tu anatomiju svoju i onda to iskoristiti u seksu sa svojim bračnim partnerom s kojim si čekao do braka naprimjer."
0:58:34,0:58:42,"Ja ne mogu odgovoriti zapravo sada da li je grijeh uopće seksualni odnos bez svrhe začeća, ne, nije."
0:58:43,0:58:59,"Ali to ti mogu reći sigurno, znači nije u kršćan, mislim, gledaj nisam ja sada ekspert za teologiju niti za kršćanstvo ali sigurno znam da kod nas nema ni jedne religije koja ti brani seksualni odnos sa tvojim zakonitim partnerom."
0:59:00,0:59:01,I to ne ima.
0:59:01,0:59:29,"Nije se sto posto sigurna, ja sam sto posto sigurna samo mislim da se sad tu imaš dio da se ne bi trebala koristiti kontracepcija jel dobro ali to ne znači da možeš zašto se ne bi trebala koristiti zato što nemoj me sad tu tu to ćeš pozvati nekog onog nekog koga kaže ti samo govorim koji je razlog zašto možda ženske osobe koje dolaze k tebe su sramežljive oko toga."
0:59:30,0:59:40,"Hoću ti reći da je to bezveze zato što nijedna religija za koju ja znam da postoji ovdje ne zabranjuje užitak u seksu, niti jedna."
0:59:41,0:59:42,Kršćanska isto tako.
0:59:42,0:59:45,Morat ću si staviti ovdje tebe pa ću onda Igor pitati sljedeći put.
0:59:45,0:59:49,"Gdje je Igor rekao da ne, stvarno ne, niti jedno."
0:59:50,1:00:00,Niti mislim to ono pa ne znam kad ideš na ono tamo kad se ide na one pripreme za brak znaš što se organiziraju u županiji
1:00:00,1:00:20,"morom imaš obično neki par koji ti govori da treba uživati u bračnom i seksualnom životu itede Tako da ne, apsolutno, ja sam sigurna za kršćanstvo, mislim da i u židovstvu je isto tako, u islamu je tako, nema religije koja bi ti branila seksualni užitak sa tvojim bračnim partnerom."
1:00:20,1:00:24,Mislim da se poprijeko gleda čak i na samozadovoljavanje čini mi se.
1:00:24,1:00:33,"Pa moguće, ali gledaj, anatomija nema veze s tim, znači ti trebaš znati svoju anatomiju i onda iz razloga da kasnije možeš razumjeti što se događa s tvojim tijelom."
1:00:34,1:00:48,"Znači da ti nije važno kada ćeš tu informaciju koristiti, da li ćeš tu informaciju koristiti dok masturbiraš ili ćeš tu informaciju koristiti sa svojim jedinim bračnim partnerom kojeg si ikad imao ili ćeš to koristiti dok ćeš biti na nekoj orgiji."
1:00:48,1:00:51,"Što se mene tiče, to je apsolutno svejedno."
1:00:51,1:00:54,Meni je samo važno da ti tu informaciju imaš.
1:00:54,1:00:57,"A na koji način ćeš je koristiti, to je stvar tvog svjetonazora."
1:00:57,1:01:01,"I to nema veze sa anatomijom, razumiješ."
1:01:02,1:01:05,Bitno je da znaš obrazac na koji se stvari događaju.
1:01:07,1:01:10,"Takve si mi lijepe slike bacila u glavu, ovo je bilo toplo."
1:01:10,1:01:16,"Pa da, ali hoću ti reći, što se mene tiče, za mene su svi moji pacijenti isti bez obzira na njihov svjetonazor."
1:01:16,1:01:18,Znači ja to apsolutno poštujem.
1:01:18,1:01:30,"Znači ako ti imaš sedam partnera s kojima si istovremeno, ja ću te morati upozoriti na mogućnost spolno prenosivih bolesti, koliko se često trebaš testirati itede ali sve drugo ostaje isto."
1:01:30,1:01:45,"Isto tako ako si ti osoba koja je čekala do braka sa prvim seksualnim odnosom ili nikad nije imala seksualni odnos ili to ne želi, apsolutno si za mene jednako osoba sa svojim životnim stavima kao i bilo koja druga osoba."
1:01:45,1:01:48,"Znači, tvoj svjetonazor je tvoja stvar."
1:01:48,1:01:55,"Moja je da ti objasnim ove zdravstvene stvari i anatomske stvari, a one se ne razlikuju obzirom na svjetonazor."
1:01:55,1:02:04,"Svi jednako imamo testice, penis, klitoris, klitoralna tijela i na isti način žene postižu orgasm bez obzira na njihov svjetonazor."
1:02:04,1:02:10,"I to je nešto što trebaš znati, pa makar to nikad ne iskoristila ni u jednoj drugoj prilici osim sa svojim jedinim bračnim partnerom."
1:02:11,1:02:13,Zašto neka žena ne može postići orgasm?
1:02:13,1:02:15,Tu postoje razni razlozi.
1:02:15,1:02:19,"Znači, jedno je ovaj dio needukacije, manjka edukacije."
1:02:19,1:02:44,"Pa sada žene očekuju da će ono od toga što je partner penetrirao doživjeti vrhunac i tome su krivi, ja bi rekla najviše romantični filmovi, čak ne ni pornografija jer u pornografiji ipak vidiš neki oblik stimulacije, a on i ona su u liftu i sad on je rekao, ah, ona je rekla, ah, došli su do devetog kata i totalno su ono sve super."
1:02:44,1:02:46,"Mislim, gledajte, to tako ne izgleda u stvarnom životu."
1:02:46,1:03:01,"Znači, da bismo postigli orazam, treba se stimulirati klitoralni kompleks koji nije samo ona točkica, pa onda neke žene mogu doživjeti orazam i samo od penetracije, znači da se stimuliraju sva ta tijela prilikom penetracije, ali takvih žena je ipak manje."
1:03:02,1:03:16,"Većina žena treba stimulaciju dodatno izvana da bi postigla orazam, prilikom penetracije i to je normalno, ali ljudi to ne znaju, naprimjer, to je jedan od razloga, naprimjer, evo, to je isto manjak edukacije."
1:03:17,1:03:38,"Drugo, postoje nekakvi, možda neke žene, znači nakon porođaja ili nakon neke operacije imaju nekakav ožiljak ili imaju neke promjene koje mogu biti bolne, jel, koje mogu onda naravno da ako te nešto boli da nećeš baš ovaj, da ti neće ni ti obrasci dobro funkcionirati."
1:03:38,1:03:43,"Drugo, možda nije ovaj, žene imaju erekciju, jel to isto nešto što ljudi ne znaju."
1:03:43,1:03:47,"Znači žene imaju erekciju jednako kao muškarci, samo što se to ne vidi, jel si to znao?"
1:03:47,1:03:49,Evo vidiš da si nešto naučio.
1:03:49,1:03:59,"Ja sam to tlije, pokazat ću da poslije slike, sad ne možemo tu, ali slike i isti su penis klitoris, nema ono, to je od iste embrionalne osnove nastaje taj organ i jedan i drugi."
1:04:00,1:04:10,"E sad, ako nema žena erekciju, ako nije uzbuđenje onako kako bi trebalo biti, pa mislim koliko penisa će postići orazam ako nema erekcije?"
1:04:10,1:04:16,"Može se, apsolutno, ali ipak je češće da ti je potrebna erekcija, jel tako?"
1:04:16,1:04:17,Tako i kod žena.
1:04:18,1:04:33,"Znači, isto se može, ali ako nema tog uzbuđenja, ako je to sve nešto značajno, sad mi gledamo tu smo, negdje se skrivamo, djeca su u drugoj sobi, nemam pojma, sve je nešto na brzinu i nikako, naravno da je veća šansa da se ipak neće."
1:04:34,1:04:35,dogoditi magični orgazam.
1:04:36,1:04:37,"Ali to sve treba, to se sve znači."
1:04:38,1:04:42,"Ako razumiješ anatomiju kao prvo, e onda ćeš kasnije možeš na tome graditi."
1:04:44,1:04:46,"A dalje, znači što se tiče samog libida."
1:04:47,1:04:52,"Znači libido nije jednoznačan, to si pitao kako se mijenja u menopauzi."
1:04:52,1:04:54,Pa mislim libido je bio psihosocijalan.
1:04:55,1:05:16,"Znači imaš taj biološki dio koji je vezan uz hormone, znači ono većina žena osjeća veći nagon i veći libido za vrijeme ovulacije što je ono evolucijski normalno, ali neki ljudi osjećaju generalno, neki ljudi imaju veću potrebu za seksom, neki imaju manju, to je sve normalno, znači sve je normalno dok ti ne remeti tvoj svakodnevni život."
1:05:16,1:05:31,"Znači to je taj biološki dio, psihički dio, znači netko, a mislim ako si pod sto nekih briga i stresova itede pa naravno da ti neće jednako biti stalo do bilo kakvog odnosa kao ako si, ako nisi, ako ono prštiš od energije i baš si odmoran i super ti je."
1:05:32,1:05:35,"I taj socijalni dio, znači gdje je ono jako važan i taj partnerski odnos."
1:05:36,1:05:49,"Znači nije isto da li smo ja i moj partner sad u jako dobrim odnosima, super smo zaljubljeni i ono jedva čekam da ga vidim ili mi baš ide na živce ono što je opet zaboravio otići po djecu u školu i ostavio čarape ispod kreveta."
1:05:49,1:06:09,"Mislim i ne samo to, nego i druge stvari, da li imam malu djecu, da li imam stare roditelje, da li imam tri kredita koja me brinu, da li me netko maltretira na poslu, da li znaš ono mi je upravo propala firma i ne znam diću itede Znači to su sve stvari koje utječu na želju i na to sve treba obratiti pažnju."
1:06:09,1:06:15,"I sad onda da me pitaš da li se u menopauzi to mijenja, pa da kao i u svim drugim dijelovima života mijenja se."
1:06:15,1:06:35,"Znači taj neki hormonski dio može biti malo manje izražen, znači ti malo manje imaš nekakav onaj nagon koji odjednom nastaje, taj obrazac želje se mijenja malo kod žena ulaskom u menopauzu gdje prvo nastaje taj nekakav dodir i nekakva bliskost, pa tek onda želja."
1:06:38,1:06:52,"Ali ona može biti i bolja i jača i značajnija nego što je bila prije jer više nemaš malu djecu u susjednoj sobi, znači možda u tim godinama si instituiran i siguran u sebe itede i ne brineš se više da li ćeš ostati trudna."
1:06:53,1:06:58,To je isto značajno pogotovo ako ne znam ako si iz neke skupine koja ne koristi kontracepciju.
1:06:59,1:07:03,"To isto može biti značajno i može biti puno bolje nego što je bilo prije, ne mora biti gore."
1:07:03,1:07:07,"To je promjena, ali ne nužno na gore, može biti i na bolje."
1:07:08,1:07:17,"Koliko je seks uopće bitan za žensko zdravlje i postizanje orazma recimo, da li ima ikakve korelacije između toga?"
1:07:18,1:07:21,Da li je seks bitan za postizanje orazma ili je li orazam bitan za zdravlje?
1:07:24,1:07:26,Da li su seks i orazam bitni za zdravlje?
1:07:26,1:07:27,Pa naravno da su bitni.
1:07:28,1:07:31,"Pa mislim to je ono, jedna od glavnih ljudskih potreba."
1:07:32,1:07:35,"Tako da da, mislim seksualnost je definitivno strašno važna."
1:07:36,1:07:38,I naravno nije svakome jednako.
1:07:39,1:07:47,"Netko od nas može biti super zadovoljan odnos jednom godišnje, a nekom je premalo tri puta dnevno."
1:07:48,1:07:53,"Ali to je sve dio, kako bi rekla, normalnog spektra."
1:07:53,1:08:00,"Sve dok mi ne remeti kvalitetu života i dok sam ja zadovoljna sa svojim seksualnim životom, to je ok."
1:08:01,1:08:02,Što god da to bilo.
1:08:02,1:08:04,"Znači, to je sve normalno."
1:08:04,1:08:12,"Sve dok smo zadovoljni i dok ne remetimo sebi ili nekom drugom kvalitetu života, dok nekog ne ugrožavamo, ima svakakvih navika."
1:08:14,1:08:15,Ali da.
1:08:16,1:08:17,Da li priča sa svojim pacijenticama ovome?
1:08:18,1:08:18,Apsolutno.
1:08:19,1:08:19,"Da, apsolutno."
1:08:20,1:08:23,"Ja mislim da je to, pa mislim ko bi te drugi to trebao pitati nego ginekolog."
1:08:23,1:08:27,Ja mislim da je ginekolog bi bio i liječnik opće prakse.
1:08:27,1:08:36,"Prakse, ali ginekolog je osoba koja bi trebala biti ta osoba koja radi screening na seksualne poteškoće."
1:08:37,1:08:43,Jer je realno to jedna od osnovnih funkcija ovog sustava za koji sam se ja specijalizirala.
1:08:44,1:08:48,Znači to je jedna od osnovnih funkcija spolnog sustava.
1:08:48,1:08:52,"Jer to je moj reproduktivni sustav, spolni sustav upravo radi toga."
1:08:52,1:09:06,"Tako da, ja mislim da na jednak način na koji trebam pitati svaku ženu je li ima neku alergiju, je li ima nekih poteškoća sa mokrenjem, isto tako treba pitati za poteškoće u seksualnosti."
1:09:07,1:09:15,"I to, opet kažem, ne vezano uz to, ne vezano uz spolnu orijentaciju, ne vezano uz spolne navike."
1:09:15,1:09:25,"Znači, svako od nas može imati neki svoj set zadovoljstava i poteškoća, i onda se, mislim, moje je da se prilagođujem pacijentu, ne trebaju se pacijenti prilagođavati meni."
1:09:29,1:09:35,"Sad, zaboravio sam kako se zove ta, taj uređaj znam za brend Mirena, kako se zove?"
1:09:35,1:09:36,Spirala.
1:09:36,1:09:36,Spirala.
1:09:38,1:09:40,Nekakve informacije oko toga?
1:09:41,1:09:46,"Pa ovako, mislim, što se tiče IUD-a, to je introductory device, IUD ili spirala."
1:09:46,1:09:57,"Spirala se zove tradicionalno jer su prije izgledale kao spirale, a sada izgledaju kao slovot ili neke kuglice i tako, ali ne izgledaju više kao spirale iako svi to tako zovu."
1:09:58,1:10:03,Ali IUD je recimo neki internacionalni naziv intrauterine device.
1:10:04,1:10:11,"Postoje, ajmo reći grubo ovako, postoje dvije vrste, oni koji ispuštaju hormone i oni koji ne ispuštaju hormone."
1:10:13,1:10:29,"Ovi koji ne ispuštaju hormone služe isključivo za kontracepciju i visoko su sigurni, preko devedeset devet posto to su najsigurnije reverzibilne metode kontracepcije znači jediniino sigurnije od toga je sterilizacija i brzo su reverzibilni."
1:10:29,1:10:33,"Znači, spirala se vrlo lako postavi, vrlo lako izvadi."
1:10:34,1:10:36,Ono za pet minuta doslovce.
1:10:37,1:10:41,"To su, znači ako nisu hormonski služe isključivo za kontracepciju."
1:10:41,1:10:47,"Ako su hormonski uređaji, znači hormonske spirale, one služe i za smanjenje krvarenja."
1:10:48,1:11:11,"I znači to je valjda stvar, izum koji je najviše promijenio kvalitetu života žena u perimenopauzi od svih uređaja koje imamo, zato što zapravo ti preko hazezeoa, naprimjer možeš dobiti na doznaku, možeš dobiti na recept, možeš dobiti hormonsku spiralu ako imaš prekomjerna krvarenja jer to značajno smanjuje krvarenje."
1:11:12,1:11:33,"I vrlo lako se postavlja, krvarenja budu puno manja i jedino, znači u tom smislu ako ne želiš kontracepciju to se ne može napraviti, ali ne može ti se na taj način pomoći da se smanji krvarenje jer imaš i kontracepciju istovremeno, ali ako ti je ok imati kontracepciju i ne želiš trudnoću onda je to ono idealna stvar."
1:11:33,1:11:42,"Znači spirala koja luči tu malu, malu količinu hormona koja zapravo ne djeluje, mislim, vrlo malo djeluje u ostatku tijela."
1:11:42,1:11:43,Koji su to hormoni u svojoj proizvodnji?
1:11:44,1:11:44,Progesteron.
1:11:44,1:11:46,Samo progesteron.
1:11:47,1:11:59,"Ona luči određenu malu količinu progesterona svaki dan, uvijek istu iz tog svog kontenera i ona s vremenom se naravno smanjuje, ali zapravo smanjuje krvarenje."
1:12:00,1:12:02,"I vrlo, vrlo je sigurna kontracepcija."
1:12:02,1:12:07,"Mislim, iz iskustva, a iz svih istraživanja, ženeti obično kažu da su se preporodile."
1:12:07,1:12:17,"Jer više nisu anemične, jer normalno žive, ne krvare, ne ustaju i imaju loku krvi ispod sebe."
1:12:18,1:12:21,"Tako da to je jedan od najboljih, vrlo zapravo."
1:12:21,1:12:25,Vrlo jeftinih uređaja koji može značajno popraviti kvalitetu.
1:12:25,1:12:26,Neke komplikacije?
1:12:26,1:12:27,Komplikacije.
1:12:27,1:12:29,Jer postoje nekakve komplikacije na uzgoju.
1:12:29,1:12:30,Vrlo rijetke.
1:12:31,1:12:38,Najčešće zbog čega se odustaje je u prvih par mjeseci bude nekakvo neuredno krvarenje.
1:12:38,1:12:44,I ima žena menstruaciju i sad misli evo sad je stalo i onda opet nešto mrlja.
1:12:45,1:12:49,"I to je jako dosadno i naporno, ali obično traje tri do šest mjeseci i onda prestane."
1:12:49,1:13:05,"A spiralu možeš imati tu, o kojoj sad pričamo, različito je za svaku, ali evo o ovoj o kojoj sad pričamo, možeš imati pet ili šest g godina za krvarenje i osam godina za kontracepciju."
1:13:07,1:13:17,"Nakon pete godine će izgubiti djelotvornost na prekomjerna krvarenja, ali za kontracepciju će i dalje biti djelotvorna."
1:13:17,1:13:26,"Tako da realno kad stavljamo ženama te uređaje vezano za krvarenje, onda ih mijenjamo svakih pet godina otprilike i to super funkcionira."
1:13:28,1:13:56,"Najčešći razlog odustajanja je taj da je to neuredno krvarenje u početku koje ženama ide na živce, a ovako neke nuspojave, nekakve komplikacije mogu prilikom postavljanja naravno da se svašta može dogoditi, može biti neko krvarenje, može se krivo postaviti, ako žena ima ožiljak na maternici, može se postaviti izvan maternice jel to je užasno rijetko, to je užasno rijetko, ali može se dogoditi, mogu biti neke infekcije, ali zaista kažem to su vrlo rijetke situacije, ne viđa se to baš."
1:13:57,1:13:59,U principu sve prođe kako treba.
1:14:00,1:14:06,"Kad bi žene birale recimo spirala, ne znam kako si rekla da je, ajud."
1:14:06,1:14:07,Ajud.
1:14:08,1:14:10,"U odnosu na pilule, što bi bilo?"
1:14:11,1:14:16,"Mislim, spirala je puno sigurnija od pilule, puno je sigurnija i puno manje djeluje u ostatku tijela."
1:14:16,1:14:23,"Dakle, ako je nekom, ako je nekom, ok i samo zbog kontracepcije ili zbog krvarenja, ja bi uvijek preporučila spiralu."
1:14:23,1:14:26,"Jeftinije je, sigurnije i manje djeluje u ostatku tijela."
1:14:26,1:14:30,Ne vidim kako može bilo što drugo biti bolje.
1:14:30,1:14:34,"Znači, hormonalno djeluje zapravo loše lokalno nego centralno."
1:14:35,1:14:50,"Recimo, taj isti hormon koji je u toj spirali, njega ima ajmo reći 50 mg koji se luči kroz tih pet godina ili osam godina, a u piluli za dan poslije je isti taj, samo ga ima tri puta više."
1:14:50,1:14:52,"Znači, u jednoj piluli si popio tri spirale."
1:14:53,1:14:57,"Ok, to je ta razina, male količine."
1:14:57,1:14:58,hormona.
1:14:58,1:15:02,Tako ja obično pacijenticama objasnim da im bude jasnije koliko je to malo.
1:15:04,1:15:13,Tako da od svih tih mogućih opcija mislim da je to zicar.
1:15:14,1:15:16,Kondomi sa svojim partnerom ili ne?
1:15:16,1:15:21,Pa kondomi su jedina kontracepcija koja te štiti od spolnih bolesti.
1:15:22,1:15:29,"Znači ne sto posto naravno ali to je jedina kontracepcija, jedina metoda koja štiti od spolnih bolesti."
1:15:29,1:15:33,"Dakle ako imaš partnera koji nije testirana, niste jedan drugom prvi partneri."
1:15:33,1:15:39,Znači ako smo sad nas dvoje jedno drugom prvi partneri i mala je vjerojatnost da ćemo si prenijeti neku bolest.
1:15:39,1:15:48,"Ako smo si prvi i jedini partner, ali ako si to nismo i nismo se testirali, onda apsolutno ima smisla koristiti kondome dok se ne testiramo."
1:15:49,1:15:58,"Kad se testiramo i vidimo da smo negativni, onda ono, ako nam je trudnoća opcija super, možemo bez ičeg, ako nam nije, postoje druge metode kontracepcije."
1:15:58,1:16:02,Koliko su ljudi tu neodgovorni i neodgovorni?
1:16:02,1:16:02,Užasno.
1:16:03,1:16:05,Meni se čini puno neodgovornije nego prije.
1:16:07,1:16:12,"Ja sam ono, djete osamdesetih, mi smo svi stalno mislili da ćemo dobiti HIV i to je bilo ono."
1:16:12,1:16:15,"Znači, on samo da ne dobiješ SID-u, SIS-u."
1:16:15,1:16:25,"Ja mislim, stvarno su ljudi koristili kondome, svi moji prijatelji su koristili kondome, nisam našla nikad ni jednog partnera koji ne bi koristio kondome."
1:16:25,1:16:28,"Mislim, možda je to stvar tog nekog društvenog kruga."
1:16:29,1:16:32,"Ali, sad imam osjećaj da to ljudi uopće, da ih se to ništa ne tiče."
1:16:35,1:16:36,Mlađa generacija pogodila.
1:16:36,1:16:37,Pa da.
1:16:37,1:16:40,"I ono, kao pa šta, pa ništa mi nije."
1:16:40,1:16:42,"Kažem mi, pacijentic, pa nema nikakve simptome."
1:16:43,1:16:46,"A, dobro, znaš, koje točno simptome misliš da ćeš imati?"
1:16:46,1:16:50,"Od klamidije, na primjer, ili od HIV-a u prvih par godina, nikakve."
1:16:50,1:16:52,"Nećeš imati nikakve simptome, nećeš vidjeti ništa."
1:16:53,1:16:56,I to je isto nešto što ljudi više ne znaju.
1:16:57,1:17:00,Jer imamo osjećaj da nema zdravstvenog odgoja.
1:17:01,1:17:04,I namjerno to ne zovem spolni odgoj.
1:17:04,1:17:09,Jer spolni odgoj ili seksualni odgoj je samo jedan mali dio zdravstvenog odgoja.
1:17:09,1:17:13,Zdravstveni odgoj je sve ono što je tvoj odnos prema tvojem tijelu.
1:17:13,1:17:16,Sve ono što je tvoje znanje o tome kako tvoje tijelo funkcionira.
1:17:18,1:17:23,"Kad se sjetim dok sam ja bio osnovna škola, recimo, čini mi se da je to bilo za vrijeme srednje škole isto."
1:17:24,1:17:27,Došli su nam ljudi kao reći nešto o tome.
1:17:27,1:17:30,Netko izvan škole je došao pa smo se onda mi ih ih hotali.
1:17:33,1:17:39,"Vulvo, evo iskreno, ne znam da li je ikad iko spomenuo taj termin, to sam prvi put čuo kod tebe."
1:17:39,1:17:39,Stvarno?
1:17:39,1:17:42,"Da, ne, od svih tih ljudi koji su kao dolazili na nas educirati."
1:17:43,1:17:46,"Da, pa gled, mislim vjerojatno ti ljudi isto nisu bili educirani za tu edukaciju."
1:17:47,1:17:47,Moguće da.
1:17:48,1:17:48,Sigurno nisu.
1:17:48,1:17:58,"Mislim mogu ti to reći zato što sam i ja na fakšu dok sam bila išla držati nekakva ta predavanja, pa sad ono to je još bilo dobro jer smo mi bili studenti medicine, ali sigurno nismo bili pedagoški putkovani."
1:17:59,1:18:10,Ja sad imam jedan projekt u osnovnim školama koji je ono meni jako dragi i jako simpatičan koji se zove Menstruacija normalna stvar gdje onda idemo u pete i šeste razrede i pričamo o menstruaciji.
1:18:10,1:18:14,"Zašto zapravo imamo menstruaciju i što je normalno, što nije normalno."
1:18:15,1:18:20,"I ti vidiš da djeca zapravo ne znaju imenovati organe, to što si rekao."
1:18:21,1:18:31,"Znači, kažeš ono, testi si penis, vulva, vagina i djeca ono kao, nije to prosta riječ, nije penis prosta riječ, to je oznaka za dio tijela."
1:18:32,1:18:33,"Znači, ono kako ćemo ga zvati?"
1:18:33,1:18:35,Nećemo ono tamo dolje.
1:18:37,1:18:38,Imaš kćer?
1:18:38,1:18:39,Imam dvije.
1:18:39,1:18:40,Kako si s njima pričao o tome?
1:18:41,1:18:41,Najnormalnije.
1:18:42,1:18:45,"Kad su bile male, kako ste nazivali te dijelove tijela?"
1:18:45,1:18:52,"Ja bih najnormalnije, znači, ja bih njima rekla, gledaj ono, oni su, gledaj odrasli su sa svojim ginekološkim atlasima, to su im mi bile slikovnice."
1:18:54,1:18:56,To je bila priča za laku noć.
1:18:57,1:19:02,"Znaju latinske nazive i svih dijelova tijela, ne samo intimnih dijelova tijela."
1:19:05,1:19:19,"Djeca naravno u vrtiću ovisno o tome gdje si, u kojem si podneblju zovu ne znam, mislim da su ono, Slovenci zovu Lulek, penis i kojeg, mislim to je simpa ono, ali treba Lulek, da, to mi je baš simpa."
1:19:20,1:19:20,Lulek.
1:19:20,1:19:27,"Da, Lulek piša, nemam pojma, ima tih svih naziva, pikica, pipica, da, znaš ono."
1:19:27,1:19:35,"I ok, mislim isto kao što kažeš nosič, pa pa nećeš nekom od četrdeset godina reći nosić, ali i dalje dijete zna da se ovo zove nosa, nije nosić."
1:19:36,1:19:45,"Isto tako mislim da treba znati ispravne nazive za dijelove tijela, između ostalog zato što se pokazalo da je to jako važno u prevenciji nasilja nad djecom."
1:19:45,1:19:45,Nasilja.
1:19:46,1:19:47,"Nasilja, da, seksualnog nasilja."
1:19:47,1:20:00,"Zato što djeca ako ne znaju kako imenovati dijelove tijela i šta je normalno, šta nije normalno, ne znaju nekad ni reći i srame se uopće izgovoriti, znači da se nešto dogodilo što možda nije normalno."
1:20:00,1:20:02,"Tako da, to je isto jako važno."
1:20:02,1:20:07,"Mislim, ljudi često zanemaruju tako neku banalnu stvar."
1:20:07,1:20:14,"Znači, djeca ono kao što znaju naziv za ruku, nogu, trebaju znati ispravan naziv za vulvu i vaginu."
1:20:14,1:20:20,"Vulva je ona izvana, vagina je ona cijev unutra, to isto ljudi ne znaju, ono žene četrdeset godina ne znaju razliku."
1:20:21,1:20:32,I namjerno ne kažem stidnica što je kao hrvatska riječ za vulvu jer mislim da ono nije ok da ženski organ zovemo stidnica ako muški nazovemo sidak ili sidac.
1:20:33,1:20:37,"Tako da, da, mislim da ono, latinski nazivi su ok."
1:20:38,1:20:48,"Ono, internacionalni su, većina ljudi to tako koristi, većina svijeta koristi te nazive, mislim da je ok, ne moramo biti posebni po tome da sad mi izmišljamo neke svoje."
1:20:49,1:20:55,"I sigurno stidnica nije dobar izraz, jer zašto bismo učili ljude da se trebaju stidjeti nekog dijela tijela?"
1:20:57,1:20:58,"Tako da evo, ja to ne koristim."
1:20:59,1:21:00,Zato kažem vulva.
1:21:03,1:21:05,A vagina kažem zato što mi je lakše izgovoriti nego rodnica.
1:21:08,1:21:09,Šta ti je lakše izgovoriti?
1:21:11,1:21:15,Došli smo do onog dijela životnog stila i cjelovitog čovjeka.
1:21:17,1:21:27,"Holistički pristup, kako ti u radu sa svojim pacijenticama razgovaraš o tom dijelu?"
1:21:28,1:21:37,"Pa gledaj, ja mislim da, znači ona, ako misliš, zapravo kako bi rekla, gledam tu ženu kao cjelinu."
1:21:38,1:21:53,"Znači u tom smislu mislim da to znači holistički pristup, da gledaš ženu tojest osobu koja sjedi preko puta tebe kao cjelinu sa svim socijalnim, fizičkim i ostalim karakteristikama koje ima."
1:21:53,1:21:57,"Jer mislim da jedino tako možeš biti adekvatan liječnik, jedino tako."
1:21:59,1:22:13,"Mislim to je naravno osim ako se ne baviš vrlo specifičnim dijelom abdominalne kirurgije gdje trebaš nešto zaštititi za nešto onda možda ne moraš znati nešto o socijalnom životu, ali i tada trebaš i tada je to važno."
1:22:14,1:22:24,"Tako da nema tog liječnika koji ne bi trebao poznavati svog pacijenta jer nije isto, meni nije isto jel preko puta mene sjedi osoba koja radi teški fizički rad jer će imati totalno drugi set problema."
1:22:25,1:22:30,Jel ta osoba koja možda ne radi teški fizički rad nego radi cijeli dan sjedi za računalom?
1:22:30,1:22:38,"Jel to neka osoba koja radi u nekakvim uvjetima gdje postoje toksične stvari, radi u nekoj tvornici, nemam pojma gdje se proizvode kemikalije?"
1:22:39,1:22:45,Da li ta osoba živi sa velikom obitelji ili živi sama ili živi sa partnerom i psom da li živi.
1:22:46,1:22:50,To su sve važne stvari koje utječu na tvoje zdravlje.
1:22:51,1:22:54,Jer ljude ne možemo na legokockice rastaviti.
1:22:55,1:22:56,Ljudi nisu slagalice.
1:22:56,1:23:01,"Pa da se kaže, aha, ja ću pogledati maternicu, ovu kockicu gledam ja, a ovo tu će neko drugi."
1:23:01,1:23:02,Ja mislim da to nema smisla.
1:23:03,1:23:06,"Znači, ili gledaš cijelog čovjeka ili ga ne gledaš uopće jer je to glupo."
1:23:08,1:23:14,Naravno da je ono što nam je organizacija zdravstva donijela to da nemaš vremena za čovjeka.
1:23:14,1:23:20,"Da ljudi koji rade u groznim uvjetima, kolege koji rade u groznim uvjetima, naprosto fizički nemaju vremena."
1:23:21,1:23:45,"Nemaju vremena, ako ti moraš u roku od ne znam šest ili osam sati pogledati pedeset ljudi, ti nećeš fizički moći to odraditi niti ćeš moći ostvariti rapport s tim ljudima takav da ti oni hoće uopće reći te stvari jer ti moraš ostvariti odnos sa pacijentom odnos povjerenja da ja vjerujem tebi i ti vjeruješ meni da onda mi uopće možemo na jedan takav vrlo, vrlo intiman način razgovarati."
1:23:45,1:23:50,"Ali to je osnova, ja mislim to je osnova bilo kojeg pristupa liječenju."
1:23:50,1:24:03,"Liječnik obiteljske medicine se zato tako zove jer bi trebao poznavati cijelu tvoju obitelj, trebao bi poznavati sve što se u tvojoj obitelji događa, gdje živite, kako živite, šta radite, s čime se bavite, kakve su vaše navike, to je liječniknik obiteljske medicine."
1:24:03,1:24:15,"Isto kao što je ginekolog, osoba koja bi trebala onda poznavati tu ženu sa svim njezinim socijalnim, fizičkim i ostalim trenutnim momentima."
1:24:16,1:24:29,"Jer meni nije isto je li to osoba koja se bori sa pretilošću, jer će imati cijeli drugi niz problema, jer to osoba koja je trenutno prošla razvod, jer to osoba koja ima stare roditelje o kojima se brine pa ih mora dizati."
1:24:30,1:24:34,To su sve jako važne stvari i to je ono kako ja vidim holistički pristup.
1:24:34,1:24:39,"E sad ta riječ holistički se dosta zlorabija, ja bi rekla isto, ako je i perimenopauza."
1:24:41,1:24:48,"onda svašta ljudi definiraju kao holistički pristup, ali po meni je holistički pristup to da gledaš cijelu osobu."
1:24:49,1:25:12,"I naravno ako, i sad se opet vraćamo na ono što smo pričali, znači ako si ti netko tko je ne znam, ti si vegan i ne želiš nikakve, bilo kakve supstance koristiti, pa naravno da tebi onda neću ponuditi da ti damo ne znam nadomjesnu terapiju sa nečim sintetskim ili da bilo šta nešto što tebi ne bi bilo prihvatljivo u tvom svjetonazoru."
1:25:12,1:25:24,"Ili ako si ti ne znam osoba koja recimo ima, evo to smo pričali o kontracepciji, koja je kontracepcija po njezinom uvjerenju nije neka opcija."
1:25:24,1:25:32,Naravno da tebi to neću nuditi kao metodu rješenja bilo kojeg tvojeg problema jer to za tebe nije jer se to kosi sa tvojim svjetonazorom.
1:25:33,1:25:40,"Ali ja mislim da je za mene važno, znači kao liječnika da nemam problema s tim, bilo čijim svjetonazorom."
1:25:40,1:25:48,Ne mogu ja sad nekog liječiti kao sve vas liječim isto i ne želim uopće čuti jer se to kosi sa mojim svjetonazorom.
1:25:48,1:25:50,"Moj svjetonazor nema veze s tim, ja sam liječnik."
1:25:50,1:25:54,Pa zapravo bi svaki liječnik na nekakav način trebao biti mali psiholog.
1:25:55,1:25:55,Pa apsolutno.
1:25:56,1:25:57,Pa apsolutno da.
1:25:57,1:25:59,Mislim da je psiholog.
1:26:00,1:26:02,trebao bi imati jedan pristup koji bi.
1:26:02,1:26:05,"Psihološki okvir bi trebao poznavati na nekakav način, sigurno."
1:26:05,1:26:13,"Znači trebao bi poznavati i trebao bi poznavati metode intervjua koje se koriste u psihologiji, trebao bi poznavati te stvari."
1:26:14,1:26:18,Znači da bi uopće mogao doći do nekog efekta kojeg hoće postići.
1:26:19,1:26:24,"Kako izgleda recimo ovaj, koliko ti recimo pacijentica imaš dnevno?"
1:26:25,1:26:33,Kako izgleda recimo prvi kontakt kad je osoba prvi put došla k tebi u odnosu na pet i deset i to je jako važno i velika je razlika.
1:26:33,1:26:35,Znači nije isto jel dolaziš prvi put ili ne.
1:26:35,1:26:38,Kad dolaziš prvi put onda naravno dobiješ i veći termin.
1:26:39,1:26:43,Tako da nemojte reći koliko ih imam u danu jer se to razlikuje od dana do dana.
1:26:43,1:27:23,"Ako su svi prvi preglede, znači ako sve žene koje dolaze taj dan vidim prvi put onda ih može maksimalno biti ne znam šest ili sedam jer je osam sati u mom radnom danu plus pola sata pauze i ako gledamo da je četrdeset pet minuta minimum za pacijenticu koja dolazi prvi put onda računi to je računica a naravno neki dobiju i više vremena ako znamo da je neka poteškoća koja je možda seksualne prirode ili nešto drugo što je onako možda malo više opipljivo i malo Malo pipkavo za dođe do problema, da ćemo znamo da ćemo trebati malo više vremena za te prve intervjue."
1:27:24,1:27:25,I sad kako to izgleda?
1:27:25,1:27:27,To izgleda tako da se prvo upoznajemo.
1:27:27,1:27:36,"Znači prvo osoba ulazi, onda se rukujemo, predstavimo se jedno drugo i malo se upoznamo da znamo s kim razgovara."
1:27:37,1:27:44,"Razgovaramo o tim nekim normalnim stvarima i onda ona pitanja postavljamo koja postavljaju svi liječnici, valjda bi trebali."
1:27:44,1:27:54,"Jeste li preboljeli neke bolesti, jeste li oni imali neku operaciju, uzimate neke lijekove, je li u vašoj obitelji bilo nekih bolesti, standardno uzimanje povijesti bolesti."
1:27:55,1:27:57,Zašto je to bitno da li u obitelji ne netko imao?
1:27:57,1:27:59,Zato što su neke stvari nasljedne.
1:28:00,1:28:03,Neke su stvari nasljedne i na to moramo obratiti pažnju.
1:28:04,1:28:11,"Osim toga, neke stvari su važne i iz psiholoških razloga kao što smo prije razgovarali."
1:28:12,1:28:26,"Nije isto žena koja je recimo, koja je odrasla sa petero braće i sestara, neće imati isti set vještina i općenito prilagodbi kao netko tko je odrastao sam, ako je netko izgubio roditelje jako rano."
1:28:27,1:28:28,To je jako važno.
1:28:28,1:28:41,"Ne samo, možda mogu ih izgubiti u prometnoj nesreći, pa to nije nasljedno, ali će se jako odraziti na tvoj život dalje, to su jako važne stvari u liječenju ljudi, u bilo, mislim ne samo u liječenju, u bilo kakvom tretiranju ljudi."
1:28:42,1:29:02,"Jedan moj gost zapravo, gošća je bila i izjavila da čovjek je čovjek u lijeku, recimo to je bila njena rečenica, sad kad bi kroz onu prizmu psiholoških efekata placeba i noceba, kad bi svrstali liječnika, sigurno, sigurno netko može biti toksičan, netko može biti lijekovac."
1:29:03,1:29:10,"Liječnik može biti jedan jako veliki placebo ili nocebo, apsolutno, znači apsolutno to je čak nešto što te uče na faksu."
1:29:10,1:29:10,"Uče, jel?"
1:29:11,1:29:20,"Da, samo neko zapamti, netko ne, to te uče na faksu, da je taj pristup pacijentu i razgovor s pacijentom općenito kažu da je uzimanja nam ne za više od pola liječenja."
1:29:20,1:29:21,To je točno.
1:29:21,1:29:23,Ja u to jako vjerujem.
1:29:24,1:29:27,"Mislim, ne da vjerujem, nego znam da je to tako."
1:29:28,1:29:32,"Jer, ovo ga, prvo namjera."
1:29:32,1:29:38,"Znači, ako je moja stvarna namjera da tebi pomognem, onda to će vrlo teško početi po zlu."
1:29:38,1:29:41,Ja mogu na kraju ne znat kako da ti pomognem i to je ok.
1:29:41,1:29:42,I onda to trebam priznati.
1:29:42,1:29:44,"Kažem, gledaj, on nemojte se ljutiti, ja ne znam."
1:29:46,1:29:47,Ne znam kako da vam pomognem.
1:29:48,1:29:55,"Ali poznajem još dvoje ili troje ljudi, znam da postoji negdje u svijetu neko ko se možda baš ti time bavi, pa ću vas ja poslati tamo."
1:29:57,1:30:01,"Pa onda kad odete tamo, molim vas javite mi se da znam što je bilo."
1:30:02,1:30:02,Jer mi je to važno.
1:30:04,1:30:06,Jer mi je važno da znam što je bilo s tobom.
1:30:06,1:30:08,Jer si tu došao i dao si mi svoje povjerenje.
1:30:09,1:30:10,To je ogromna stvar.
1:30:11,1:30:13,To se ne da opisati neko ko ne radi taj posao.
1:30:13,1:30:16,Ne može tu znati šta je to da je tebi netko dao povjerenje.
1:30:17,1:30:18,On neko ti vjeruje svojim životom.
1:30:18,1:30:25,"Došao je tu da vidi tebe, da ti njemu nešto kažeš da mu pomogneš u njegovom bilo kojoj poteškoći."
1:30:25,1:30:27,To je ogromno povjerenje i to treba poštovati.
1:30:28,1:30:31,Možeš imati ono veliki respekt prema tome da je netko uopće htio.
1:30:32,1:30:34,Na taj način se tebi obratiti.
1:30:34,1:30:36,"Znači, to je već prva stvar."
1:30:36,1:30:40,"Znači, ako ja to poštujem, onda već idemo prema boljim."
1:30:40,1:30:44,Onda je već manja šansa za neuspjeh.
1:30:46,1:30:47,Malo će kao da ti je to misija.
1:30:49,1:30:49,Misija?
1:30:50,1:30:55,"Da ti je to ono, da ti to nije samo posao nego više od toga."
1:30:55,1:30:56,To ti se zove poziv.
1:30:57,1:31:00,Jel ti je opterećenje to povjerenje koje ti ljudi daju?
1:31:00,1:31:00,Ne.
1:31:01,1:31:02,To mi je veselje.
1:31:04,1:31:07,"Mislim, sigurno da može na neki način biti opterećenje."
1:31:07,1:31:09,"Znaš, to je kao da pitaš šesti djeca opterećenje."
1:31:10,1:31:13,"Pa jesu na neki način., ali su više od toga veselje."
1:31:14,1:31:22,"I postoje mehanizmi, psihološki mehanizmi na koji način ti možeš bilo koje opterećenje pretvoriti u nešto što te puni."
1:31:23,1:31:38,"Tako da to samo tu treba paziti, to treba biti jako, to je isto nešto recimo na što bi trebalo obratiti pažnju tijekom edukacije da se ljudi uče da ne smiju, da ne smiju stradati sami."
1:31:39,1:31:39,Liječnici.
1:31:40,1:31:40,Da.
1:31:41,1:31:55,"I liječnici i psiholozi, bilo koliko radi s ljudima, moraju zapravo ono uvijek paziti na sebe da ne stradaju od tih svih stvari, da na neki način kanaliziraju da oni ne nose nečiji teret na sebe."
1:31:56,1:32:10,"Imaš osjećaj da bi trebalo, liječnike se doslovce radi selekciju po nekakvim karakternim crtama ili osobnosti, da nema svako niti afiniteta niti predispozicije da bi radila taj posao?"
1:32:11,1:32:15,"Ne rade svi liječnici iste poslove, ne rade svi liječnici sa ljudima."
1:32:17,1:32:18,Mislim na ove koji rade s ljudima.
1:32:19,1:32:23,"Apsolutno, ja mislim da bi to trebalo, samo što ko će raditi tu selekciju i na koji način."
1:32:24,1:32:25,Teško je mjeriti.
1:32:25,1:32:30,"Teško je mjeriti, teško je uopće predvidjeti, teško je znati, ali trebalo bi imati nekuu superviziju, to da."
1:32:30,1:32:31,Znači to postoji.
1:32:32,1:32:40,"U nekim drugim zemljama postoji supervizija, pa onda ti svakog toliko ideš kod svog tamo terapeuta i onda pričaš s njim."
1:32:40,1:32:42,"Ne zato što hoćeš, nego zato što moraš."
1:32:44,1:32:51,"Ali da, mislim sigurno da neki ljudi imaju više, neki manje afiniteta."
1:32:51,1:32:55,"Kao i za bilo koji drugi posao, nema tu, nije to neka razlika."
1:32:55,1:32:58,"Znači za svaki posao netko ima više, netko manje afiniteta."
1:32:58,1:33:00,Netko fakat ne bi trebao biti ona teta u banci.
1:33:00,1:33:05,"Znači on fakat ne, gospođo, molim vas, hodite raditi nešto drugo."
1:33:05,1:33:07,Možda je za vas baš poljoprivreda.
1:33:07,1:33:07,Hvala.
1:33:08,1:33:09,Kljivljenje paradijaza.
1:33:10,1:33:13,"Ali, tko će biti taj koji će to reći?"
1:33:13,1:33:14,Ne znam.
1:33:14,1:33:15,Trebalo bi da.
1:33:15,1:33:18,Te profesionalne orijentacije ozbiljnije shvatiti.
1:33:18,1:33:25,"Imali nešto što bi mi, muškarci, trebali znati da nam posebno želiš poručiti?"
1:33:26,1:33:32,"Što se tiče tvog posla i što se tiče tvojih klijentica, ne klijentica, pacijentica?"
1:33:33,1:33:41,"Mislim, možda će se to bedasto zvučati, ali ja ne vidim takvu veliku razliku između žena i muškaraca."
1:33:42,1:33:44,"Znači, sad da ja nešto poručim muškarcima."
1:33:44,1:33:47,"Znači, što ja poručim muškarcima, što ne bi svim drugim ljudima."
1:33:48,1:34:03,"Isto što i ženama, pa živimo svi u istom svijetu i muškarci i žene, pa mislim nije to, opće ne vidim, znači, okej naravno muškarci ne dolaze ginekologu osim ako nisu transgender ljudi, ali stvarno takvih nema puno jel, ali i oni dolaze ginekologu."
1:34:03,1:34:27,"Ali, generalno ja ovoga sa muškarcima ne radim kao sa pacijentima trenutno, ali radila sam prije dok nisam bila ginekolog i ne vidim, ne radim tu razliku, ono, meni su zaista svi ljudi isti, muški i ženski i crni i bijeli i koji vjeruju u ovo i ono i jedu u ovo i ono, meni je to svejedno, meni je samo bitno da ja to znam pa da znam o čemu pričamo, a muškarcima isto što i ženama."
1:34:27,1:34:32,"Znači ono, dajte ono, treba brinuti o svom zdravlju i muškarci i žene."
1:34:32,1:34:44,"I ono što muškarci možda mogu, što žene rade za muškarce cijelo vrijeme, da žene za svoje muževe uglavnom gledaju jel su oni bili na nekim pregledima ili nisu bili na nekim pregledima ili su bili na sistematskom nisu."
1:34:44,1:35:00,"Znači ono to obično u većini slučajeva žene vode računa o takvim stvarima u kući, a muškarci bi isto možda mogli samo osvijestiti da postoji liječnik za žene i da bi žene trebale tog liječnika posjećivati, evo recimo to tako."
1:35:01,1:35:08,"I možda mogu osvijestiti da žene mogu imati hormonske promjene, koje možda one same neće primijetiti."
1:35:08,1:35:11,Možda one same neće primijetiti da nešto s njima nije u redu.
1:35:11,1:35:24,"I onda od svakog partnera u poslu bi očekivao tako da ti kaže, gledaj ono, mislim da ovaj tvoj poslovni potez nije bio baš najbolji, ajmo vidjeti što možemo s tim napraviti."
1:35:24,1:35:26,Pa tako isto očekujem od svog životnog partnera da mi kaže.
1:35:27,1:35:36,"Znači očekujem od svog partnera da mi kaže, dobro namjerno, naravno i konstruktivno, a ne da mi objasni da ništa ne vrijedim jer to nije partner nego mučitelj."
1:35:37,1:35:47,"Ali od partnera očekuješ da ti kaže, gledaj ono, čini mi se da ne spavaš dobro, čini mi se da nisi dobro, da ti nešto nije, jel misliš da možemo nešto napraviti da ti pomognemo?"
1:35:48,1:36:05,"Jer meni se čini, evo slušao sam na ovom super podkastu koji vodi ovaj tip, on je totalno elokventan, pričali su o nekoj tamo menopauzi, jel misliš da je možda perimenopauzi, jel misliš da je možda to, možda bi mogli to, ono možda, znači možda da se javiš nekom pa da provjeri, jel nešto s tim."
1:36:05,1:36:11,Znači to je nešto što recimo evo muškarci mogu iz ovoga čut kao specifično muškarci.
1:36:12,1:36:14,Baš me zanima koliko će muškarci ovo pogledati.
1:36:14,1:36:16,"Pa nemam pojma, evo znači ćemo statistiku."
1:36:16,1:36:27,"Znači, on će ti poslati poruku, a daj mi reci da li žene rade nekakvu razliku prema ginekolozima koji su muškarci od žena?"
1:36:28,1:36:29,"Nemam pojma, ne znam."
1:36:29,1:36:31,Ne znam tu statistiku.
1:36:31,1:36:41,"Znam da neke žene preferiraju muške ginekologije jer tvrde da su žene grube, neke žene ni mrtve ne bi išle muškom ginekologu jer evo zašto bi muški bili ginekolozi, ne znam."
1:36:41,1:36:45,"Nemam tu statistiku, možda nije loša ideja za neko istraživanje."
1:36:45,1:36:49,"Ne znam, evo moje nemaju problem s time da sam žena, to ti mogu reći."
1:36:50,1:36:56,"A isto tako znam sjajnih kolega koji su muškarci, koji su divni ginekolozi, divni ljudi i stručnjaci, tako da nemam pojma."
1:36:56,1:36:59,Sigurno svako nešto voli i svako će naći nešto za sebe.
1:37:00,1:37:01,Mislim da je to to.
1:37:01,1:37:08,"Da, s muške strane uvijek ima ona šala i pošalice kao Monjeg ginekologa, koliko ti je on žena vidio, znaš."
1:37:08,1:37:15,"Vjerujem mi, to je i moj prijatelj, baš mi je jučer prijatelj to rekao, ja bi volio raditi tvoj posao, to si siguran."
1:37:15,1:37:21,"Znači, zbog onog zbog čega ti misliš, to se ne bi nagledalo, znači to nije takav posao."
1:37:21,1:37:28,"Tako da onak, ne, ljudi to malo, te priče iz Viceva su i dalje samo priče iz Viceva."
1:37:29,1:37:30,Kakve tu naušnice imaš?
1:37:32,1:37:36,To su mi moje kćeri poklonile i to su liječnički simboli.
1:37:36,1:37:37,Zmija ona.
1:37:37,1:37:38,Zmija na štapu.
1:37:38,1:37:40,To je farmaceutski simbol čini mi se.
1:37:40,1:37:42,"Ne, farmaceuti imaju čašu."
1:37:42,1:37:42,Čašu.
1:37:43,1:37:45,"Oni imaju kalež i zmiju, a mi imamo štap."
1:37:47,1:37:48,To su simboli lječništva.
1:37:49,1:37:50,"Petro, hvala ti."
1:37:50,1:37:51,Hvala tebi.
1:37:51,1:37:52,Baš sam uživao.
1:37:53,1:37:57,"Mislim da si bila korisna, ja sam evo pokušao pomoći."
1:37:58,1:38:01,"Tako da, ljudi, vidimo se za tjedan dana."
1:38:01,1:38:02,Nadam se da ste uživali.
1:38:02,1:38:04,"To je da si ti uživala, vjerovatno."
1:38:05,1:38:06,"Ne, ne, da si ti uživao."
1:38:06,1:38:08,"Uživao, pogledaj tu, recimo."
1:38:08,1:38:08,Da si uživao.
1:38:09,1:38:10,I uživao i uživalo.
1:38:10,1:38:10,Uživali.
1:38:12,1:38:13,Vidimo se.
1:38:14,1:38:14,Top.
