Start (HH:MM:SS),End (HH:MM:SS),Segment
0:00:00,0:00:03,"Iskreno, uopće te nekakve podjele na muške i ženske poslove."
0:00:03,0:00:08,Ja ovdje kažem da postoje ljudi koji znaju odraditi posao i postoje ljudi koji ga ne znaju odraditi.
0:00:08,0:00:09,Treba li više žena?
0:00:09,0:00:12,"Ne treba više ni žena ni muškaraca, treba više sposobnih ljudi."
0:00:12,0:00:18,"Znači, stavi one ljude koji su najsposobniji u nečemu da se bave s tim i onda imaš najbolji mogući proizvod."
0:00:18,0:00:27,"Ako nemaš želju, glad, ako nemaš nekakvu disciplinu na kraju krajeva, ako nemaš volje slušati one koji ti mogu dati nekakav savjet, ne možeš uspjeti."
0:00:27,0:00:31,"Mislim da ne bih bila ovdje gdje sam, znači da sam imala problem s tim tko šta misli."
0:00:32,0:00:33,Ne možeš sam sebe zaštititi od toga.
0:00:34,0:00:37,Ja ovdje kažem da je nekako dužnost svakoga od nas da.
0:00:37,0:00:42,Da zaštiti samog sebe i da zaštiti prije svega nekako svoje mentalno zdravlje.
0:00:42,0:00:50,"Evo, danas kada vidim, znači, da ljudi dođu pa pitaju kolika će biti plaća ili nešto odmah, pa ja uvijek kažem, pa ja sam pisala tu prilog za 50 kuna."
0:00:50,0:00:52,Jesi li ti uspješna osoba?
0:00:52,0:00:54,Jesam li uspješna osoba?
0:00:55,0:00:57,Pa to je na drugima da procijene.
0:01:01,0:01:02,Kako si završila uopće tu?
0:01:03,0:01:09,Pa završila sam duge tu put od nekakvog početka do ovoga gdje sam sad.
0:01:09,0:01:12,Ja uvijek kažem neko da ne završiš ti nigdje slučajno.
0:01:13,0:01:25,"Uglavnom u životu, pogotovo ne ljudi koji uvijek imaju nekakav cilj ispred sebe, može tebe na kraju taj put odvesti u jednom ili u drugom smjeru, ali ako imaš nekakav cilj onda znaš otprilike gdje ideš i pošto ideš."
0:01:26,0:01:53,"Privlači me uvijek taj svijet sporta, nekako od malena sam se bavila sportom, doma se gledao taj nogomet, sve se uvijek vrtilo oko toga i tamo negdje kad je bio Euro, u Portugalu sam ja prvi put to vidjela na jedan malo ozbiljniji način i doživjela na jedan malo ozbiljniji način i onda je tu počela nekakva moja ideja o tome da bi jednog dana ja htjela tako nešto raditi, s kojom su se naravno u početku glonosi."
0:01:53,0:01:54,Baš sportski.
0:01:54,0:01:56,Baš sportska novinarka.
0:01:56,0:01:58,Da budem politički korektna.
0:01:58,0:01:59,Sportski novinar.
0:01:59,0:02:02,"Da, baš sportska novinarka."
0:02:02,0:02:04,Nije bilo previše njih u tom periodu.
0:02:05,0:02:18,"Naravno, nema ih ni sad previše, ali opet su sad malo drugačija vremena i sad je to nešto što curica, ajmo reći, mogu vidjeti i pristupačnije je, imaš nekakvu ideju možda kako bi mogao doći do toga."
0:02:19,0:02:23,"Nije nekakva tabu tema prije, naravno, 20 godina je bila."
0:02:26,0:02:39,"Kakav je tvoj stav prema tome, jel ti ide na živicu ili misliš da je to bitan dio rasprave neke u društvu kao šta će žena u tome ili kad komentiraju to je prije nije bio ženski posao, sad je ženski posao."
0:02:39,0:02:46,"Kakav je tvoj stav općenito prema tim temama, ne znam, možda feminizma, patrijarhata, matrijarhata?"
0:02:46,0:02:50,Ma ne volim iskreno uopće te nekakve podjele na muške i ženske poslove.
0:02:50,0:03:01,"Ja ovdje kažem da postoje ljudi koji znaju odraditi posao i postoje ljudi koji ga ne znaju odraditi i to je jedina podjela koja treba postojati, zato ne volim niti reći jer mene znaju često pitati u intervjuima treba li više žena?"
0:03:01,0:03:05,"Ja bih rekao ne treba više ni žena ni muškaraca, treba više sposobnih ljudi."
0:03:06,0:03:12,Znači stavi one ljude koji su najisposobniji u nečemu da se bave s tim i onda imaš najbolji mogući proizvod na kraju.
0:03:12,0:03:28,"I to bi trebala biti, ja mislim, sva filozofija bilo kojeg posla jer nema u poslovnom svijetu sada toga da imaš tu ili nekakvu žensku energiju, mušku energiju koja će ti diktirati poslije nekakav uspjeh i to hoćeš biti uspješan ili nećeš."
0:03:28,0:03:28,Nema toga.
0:03:29,0:03:33,To je ili znaš ili ne znaš i to vrlo brzo na kraju krajeva izađe na ovih djela.
0:03:34,0:03:41,"To je nekako možda jednostavnije kad pričamo o karijeri, kad pričamo o privatnom dijelu života možda stvari kompliciranije."
0:03:43,0:03:47,Znači ti si zagovornik takozvani čini mi se da je prava riječ meritokracija.
0:03:48,0:04:02,"Znači onaj koji je pitanje iskustva, vještine, kompetencija itede Naravno, ne nužno iskustvo u početku jer onda kad bi išli od toga sad iskustva, znaš onda nikad netko novi ne bi dobio priliku."
0:04:02,0:04:09,"Ali vidiš, ja uvijek kažem ljudi kad dođu na razgovor ti već onda vidiš jel ima tu potencijala nekakvog ili ga nema."
0:04:10,0:04:20,"Ja sam imala tu priliku dok sam na radiju radila, radila, radila sa raznoraznim novim ljudima koji su dolazili, koji su tu dolazili da budu ulozi producente."
0:04:20,0:04:26,"Ti vidiš, doslovno čim ti pošalju prvi i drugi dan, se može nešto s tim raditi ili se ne može."
0:04:26,0:04:31,Jer ima puno onih koji zamišljaju taj posao puno drugačijim nego što on u stvarnosti je.
0:04:32,0:04:50,"I onda dođu tamo i misle da će tebi sad neko sve lijepo servirat, ti ćeš sad pred tu kameru ili pred taj mikrofon biti lijep, simpatičan, duhovit samo sebe i pa onda vrlo brzo shvate da to baš nije tako i da je puno truda i rada u pozadini i onda puno njih odustane."
0:04:51,0:05:01,"Ali vidi se, bar ja imam taj feeling za ljude odmah, doslovno čim ih staviš sa druge strane da vidim ima tu nekakvog potencijala ili ne."
0:05:01,0:05:11,"I onda ako nekom vidiš potencijal, ako vidiš nekakvu želju i glad za nečim onda apsolutno uvijek volim i podržati, dati savjet i pomoć na bilo koji način."
0:05:11,0:05:16,"Ako nema toga, čao doviđenja, to je bolje da završimo priču čim prije."
0:05:16,0:05:20,"Zapravo prva točka je ta želja i glad za nečim, motivacija."
0:05:20,0:05:21,"Naravno, da."
0:05:21,0:05:29,"Ako ima i ovakvih talenata ili predispozicija za nešto, sigurno čovjek može naučiti se o tome?"
0:05:29,0:05:42,"Naravno, ali ako nemaš želju glada, ako nemaš nekakvu disciplinu na kraju krajeva, ako nemaš volje slušati one koji ti mogu dati nekakav savjet i učiti se od ljudi koji to već znaju raditi, onda ne možeš uspjeti."
0:05:42,0:05:44,"Jednostavno, ne može svatko uspjeti."
0:05:45,0:05:57,"To je vrlo jednostavno jer puno je tu faktora koji se moraju posložiti, puno ti moraš raditi na sebi da bi mogao doći do nekakvih određenih visina u bilo kojem poslu, ne samo u ovom."
0:06:00,0:06:01,Ja sam si ovako zapisao bio tu.
0:06:02,0:06:06,Baka i djeca su ti svaki dan kupovali krafnu koju nisi smjela pojesti.
0:06:06,0:06:08,Kako si to klinka bila?
0:06:09,0:06:37,"Ne znam od ko si našao tu informaciju i gdje si je našao, ali svaka čast, nije sad baš da je nisam smjela pojesti ili da je ne bih pojela, ali bavila sam se sportom u tim nekakvim godinama osnovne i srednje škole, ozbiljno se bavila sportom i trebalo je paziti naravno na kilažu i baka i djeda su se stvarno u tom periodu ozbiljno trudili da mi pripreme i zdrav ručak i zdravu večeru sve ovo i bilo spremno."
0:06:37,0:06:38,"Uvijek je bila spremna, željela sam tad s njima."
0:06:39,0:06:56,"Ali uvijek nakon svakog ručka, sjećam se da bi Dida rekao imaš u armaru čokoladnu krafnu, to su bile one i s Bobi sa šlagom unutra, ko ja to pamtim, kao da je jučer bilo i sad kad ih vidim negdje u podučavima, uvijek se sjetim toga."
0:06:56,0:07:13,"I onda je uvijek bila ta borba, ne želiš s jedne strane ni da se baci hrana, ne želiš ni njima sad reći da nećeš kad su već kupili, a s druge strane znaš da moraš paziti i često bi se ja znala to onako posklisnuti na tom terenu i pojesti tu krafnu, ali bi uvijek poslije bilo."
0:07:13,0:07:17,onda da im molim te nemoj mi kupiti za sutra i uvijek bi uglavnom kupili.
0:07:19,0:07:33,"Vjerojatno ste čula za onaj veliki znanstveni eksperiment zove se marshmallow test gdje su baš djeci od par godina, 3-4-5 godina stavljali taj marshmallow."
0:07:34,0:07:36,To je slatkiši nekakav.
0:07:37,0:07:44,"I ako dijete uspije izdržati par minuta, a da ga ne pojede, znači dijete ostane samo u prostoriji snimaju kamere."
0:07:45,0:07:49,"Što perica, ako ne pojede recimo za 3 minuta, dobit će još jedan."
0:07:51,0:08:26,Devedeset posto djece je odmah to pojelo i to je zapravo pitanje toga što ti sad prepričavaš što se naziva to odgođeno zadovoljstvo uglavnom su pratili tu djecu kasnije kroz život oni koji su imali tu sposobnost te kapacitet odgođenja zadovoljstva su bili da se izrazim tako jednostavno ono kao uspješniji u karijeri u životu itede to je istina mislim da opet te neke stvari možda imamo malo sami od sebe u sebi možda se s nekim predispozicijama rodiš ali na puno toga se može naravno i raditi i napredovati.
0:08:27,0:09:06,"Sad ne znam, moja disciplina sa četrnaest ili petnaest godina naravno da nije bila ista kao ova sad kad imam trideset pet godina i ne bi bilo ni dobro jer nekako generalno kroz život logično je da napreduješ da i više očekuješ samo od sebe da ljudi više očekuju od tebe i da na kraju krajeva imaš nekakvu odgovornost koju određene godine nose i sad ne možeš imati istu sa četrnaest petnaest i sa trideset pet možda ima onih koji imaju ali to nije baš dobro što bi rekla da recimo u tim tvojim ranijim danima da ja vidim baš onog velikog profesionalca, sad ću opet biti politički korektan."
0:09:08,0:09:13,"Iz vana mi to izgleda kao osoba koja ima strukturu, koja ima disciplinu, koja je profesionalna itd."
0:09:13,0:09:18,Jel bi rekla da je nešto u tvojom odrastanju tebe učinilo takvom osobom?
0:09:19,0:09:20,Pa sport sigurno.
0:09:20,0:09:26,I uvijek u životu možeš vidjeti razliku između ljudi koji su se bavili sportom i onih koji nisu.
0:09:26,0:09:30,"Mislim da je to jako, jako očito poslije kod odraslih ljudi."
0:09:30,0:09:34,"Tipa kod sportaša neće nikad vidjeti da ti negdje kasne, uvijek će biti na vrijeme."
0:09:35,0:10:02,"Uvijek imaju tu nekakvu disciplinu koju si naučio u tim nekakvim ranijim periodima života kada možda još nisi bio niti svjestan da su te neke stvari tipa dizanja svako jutro na trening, dolazanja točno u određeno vrijeme negdje, stiskanja zubi u nekim trenucima kada je bilo teško, tad nisi imao osjećaj, nisi ni znao što je to kao nekakva disciplina i nisi to definirao na taj način, ali te je izgradilo da danas sutra u životu to imaš kod nekih drugih stvari."
0:10:03,0:10:13,"I to radi razliku, tako da je to sasvim sigurno napravilo i kod mene jer kako sam ti rekla, ja sam se bavila sportom doslovno od svoje pet godine, prvo sa gimnastikom, poslije je bio taj kickbox."
0:10:13,0:10:28,"i ostale su mi te nekakve radne navike, ostale su mi radne navike, a isto tako sam jako rano počela i raditi jer moji su nekako uvijek zahtijevali da imaš sve, ali moraš znati kako novci dolaze u kuću."
0:10:28,0:11:10,"I nekako sam ja već od petnaest i šesnaest godine počela i doslovno sam prošla sve moguće ove studentske poslove, srednjoškolske i mislim da sam tu stvorila neke radne navike koje puno ljudi danas nema jer ja vidim ne znam kad sam u društvu i nekih svojih vršnjaka pa čak i puno starijih ljudi da nemaju da ostanu da nemaju, da odustaju na prvoj prepreci, da im je sve teško, da te malo zaboli glava pa nećeš doći na posao, da ono, sve što znam čut meni je to neshvatljivo jer sam ja naučena na način da boli taj glava, ok i malo stisne zube i ide odraditi što trebaš odraditi, pa poslije doma stani, odmori, doći ćeš sebi, nije kraj svijeta, nije."
0:11:13,0:11:17,"Jel bi rekla, evo malo da o sebi pričam."
0:11:18,0:11:23,Znači ja sam pitao svoju ženu kad bi me išla upisati jednom riječi koja bi to bila moja žena rekla disciplina.
0:11:25,0:11:35,"i onda znam kakav sam ja sam prema sebi, kakvi imam standardi i onda često znam postavljati te svoje standarde ljudima oko sebe što nekad ne bude baš najzgodnije."
0:11:38,0:11:45,"Da li to prepoznaješ možda kod sebe da si ono možda čak i prestroga prema sebi, a onda kroz svoje nekako ljudima oko sebe?"
0:11:46,0:11:51,Mislim da je generalno teško raditi sa mnom ljudima koji nisu slični meni.
0:11:51,0:12:01,"Srećom imam takvu redakciju gdje smo svi više manje, ne više manje nego rekla bih svi smo takvi, svi imamo jako visoka očekivanja i zato su svi dobri u tome."
0:12:01,0:12:09,Jer u ovom poslu jako teško možeš onako doći do nekakvih ozbiljnijih levela ako nisi sam od sebe takav.
0:12:09,0:12:11,Jer jednostavno ne možeš opstati.
0:12:11,0:12:14,Preveliki su zahtjevi i preveliki su zahtjevi svaki dan.
0:12:14,0:12:19,"I to nije posao koji ti možeš raditi 7-8 sati dnevno, ići doma i više o tome ne razmišljati."
0:12:20,0:12:33,"Jednostavno moraš biti izložen tome od 0 do 24, trebaš se posvetiti na razno razne druge načine, trebaš raditi na sebi, educirati se non-stop, non-stop biti informiran o svemu, ne znam, ja tipa radim na tim jezicima non-stop."
0:12:34,0:12:44,Tako da to su sve nekakve stvari Mari koje ti radiš non-stop i tebi se život svodi na to da je to u principu dio tvog života i funkcioniranja.
0:12:44,0:12:50,"I nema sad perioda na godišnjem, pa sad ja dva, tri tjedna, mjesec dana neću ništa."
0:12:50,0:12:51,To kod mene ne postoji.
0:12:52,0:13:00,"I sad teško je ljudima koji su u potpunosti, koji nemaju takav mentalni sklop funkcionirati s ovakvima kao što sam ja."
0:13:00,0:13:04,I nekako sam s godinama čak postala svjesna toga.
0:13:05,0:13:12,"Ne pokušavam biti blaža iskreno, jer mislim, kao što sam ti rekla, ne možeš uspjeti u ovome ako."
0:13:13,0:13:52,"ako nemaš tu gladi i želju da i taj nekakav perfekcionizam, mislim da ne možeš uspjeti u tome i onda radije kažem ako nisi za to makni se idi radi nešto drugo, ima puno drugačijih, puno jednostavnijih poslova u kojima ne moraš biti od nula i dvadeset četiri u kojima možeš imati hrpu vremena nekakvog za sebe u kojima možeš isključiti mobit ali reći ja se sad nakon sedam sati navečer više ne javljam nikome ja taj luksuz nemam i nemam ni potrebu da ga imam to je ono šta je najbitnije jer nekako se naučiš živjeti sa tom disciplinom ne znam kakva je situacija kod tebe ali ja nemam osjećaj na dnevnoj bazi da se ja sad neću odričati."
0:13:52,0:13:57,"To uopće ne razmišljam o tome, jednostavno odrađujem ono što trebam i to je to."
0:13:57,0:14:08,"Ja imam samo osjećaj koji je to osjećaj, to je strah ili što god, da ću propustiti nešto oko života svoje djece."
0:14:08,0:14:14,"Dobro, to je drugo, kad imaš djecu, ja nemam djecu pa vam je to, nemam tu brigu da o tome trebam razmišljati."
0:14:16,0:14:31,"Vjerojatno da nema moje žene, vjerojatno bi ja radio od jutra do sutra da nema djece, ona me nekako izvuče iz svega toga pa organizira i nekako druženje i nekako opuštanje i neka putovanja i obiteljske, šta znam, trenutke."
0:14:32,0:14:33,Jako sam isto kao ti motivirano.
0:14:35,0:14:35,Stop da.
0:14:35,0:15:04,"Drugačije je to kad imaš neke ljude oko sebe, kad imaš djecu, ono na koju trebaš misliti naravno i koja su ti opet prioritet, to mi je u potpunosti jasno, ali nemam takvu situaciju pa ne mogu se sa tim tipa poistovjetiti, ali vidim naprimjer kad dođem imam dvije nečakinje pa znam kad dođem kod sestre pa one žele spavati kod mene i sutra da nema nekakvo snimanje ili nešto pa želiš im se posvetiti pa bi se znala digni doslovno u pet ujutro i znada da će se ona probuditi u sedam."
0:15:04,0:15:06,I onda se ona probude u pet i pol.
0:15:08,0:15:20,"I onda niti sam se uspjela pripremiti, niti sam se s druge strane uspjela njima posvetiti kako treba, tako da budeš nezadovoljan na obje strane."
0:15:21,0:15:22,Prekrasni kaos baš to.
0:15:23,0:15:32,"A opet s druge strane drago ti je da dođu, drago je meni otići, tako da vjerujem da je to malo, znata situacija."
0:15:33,0:15:37,"Ako cijeniš ovaj trud, jedan mali klik na pretplate me."
0:15:37,0:15:39,pretplatite nama znači cijeli svijet.
0:15:39,0:15:43,"Hvala ti što si tu, a sad uživaj potkestu."
0:15:47,0:16:06,"Moram priznati da je tako i kod mene, a vjerojatno i u našem društvu je nekako to zastupljenije da ipak su žene te koje više i logističkih zadataka obavljaju vezano uz djecu, pa čak bi rekao i uz kuću danas i sve te stvari."
0:16:06,0:16:22,"Ja se nekad šalim da ono što je feminizam recimo donio, donio je ženi to da u konačnici je i vrhunska u karijeri, ali da je dalje, da je dalje nažalost mora sve ove druge obaveze obavljati da nekako spadnu na nju."
0:16:22,0:16:27,"Da, zato što nam je to prirodno, ja mislim nekako urođeno."
0:16:27,0:16:49,"Opet, ako je netko, pa je jednostavno, kažem ti čak i ako djeca ta nisu tvoja, ako su tu u kući, pa prirodno ti je da se pobrineš o njima jer jednostavno ti je nekakav to instinkt, nema šanse da će sad onako su oni probudili da možeš reći, ma da je palite ono, ja u svom poslu jer jednostavno to nitko tko je normalan ne može napraviti."
0:16:50,0:17:08,"Tako da i to što se tiče možda i tih nekih kućanskih poslova i sve meni je neshvatljivo kao da se ljudi svađaju oko toga, svađaju oko toga tko je ostavio negdje čašu pa meni je taj skupiti u čašu, ali ti je lakše skupiti i staviti je tamo gdje treba biti nego raditi nekakvu dramu doma, ali svi smo različiti po tom pitanju."
0:17:08,0:17:31,"To je jedna rasprava koju bi mogli voditi vjerojatno vječno, pogotovo javno kada bi pokrenuli sad tu priču, baš smo i žena i ja plus prijatelji naši, pa smo pričali o tome kako su oni između sebe podijelili te kućanske zadatke, to je ono teško kome teška komedija i vrlo često sličan obrazac ponašanja možeš naći na više strane."
0:17:32,0:17:36,"Možeš, ali uopće i ta podjela nekako, ja uvijek mislim da to treba biti prirodno."
0:17:37,0:17:48,"Uvijek ima nekih stvari u kojima su žene bolje, ima nekih stvari u kojima su bolji muškarci, tako da zašto sad, zašto komplicirati, zašto raditi od toga nekakvu znanstvenu nauku?"
0:17:49,0:18:08,"Pa valjda ne znam, ako mi se probila guma ili ako treba nešto riješiti sa autom, pa valjda je normalno da taj frajer ono ovdje i to napravi, a da se ne zazanija, a s druge strane mi je normalnije da ja nešto pospremim doma jer ne kažem da to mora biti, da sad treba ovaj muškarac po kući ostavljati nered, apsolutno ne."
0:18:08,0:18:20,Ali ako postoje te nekakve stvari da ja ću tebi ovo napraviti jer ne tebi nego nama na kraju krajeva jer je meni zgodnije i prirodnije a ti ćeš s druge strane ovog što će tebi zgodnije i prirodnije.
0:18:21,0:18:25,Naša puno je toga onoga što smo snimili u kući od svojih roditelja.
0:18:26,0:18:36,"Jedan partner dolazi s tim što je snimio u svojoj kući i to uzima kao normalno, ovaj drugi dolazi naravno što je snimio s druge strane i to smatra normalnim."
0:18:37,0:18:42,"Onda ako tu postoji nekakav konflikt u tim uvjerenjima, onda zna biti zanimljivo."
0:18:42,0:18:56,"Da, ali zato trebaš uvijek naći nekoga tko ti je sličan i koji ima nekakve iste životne vrijednosti ili barem slične i da gleda na život na nekakav, ako ne identičan, onda na jako sličan način."
0:18:56,0:18:59,"Ja ne vjerujem baš u ono da se suprotnosti privlače, nisam."
0:19:00,0:19:01,Nisam od toga.
0:19:02,0:19:06,"Da, što se tiče suprotnosti, sigurno možemo naučiti jako puno jedno drugo."
0:19:07,0:19:11,Ako imamo tu neku otvorenost da učimo i da gledamo.
0:19:11,0:19:14,"Pa to je istina, možeš od svakoga nešto naučiti."
0:19:15,0:19:18,Od nekih ljudi možeš naučiti šta ne treba i kako ne treba.
0:19:18,0:19:21,Tako da nije sve što se da naučiti pozitivno.
0:19:24,0:19:36,"Ne znam, kažem ti, nisam baš sklona niti da radim s ljudima koji su totalne suprotnosti od mene, niti da imam nekakve bliske odnose generalno s ljudima koji su u potpunosti drugačiji."
0:19:37,0:19:40,Jer mislim da je način na koji ja živim dobar i ispravan.
0:19:40,0:19:45,"I onda bi mi bilo jako čudno, ne znam, sad da me privlači s druge strane sve što je suprotno od toga."
0:19:45,0:19:47,"Onda bi se možda zapitala, pa šta je sa mnom?"
0:19:47,0:19:52,Onda ja imam nekakav problem ako me privlači sve što je drugačije onda očito ja nešto ne radim dobro.
0:19:52,0:19:55,"Možda ti treba ravnoteža, možda ti treba neko tko je opušteniji, tko nije toliko."
0:19:57,0:20:02,Šta bi rekla za sebe kad bi te pitao koliko si ambiciju znao od jedan do deset ali ne smiješ koristiti sedam?
0:20:03,0:20:08,"Pa neću koristiti sedam, nemam problem tu reći da je to jako visoko između devet i deset."
0:20:10,0:20:20,"Ne vidim ništa loše iskreno u tome, mislim da je ambicija nešto što je dobro, što nam svima treba i što nas sve gura na kraju krajeva prema naprijed."
0:20:20,0:20:35,"E sad, netko ima manje, netko ima više, netko ima za jednu stvar, netko ima za neku drugu stvar, svi imamo neke različite ciljeve, ali bitno je na kraju krajeva da znaš šta ti konkretno želiš i da to radiš zbog sebe, a ne zbog onoga šta će selo reći."
0:20:37,0:20:48,"Koji je tvoj motiv onda uopće za tu, jel preispituješ tu svoju ambiciju, ono ili je, ja sam ambiciozna osoba, to sam stavila pod tepih, ne razmišljam previše o tome, jednostavno sam takva, idem dalje."
0:20:48,0:20:53,"Ili osjećaš, gdje je taj motiv ono, što je pokretač svega toga?"
0:20:54,0:21:05,"Pa preispitujem iskreno ono sve više i više zato što uvijek se pitaš ima li nekakvog kraja ono, onda dođeš do zaključka da nema, što je i dobro, jer ako ima, onda me to čak malo i brine."
0:21:05,0:21:08,"Šta onda, kad dođeš do toga, šta onda?"
0:21:08,0:21:15,"Jer u principu je jako lako neke stvari, barem meni, odrađivati ako imaš ispred sebe nekakav cilj."
0:21:15,0:21:27,"A šta se dogodi, ako nemaš cilj ispred sebe, onda upadneš u nekakvu monotoniju, pa ne znaš, pa sad si tu stagniraš negdje, što je isto tako nešto što se treba u nekim trenucima naravno dogoditi."
0:21:27,0:21:35,"Nije ni stagnacija loša i treba je prihvatiti kao nešto što je normalno u određenim periodima, ali moraš izaći iz tog perioda."
0:21:37,0:21:40,"Generalno što se ambicije tiče, po meni je dobra stvar."
0:21:41,0:21:47,"Naravno, treba tu izbalansirati sam sebe da ne budeš uvijek onako negdje, da gaňaš nešto i da si uvijek nezadovoljan."
0:21:47,0:21:52,"Treba pomalo i kad dođeš do nekih ciljeva, treba uživati u tom trenutku."
0:21:52,0:22:04,"Pa jako je teško, uspijem, uspijem, ali jako je teško jer budeš naravno zadovoljan neko vrijeme, to te ispuni i kažeš sam sebi, wow, sad je ovo nešto o čemu sam sanjala od svoje 15."
0:22:05,0:22:19,"godine, sad je to tu, događa se i onda to završi i onda jako teško sad živjeti u tom tome, ok, sad je završilo i šta sad odmah gledaš, onda sad bi trebao nešto dalje, tražiti neke nove ciljeve."
0:22:20,0:22:29,"Jel vidiš sad trenutno u svojoj glavi, kada razmišljaš o budućnosti, jel vidiš nešto izvan okvira novinarstva, sportskog novinarstva, s čim se trenutno baviš?"
0:22:30,0:22:56,"Pa vidim, ja sam čak u više navrata govorila da se ne vidim u novinarstvu, ne znam sa pedeset godina, nakon četrdeset pet ima nekakav, mislim da ovaj posao ima nekakav rok trajanja i treba osjetiti kad je kraj i kad treba reći ok, vrijeme je da se skupi vrijeme za nekog mlađeg, gladnijeg, željnijeg, ljepšeg, ne znam."
0:22:57,0:23:17,"I to je prirodno, mislim da to je u svakom poslu tako, zato i postoji nekakav period kad ljudi idu u mirovinu na kraju krajeva, samo što ovdje možda malo ranije dođe do tako nečeg isto kao što dođe u slučaju profesionalnog sporta, ali trebaš biti spreman za ono što dolazi nakon i trebaš biti spreman da će se u nekom trenutku dogoditi taj trenutak."
0:23:17,0:23:30,"Često se ljudima dogodi, znaš da se dogodi taj trenutak kada nisu spremni i onda dolaze ti ljudi koji su novi i onda ih ti ljudi gledaju nekako krivo, pokušavaju im otežati maksimalno ulazak u taj svijet."
0:23:30,0:23:41,"Ne bi volila da jednog dana ja budem ta osoba, znaš, da budem neko ko gleda neku curicu koja je došla sa 20 godina tu, ima želju, ambiciju da ja sad gledam prekooka i jedva čekam da nešto zesne."
0:23:42,0:23:51,Ne daj Bože da se to dogodi i mislim da radim sve što je u mojoj moći da ne bi bila jednom takva osoba jer ih ima nažalost puno.
0:23:52,0:24:05,"Ima ih puno i ja sam to osjetila na svojoj koži kad sam počinjala, tako da stvarno je to nešto što ne želim postati i mislim da sam dovoljno posljedložena da ću znati kada je vrijeme za registraciju uz konkurenciju recimo."
0:24:06,0:24:09,I ljudi koji su tebe dočekali na početku tvoje karijere?
0:24:09,0:24:27,"Imaju, pogotovo mislim da mi žene to imamo zato što nam je možda u početku sam taj put malo teži da dođemo i svjestan sam da je sa druge strane isto tako puno manje pozicija otvoreno za žene u takvim poslovima i da kada dođe jedna da je jako teško da će sad doć za koji mjesec neka druga."
0:24:28,0:24:37,Kod muškaraca je to malo drugačije jer ih ima puno i rade drugačije poslove u sportskom novinarstvu tako da puno je više tu pozicija na koje mogu doć.
0:24:37,0:24:58,Ovdje jednostavno svi se tučemo za jednu ili dvije i nema tu onda ako se tučemo svi za jednu ili dvije nema tu prostora za nas dvadeset i to jednostavno tako i onda trebaš biti svjestan i naravno da te onda netko neće dočekati ono kao super raširnih ruku jer tu si da mu uzmeš mjesto.
0:24:58,0:25:10,Iako je to posao u kojem je izražena ta konkurencija i natjecanje nekako konstantno ali kažem ti treba znat stati.
0:25:11,0:25:18,"Zašto misliš da je u tom poslu, pogotovo u tom poslu, taj vijek trajanja nekako kraći."
0:25:18,0:25:19,Taj dio ne mogu shvatiti.
0:25:20,0:25:20,Potrošiš se?
0:25:21,0:25:22,Mislim da se potrošiš.
0:25:22,0:25:24,Da je to intenzivnije nego.
0:25:25,0:25:26,"Neću reći nego svi poslovi, apsolutno."
0:25:27,0:25:49,"Ne, ima posla koji su puno teži, ali je intenzivniji zbog načina života jer jednostavno ovo što sam ti pričala malo prije nije to osam sati, to je nula do dvadeset četiri svaki dan i jednostavno mislim da te to potroši i ne bi nikad voljela da dođe u situaciju da nešto odrađuje onako iz navike na pola da to nije ono nekakav moj maksimum."
0:25:50,0:25:52,"I toga me strah, na primjer."
0:25:52,0:25:56,"Kad ti nešto postane prelagano, onda to isto nije dobro."
0:25:56,0:26:00,Jer se uljuljaš i onda to više nikad nije ono što bi trebalo biti.
0:26:00,0:26:07,Ja mislim da ovaj posao je prije svega velika privilegija i zbog toga ga treba ispoštovati.
0:26:07,0:26:20,"U onom trenutku kad nisi više u stanju da to napraviš, kad nisi u stanju da budeš sto posto nutra, onda se treba maknuti i treba dozvoliti nekom ko ima tu volju, želju, glad da radi."
0:26:20,0:26:22,"Valentino, hoćeš li i u politiku poslije?"
0:26:23,0:26:23,Neće.
0:26:25,0:26:25,Neće.
0:26:26,0:26:27,"Pripremljen za politiku, ali."
0:26:28,0:26:30,"Za to definitivno ne, to je nešto što je."
0:26:30,0:26:38,"Već smo imali predsjednicu, Hrvatska sve kaže mi smo zadrti, pa i premijerku i predsjednicu smo već imali davnih dana."
0:26:39,0:26:49,"Nisam ja od politike, to me stvarno uopće ne zanima niti pratim, baš sam jako malo uključena, možda nije baš ni pohvalno, ali je tako kako je."
0:26:49,0:26:51,Tičeš onda u poduzetničke vode?
0:26:51,0:27:01,"Pa ja bih voljela ostati u sportu, u nogometu samo na neki drugačiji način, jer tu sam već puno vremena, truda uložila, stvorila nekakve konekcije."
0:27:02,0:27:16,"Tako da mislim da tu ima jako, jako puno poslova, ali o tom potom, znači ne volim konkretno pričati o nekim ciljevima dok se ne ostvari jer mislim da, jedna sam negdje pročitala da to nije dobro da to smanjuje mogućnost toga da će biti realiziran."
0:27:16,0:27:24,Ja mislim da baš kad kažeš javno koji je tvoj cilj da imaš više tog nekog društvenog pritiska da ga postigneš.
0:27:24,0:27:25,"Pa imaš, a je li on dobar?"
0:27:26,0:27:31,Imaš isto tako i puno negative i imaš i puno onih koji će te pokušati na tom putu uvjeriti da ne možeš.
0:27:33,0:27:40,"Nekad je dobro javno pričati, ja sam govorila od kad sam ušla u novinarstvo da želim sportsko novinarstvo i ljudi ti se uglavnom smiju u početku."
0:27:41,0:27:51,"Jer ti kad dolaziš sa nekakvom idejom onda ti kažu a je ali imaš jednu curu, dvije cure koje to rade, koje su ikad bile na takvoj poziciji, koja je vjerojatnost da ćeš ti."
0:27:51,0:27:56,"I sad ti ako si malo onako labila, ako nisi čvrst karakter, vrlo lako te to polulja."
0:27:56,0:28:17,"A ti to čuješ čak i od bliskih ljudi, ne zato što ti oni žele nešto loše, nego jednostavno možda iz nekog njihovog straha jer nitko na kraju krajeva nije svjestan tih nekakvih tvojih mogućnosti, tvojih pravih kapaciteta, toga koliko si ti spreman na kraju krajeva uložiti da dođeš do nekakvih ciljeva, tako da, ne treba baš sve dijeliti sa svima."
0:28:17,0:28:19,Čak nekad ja volim ne podijeliti sa nikim.
0:28:22,0:28:29,"Što misliš, kroz ovaj naš dosadašnji razgovor, kakvih komentara se pribojavaš da bi se mogli desiti sada?"
0:28:30,0:28:31,Mano je pribojavao.
0:28:31,0:28:32,Ili ovo je ono što je iskreno?
0:28:32,0:28:33,"Da, briga je."
0:28:33,0:28:34,Nije mi uopće briga.
0:28:35,0:28:36,Najiskrenije je stvarno.
0:28:36,0:28:42,Znam svaki put da dan ne sto nego tisuću posto od sebe da sve ispadne kako treba.
0:28:43,0:28:46,"Priprema uvijek, kažem, 90 posto posla."
0:28:46,0:29:27,"Dan se od sebe da napravim posao na najbolji mogući način i onda ako se dogodi greška, bože moj, ne mislim čak ni o grešci na taj način nego da li kad osjećate neku osudu ili ono pritisak javnosti, društva kao s obzirom na to što je uvriježeno mišljenje a vidi je ambiciozna žena, vidi ono, mislim sad jako puno ljudi bi imali šta komentirati zato što se na nekakav način kao malo nije sinkronizirano sto posto sa nekakvim side gestom da se tako u onoj izrazim kao uvriježenim mišljenjem u društvu."
0:29:28,0:29:29,O tome što bi žena trebala biti.
0:29:30,0:29:31,Pa nemam problem s tim iskreno.
0:29:32,0:29:36,Mislim da ne bi bila ovdje gdje sam imala problem s tim tko šta misli.
0:29:37,0:29:46,"Nije me nikad zanimalo niti doma šta neki meni bližnji misle o tome trebam li nešto ili ne trebam, a kamoli sad nekakvi ljudi koje nikad nisam niti vidjela niti ću vidjeti."
0:29:47,0:30:00,"Stvarno mislim da se previše generalno ljudi opterećuju sa takvim stvarima i izložen si nekakvoj velikoj dozi negative i na društvenim mrežama i generalno na internetu, ali ne možeš sam sebe zaštititi od toga."
0:30:00,0:30:09,Ja uvijek kažem da je nekako dužnost svakoga od nas da zaštiti samog sebe i da zaštiti prije svega nekako svoje mentalno zdravlje.
0:30:09,0:30:16,"To jedino možeš na način da se isključiš od te sve negative koja te okružuje, a možeš to napraviti."
0:30:16,0:30:30,"Ne možeš ti utjecati na to šta će neko pisati, ne znam šta će neko pisati sad ispod ovog podcasta, ali mogu s druge strane utjecati na to šta ću ja gledati, hoću li uopće otići to pogledati, mogu s druge strane isto tako utjecati na to šta će se pisati na mojim društvenim mrežama."
0:30:30,0:30:35,"Ja uvijek kažem, meni možeš jednom napisati neku glupost, ja ti pročitam prvu riječ i čim vidim glupo nešto odmah te blokira."
0:30:35,0:30:41,"Nema, odmah, ali odmah, zašto bi uopće ja sama sebe, znači, provala na čitanje."
0:30:43,0:30:44,Pa ispod svojih objava svakako.
0:30:44,0:30:45,Čitaš.
0:30:45,0:30:52,"Na svom Instagramu, normalno da čitam pa dođe ti notifikacija, ne možeš ne čitati, ali kažem ti, meni prvu glupu stvar kad napišeš gotovo odmah, drugu ne možeš."
0:30:53,0:30:55,"Notifikacije za svaki komentar, valjda imaš ih previše."
0:30:56,0:31:03,"Za komentar mi dođe uglavnom, mislim ne moram šta pogledati, ne vidim ga sad, ali ću vidjeti za sat vremena kad završimo ovo."
0:31:03,0:31:06,Nonstop smo na tim mobitelima u rukama pa ono.
0:31:06,0:31:08,"I kad to čitaš, kako se osjećate?"
0:31:08,0:31:13,"Da li ono sve diskreditiraš ili kažeš, ova video osoba ima nešto pravo, mogla bi se ja zamisliti malo preispitati."
0:31:15,0:31:18,Kako se s tim takozvani feedbackom ili povratnim informacijama?
0:31:18,0:31:22,"Ne, feedback, ja mislim da je jako bitan, ali jako bitno od koga je feedback."
0:31:22,0:31:50,"Ja sam osoba koja voli čut kritiku, da ne bude nekakve zabune, ja čak tražim da čujem kritiku, ja ću čuti od kolega, od ljudi koje ja smatram relevantnima, od ljudi koje smatram da rade ovaj posao bolje od mene ili koji ga rade jednako dobro, ja ću pitati uvijek i savjet, pitati ću što, moje prvo pitanje je uvijek evo sad kad smo počeli snimati Amerikanom, pa kad bi mi se znali javiti kolege s posla koje stvarno respektiram, prvo pitanje je šta ti ne valja, šta ti se čini da bi mogao moglo biti bolje."
0:31:50,0:31:54,"Mene uopće ne zanima da mi kažu evo ti je super, to šta imaš od toga?"
0:31:55,0:31:58,"Nema ništa od toga, zanima me šta njima nije bilo dobro."
0:31:58,0:32:06,I onda naravno kad mi oni kažu i onda vrlo vjerojatno sam ja već osjetila da bi mogli tako nešto spomenuti i zato sam i pitala.
0:32:06,0:32:12,I to je dobra kritika i to je nešto što nama svima ja mislim treba i iz čega možemo rasti i učiti.
0:32:12,0:32:30,"A sad kritika od nekih random ljudi znaš koji nikad u životu nisu stali pred kamerom, koji uopće ne znaju šta znači taj posao, kakav je to stres, čemu si izložen, šta si sve morao proći taj dan da bi tih dva sata u eteru izgledalo tako kako izgleda, to meni ja ne smatram to iskreno relevantnim i ne može ni biti."
0:32:30,0:32:38,To je isto kao da ja sad idem kritizirati ne znam nekog pilota i idem komentirati kako on vozi sad taj avion.
0:32:39,0:32:43,Nema smisla ili nekog doktora pa mu govori ne sad ti trebaš ovako.
0:32:43,0:32:51,"To je jednostavno glupo, glupo, totalno i vjerojatno bi čovjek mislio da nisam normalna da mu idem davati nekakav savjet o njegovom poslu."
0:32:51,0:33:00,"Kad je ovaj posao u pitanju generalno, kad su javni poslovi u pitanju onda svako misli da zna i vrlo često da zna i bolje od tebe kako bi to trebalo izgledati."
0:33:00,0:33:04,"Tako da se ne treba s tim zamarati, možemo ljudi s tu da komentiraju."
0:33:05,0:33:06,Zašto blokiraš onda ljude?
0:33:07,0:33:07,Zašto?
0:33:07,0:33:12,"Pa zato što se želim i poželirati od te negative, zašto bi trebala ja čitati neke ružne stvari."
0:33:12,0:33:17,To je isto kao da dozvoliš nekome da ti uđe u dnevni boravak pa pljuca po njemu.
0:33:17,0:33:18,To je meni identično.
0:33:19,0:33:20,Zašto bi sebi to dozvolio?
0:33:20,0:33:32,"Jer bi dozvolio nekome ko ti ulazi u kuću da ti doma razbija, pa ne možeš doći onda niti na moj profil i tamo na neki način razbijati, uništavati nekakav moj mir, ajmo reći."
0:33:32,0:33:38,"Ne, to je jednostavno, no od uvijek sam to radila i iskreno ne znam zašto tošto to svi ne rade."
0:33:38,0:33:42,"Stalno pričamo o tome kao kako nije dobro, kako je previše negative, trebamo nešto napraviti."
0:33:42,0:33:45,"Pa te počnite svi to raditi, nego neće ljudi da to rade zbog algoritma."
0:33:47,0:33:47,Vrlo jednostavno.
0:33:48,0:33:50,Mene ne briga za algoritam.
0:33:50,0:33:52,"Meni briga za moje mentalno zdravlje, iskreno."
0:33:53,0:34:01,"Bilo mi je zanimljivo kad sam se počeo baviti ovim, prije je bio hobi, ljubav, strast, samo to, sad je postao i posao."
0:34:03,0:34:13,"I onda kad su došli prvi videi koji su bili ono viralni, gdje je bilo puno više komentara i svega, mi je čito sam, bio je još uvijek i ja sad više to, Maltani ni ne čitam.."
0:34:15,0:34:21,Uvijek mi je bilo zanimljivo vidjeti kako određeni ljudi istu stvar komentiraju iz drugačijih uglova.
0:34:22,0:34:33,"Znaš, ono neko će reći što se tiče moje recimo dikcije načina pričanja itede netko će reći, joj kako je lijepo smireno, ovako, onako, netko će reći monotono, dosadno, znači katastrofa jel."
0:34:33,0:34:35,"Da, ta ista stvar."
0:34:35,0:34:36,Treba prestati razmišljati o tome.
0:34:36,0:34:37,"Da, to je samo percepcija."
0:34:38,0:34:49,"Šta bi sad ti trebali onda sljedeći puta uđiš u studio razmišljati o tome, jel sam ja dosadan, jel sam monoton, jel to ako želiš reći nekog pitati ima ljudi koji ti mogu dati savjet po tom pitanju."
0:34:49,0:34:50,I koji znaju.
0:34:55,0:35:04,"Ne, mislim, uvijek ima ljudi koje možeš pitati za savjet ako si nesiguran po pitanju nečega što radiš i načina na koji to radiš."
0:35:04,0:35:08,Ali ne treba pitati baš savjet od random osobe s internetu.
0:35:09,0:35:18,"Ja stvarno ne vidim, nigdje ne bi imala potrebu, nemam potrebu ući u dućan pa čovjeku koji radi na kasi govori kako treba kuca te proizvode."
0:35:19,0:35:23,Nekako računam da se svi bavimo s onim u čemu smo dobri.
0:35:24,0:35:26,i to bi bilo najbolje.
0:35:26,0:35:28,Kako si tako poslužena?
0:35:28,0:35:53,"Dijeluješ mi kao jako poslužena, kao da znaš koje su tvoje uvjerenja, koji su tvoji stavovi, imaš dobar osjećaj i u komunikaciji, si ti prošla nekakav taj PR trening ili nešto, mislim ja nisam prošla, voljela bi da je, znaš kako sam puta razmišljala, vidim nekad neke ljude koje stvarno onako nekad kad ih slušaš, razmišljajuš u wow, stvarno voljela bi ja ovako."
0:35:54,0:35:58,"Nemam osjećaj da ja to imam, no hvalim ti ako misliš da imaš, imaš."
0:35:59,0:36:07,"Sad sam te pitala hoćeš ići u politiku zato što ovako sve je odmjereno, sve je lijepo, znaš nikome ne staješ na prste previše."
0:36:08,0:36:16,"Pa nema ni potrebu, nema ni to ni privatnu potrebu da nekom bilo što da nekoga uvjeravam da treba ovako ili onako."
0:36:16,0:36:23,Ne volim čak ni savjete nikome davati iskreno jer to se isto uglavnom pokaže totalno besmislenim.
0:36:24,0:36:25,Ti si kriva onda na kraju.
0:36:25,0:36:43,"Ti si kriv ili onda daješ savjet trošiš vrijeme a znaš da ta osoba totalno je drugačija od tebe i da ne može realizirati ono što bi ti realizirao, ono što u mojoj glavi poprilično jednostavno, nekom drugom je dosta komplicirano., a s druge strane može meni biti nešto poprilično komplicirano što je nekom drugom poprilično jednostavno."
0:36:43,0:36:53,Tako da jako smo različiti i davati savjete ljudima koji su puno drugačiji od tebe jako često nema nekakvog prevelikog smisla.
0:36:53,0:36:59,"Kako ja puno učim sad o tebi, ne mogu ti opisati, baš hvala ti."
0:36:59,0:37:02,Jel te muči taj perfekcionizam kod tebe ili ti je foravno?
0:37:03,0:37:16,"Naučiš se živjeti s tim, mislim da s godinama čak malo postaneš onako nekako otvoreniji za to da je ok i da ponekad pogriješiš."
0:37:16,0:37:24,"Ja sam imala jako velik problem s tim kad sam počinjala jer ne znam, ako bi zeznila jednu riječ, neko ime nešto, mene bi to mučilo danima."
0:37:24,0:37:34,"Ali nekako mislim da to isto proizlazi iz neke nesigurnosti i manjka samopouzdanja i svega jer ne možeš ti ni imati ne znam kako samopouzdanje kad tek počinješ, kad si svjesna da nisi dobar."
0:37:34,0:37:37,Jer ja sam uvijek bila jako realna po pitanju toga.
0:37:37,0:37:40,Ne možeš kad prvi put radiš nešto biti dobar u nečemu.
0:37:41,0:37:48,Isto tako mislim da ne možeš ako tisućiti put radiš nešto biti baš toliko loš da bi sad to trebala biti katastrofa nekakva.
0:37:48,0:37:51,Ali treba doći do toga da ne nešto radiš tisućiti put.
0:37:52,0:38:07,"Tako da u početku sam imala problem ozbiljan s tim, sad nekako sam postala ok s tim i mogu sebi preć preko nekakvih stvari preko kojih prije koju godinu ne bi mogla i koje su me jako opterečivale."
0:38:07,0:38:14,"I sad, znaš, nije mi i dalje kad nešto pogriješim, ni i dalje meni to ono zname kopkati, ali ok, ajde zaspać."
0:38:15,0:38:16,A prije bi me znalo mučiti po par dana.
0:38:20,0:38:34,"Ja se često pitam, kad bi pogledao svoj prvi potkrast ili stot ili sad dvijjesto i neki jako mi je teško to gledati, mučno mi je samog sebe danas gledati, kamo li onda kad vidim ono što je bilo na početku."
0:38:35,0:38:53,"Ali ono opet s druge strane što mi se čini da je nekako potrebno i da je ideja kako da dok napreduješ u nekoj vještini, dok postaneš bolji u tome, kako da zadržiš tu spontanost tog amaterskog dijela."
0:38:55,0:39:04,"Često mi se desilo da zapravo najnesavršenije stvari koje sam napravio, nisu možda bile najnesavršenije, ali punoo nesavršenosti su zapravo nekako ispale bolje."
0:39:06,0:39:18,A ne za neoiskreno nemam takav pogled na to jer meni generalno ja dok nisam bila spremna za ovaj posao sam realno upala sasvim slučajno u tu priču apsolutno nespremna.
0:39:18,0:39:27,Ali kad se otvori prilika jednostavno moraš prihvatiti jer ako ne prihvatiš čaur i vedrči nema tko zna hoće li se sljedeća ikad više pojaviti.
0:39:27,0:39:30,Tako da doslovno sam se bacila na glavu i trebalo je isplivat.
0:39:30,0:39:58,"I onda kad si nespreman i kad si svjestan toga da nemaš dovoljnu količinu niti znanja niti znam da nisam dovoljno sposobna u tom trenutku za tako nešto, ja sam se opterećivala sa svim živim, pokušavala sam sve ono na pamet naučiti, znala bih pogledati emisije tuđe po tri, četiri puta u reprizama da vidim kako oni to rade, čisto da vidim šta bi trebala pa svoj pogledam poslije kad bi odradila po sto puta pa nađem svaki put neke nove greške."
0:39:59,0:40:23,"Sada ti pa, tako da kažem ti u tom periodu nisam si ostavljala baš skoro pa nikakvog prostora za spontanost, gotovo nikakvog ono jer jednostavno sam bila svjesna da nisam bila sposobna da budem spontana, da budem ono full ja, jako sam se trudila i pazila da ono sve pravilno izgovaram, da ne daj Bože da se čuje malo da sam iz Splita ili negdje."
0:40:24,0:40:30,Baš sam se jako opterećivala sa svim tim najsitnijim detaljima da sam se skroz ubila nekakav prostor za spontanost.
0:40:31,0:40:52,"A onda s vremenom kad ti izgradiš nekakvu sigurnost, kad dođe samo pouzdanje, kad vidiš da te sad već i ljudi drugi na jedan drugačiji način percipiraju, kad su već vidjeli da možeš, da znaš, da nisi slučajno tu, da te nije netko tu stavio onako, samo da te ljudi gledaju, e onda postaješ i ti malo sigurniji i onda se pojavljuje taj prostor za spontanost."
0:40:52,0:40:53,Barem je tako kod mene bilo.
0:40:57,0:41:04,"Osim tog sporta dok si bila mlađa, da li postoje još neke stvari koje su ti možda definirale?"
0:41:04,0:41:12,"Da li je možda neka neformalna edukacija ili nešto, neke knjige koje si čitala, ljudi, neke koji su bili u tvojem životu, ono što god?"
0:41:13,0:41:14,Pa sigurno je odgoj.
0:41:14,0:41:28,"Ja mislim da je odgoj i da je to što su me moji stavili u situaciju da treba raditi, da znam kako se dolazi do novca, kako se treba ponašati generalno i odnositi prema ljudima odgoj."
0:41:29,0:41:36,"Jednom riječju, odgoj, sasvim sigurno i sport, mislim da su to neke stvari koje su me definitivno definirale."
0:41:37,0:41:38,Jesi li osoba koja čita knjige?
0:41:40,0:41:46,"Znam, čitati, ali ne bih rekla da me sad neka od knjiga definirala."
0:41:47,0:42:29,"Ima jednako i Little Book of Talent se zove, nije ni preduga, ali pročitala se ne znam, možda ima i prvi put, možda ima i deset godina i u njoj ima jako puno tih nekakvih savjeta o uspjehu, jako korisnih savjeta koje ja volim i dan danas, poslije sam pročitala što zna koliko puta, pa imati neke stvari pocrtane i volim se s vremenom na vrijeme prisjetiti toga i osvijestiti neke stvari u glavi, jer izloženi smo ogromnoj količini informacija i onda često neke bitne onako potisneš i jednostavno ti nisu taj trend tu kad ih trebaš pa nije loše obnoviti gradivo."
0:42:30,0:42:31,"Ne, memorija je zakrčena."
0:42:32,0:42:33,"A je, previše svega da."
0:42:34,0:42:35,Jes li ti uspješna osoba?
0:42:36,0:42:37,Jesam li uspješna osoba?
0:42:38,0:42:40,Pa to je na drugima da procijene.
0:42:40,0:42:41,Na drugima je.
0:42:41,0:42:43,"To je na drugima da procijene, ne znam."
0:42:45,0:42:46,Jesi sama sebi uspješna?
0:42:47,0:42:59,"Pa ja sam zadovoljna i mislim da sam ostvarila neke svoje ciljeve, neke svoje snove koje sam imala iz djetinstva, pa ako je to nekakva definicija uspjeha, onda jesam."
0:42:59,0:43:09,"Imali sad nekakve nove svoje ciljeve koje su ponovno ispred mene kao nešto što sad želim ganjati, onako imam."
0:43:10,0:43:13,"I onda i tako ćeš gledati iz te perspektive, još nisam tu."
0:43:13,0:43:14,Nisam tu gdje želim biti.
0:43:16,0:43:20,Ali mislim da sam napravila velike stvari realno u ovom poslu u relativno kratkom periodu.
0:43:21,0:43:30,Svjesna sam toga i zahvalna sam na kraju krajeva i na prilici koju sam dobila i na svemu što mi se tim putem naravno otvorilo.
0:43:31,0:43:34,"To je krenulo malo prije COVID-a, čini mi se, 2019."
0:43:35,0:43:36,Televizijsko ili?
0:43:36,0:43:37,Da.
0:43:37,0:43:47,"Televizijsko je krenulo, radila sam u Splitu na radiju tri godine i u tom periodu sam paralelno radila i na jednoj lokalnoj televiziji kao sportska novinarka."
0:43:47,0:44:23,"Tako ja sam bila doslovno po cijeli dan, to su smiješne bile cifre tada, ja to sam nekad ljudima kažem, evo danas kad vidim da ljudi dođu pa pitaju kolika će biti plaća ili nešto odmah prvo, pa ja uvijek kažem, pa ja sam pisala tu prilog za 50 kuna, ali doslovno za 50 kuna i to je meni, ja sam ponosan na to danas jer nije sramota od nekud počet jer niti sam šta znala, niti sam, ono samo sam došla tu da dobije nekakvu priliku i bila sam sretna samo da budem tu, da računam ako sam dobra, uvijek sam imala tu nekakvu svijest u tome da ako budem dovoljno dobra da će neko to u nekom trenutku negdje primijetiti, prepoznati."
0:44:24,0:44:24,Tako je na kraju krajeva.
0:44:25,0:44:32,i bilo jer ne možeš ti biti toliko uporan i toliko ulagati i raditi da ti se jednog dana to ne vrati.
0:44:32,0:44:40,Ja stvarno baš jako vjerujem u to da ako uložiš dovoljno vremena i truda da u jednom trenutku postaje nerealno da ne uspiješ u tome.
0:44:41,0:44:42,Jako su male šanse.
0:44:43,0:44:47,"Pa realno, to kažu puno pametniji ljudi od mene pa ja im vjerujem."
0:44:48,0:44:52,"To se i ja isto uzdam kroz ovo što ja radim, puno toliko se trudim čovjek će pa mora."
0:44:52,0:44:57,"Mora negdje, jednostavno mora, mora dočekati taj trenutak, znaš kažu ljudi imali ste sreće."
0:44:57,0:45:03,"Je, treba negdje se, ali ja mislim da svatko u nekom trenutku ima sreće, ali je uglavnom dočekat taj trenutak nespreman."
0:45:04,0:45:08,"A ti kad ga dočekaš spreman, onda ti se počinju otvarat sva vrata."
0:45:09,0:45:10,Često ljudi odustanu.
0:45:11,0:45:22,"Jesi li se ikad našla da si bila u onom grču, da si lovito htjela nešto, da si sve kako treba po pesu i da jednostavno nije išlo, pa čak onda kad si pustila onako se desilo, si imala tih iskustava?"
0:45:22,0:45:24,"Pa jesam, imala sam, pa to je često tako znati."
0:45:24,0:45:37,"Ja mislim da ti je tako kod bilo koje stvari u životu koju radiš, ne znam, hoćeš se baviti sportom, hoćeš učiti novi jezik, hoćeš se baviti poslom, mogu ti dati primjer učenja jezika s obzirom da mislim da je kod mene to napravilo veliku razliku."
0:45:37,0:45:43,Ti prva dva mjeseca kad kreneš učiti tipa nekakav jezik imaš osjećaj da su dva mjeseca naučili čudesa.
0:45:44,0:45:44,Zašto?
0:45:44,0:45:48,"Zato što je polaznička točka nula, znači ne znaš apsolutno ništa."
0:45:48,0:45:56,"I onda sljedeća dva ili tri mjeseca imaš dojam da ono malo napreduješ ali jako, jako malo u usporedbi s onim kako je bilo kroz prva dva mjeseca."
0:45:57,0:46:15,"I onda prođe još ta tri mjeseca i sad imaš dojam za sljedeća tri da si ono na mrtvoj točci, da ti non-stop radiš svaki dan, radiš možda i više, nema, ne vidiš napredak nikakav, non-stop si na istom, ne možeš početi još kako treba ni pričati, jedva slažeš nekakve rečenice, onda se odjednom jedno jutro probudiš, tamo smo već negdje u sedam, osam mjesecu i pričaš."
0:46:16,0:46:20,"E tako je generalno, ja mislim, sa većinom tih stvari u životu."
0:46:21,0:46:26,Jer jednostavno samo treba preživjeti ta tri mjeseca u kojima se događa ta stagnacija.
0:46:26,0:46:32,"Tako je sa bilo kojom onom vještinom koju vježbaš u životu, bilo čim što želiš naučiti."
0:46:32,0:46:34,Tako je meni bilo i što se posla tiče.
0:46:34,0:46:37,"Ja sam došla tu u Zagrep, pa ništa se nije otvaralo."
0:46:37,0:46:47,"Znači, ja sam došla doslovno na blefove, dala sam Splitu otkazi s nekakvom idejom da će mene tu netko zaposliti i jesu, hvala Bogu, doslovno odmah."
0:46:48,0:46:49,Ali na isti posao više.
0:46:49,0:46:57,"manje kakav sam imala i u Splitu, tako da nije sad imalo baš nekog smisla doći tu, imati pet puta veće troškove, a za istu stvar."
0:46:57,0:47:06,"I onda šalje životopise, čudes, sa korona, niko ti ne odgovara uopće, ništa se ne otvara, potres je bio u tom periodu, nemam tu nikoga."
0:47:06,0:47:25,"Razmišljaš naravno, pa bože, ono je sad se ja zezla totalno, ono je li mi trebalo ovo, je li bio krivi trenutak, onda se sjetiš svih nekako ljudi koji su ti govorili, ne moj sad, ono nije dobro da preispituješ to, možda si stvarno treba poslušati, ali nisam nikad imala u glavi tu opciju, znaš da je ok, odustati."
0:47:25,0:47:27,"Jednostavno sam bila mora, mora negdje, mora negdje biti."
0:47:28,0:47:31,I onda se pojavila tako doslovno iz ničega.
0:47:32,0:47:40,"Kad više nisam niti slala nikakve životopise ni ništa, bio je negdje drugi mjesec i javili su mi sa HNTV-a."
0:47:41,0:47:47,"To je jedan mama koji je radio sa mnom na radiju i rekao da zna nekoga tamo, da oni traže curu nekako."
0:47:47,0:47:51,Ja su ga pitali da su čuli mene na radiju i da bi volili da dođe na razgovor.
0:47:52,0:47:53,Ti baš nisi za radio.
0:47:53,0:47:54,Nisi?
0:47:54,0:47:55,"Ne, ti si za TV."
0:47:55,0:47:56,"Šta, previše pričati?"
0:47:57,0:48:02,"Ne, nego hoćeš ti reći da trebaš biti ispred TV-a., trebati gledati, ne samo slušati."
0:48:03,0:48:05,"Da, dugo sam bila i paralelno."
0:48:06,0:48:19,"U svakom slučaju otišla sam tamo na taj razgovor, tako se doslovno onda baš kad ja njima nisam se ni javljala ni tražila ni ništa, njima je otišla ta žena nekako koja je radila i tu nekako počinje cijela ta priča."
0:48:19,0:49:09,"I onda kad je i počela tamo, neću to nikad zaboraviti pred koronu, tamo je bio moj rođendan, bio nekakav doslovno amaterski, veteranski turnir, dolazio je šeferinca, tu cijela ta ekipa jako bitnih ljudi, ali ono umirovljenih nekakvih ili nogometaša ili ljudi koji rade u nogometu i u Petrinji se to igralo i trebalo napraviti korona test i ja ga napravim i ja cijela sretna znači za svoj rođendan, evo trideset i radit ću napokon nešto prvi put pred kamerama na televiziji jer ja sam do tad kao pisala neke priloge nešto ali nisam nikad i zamislio ovaj ja napravim taj test i sutra da nam treba ići i dođe ona vijest da ne može znači da su bile one dvije vrste testa, da je ona neki šta napravi za čas i da je neki šta ne znam se čeka dvanaest sati ili više i dođe da je trebalo taj drugi napraviti."
0:49:09,0:49:11,"Ja ne mogu, padnu u vodu sve."
0:49:11,0:49:15,"Znači kraj svijeta ono, imam trideset godina, ništa nisam napravila."
0:49:15,0:49:23,"Znači ništa nisam, meni u mojoj glavi tad došla sam tu, ovo je trebalo, sve je krenulo opet naopako, a sve sam napravila da bude sve kako treba."
0:49:23,0:49:42,"Ali evo vidiš ono nekako valja, možda bi tad sve zezla, možda uopće nisam bila spremna, ne možda nego sigurno nisam bila spremna u tom trenutku za tako nešto i na kraju se nije dogodilo i dobro da se nije dogodilo jer poslije kad sam dočekala priliku dočekala sam je nespremna ali puno spremnija nego što sam bila u tom trenutku."
0:49:42,0:49:45,Tako da sve ima svoje zašto i sve se ja mislim događa kad treba.
0:49:48,0:49:51,"Kad si bila u tim početcima, kako si rekla da si došla na blef u Zagreb."
0:49:52,0:50:04,"Baš me zanima što to znači točno blef, kako je to izgledalo da si došla ovdje bez ikakve ideje uopće, da li si se javila na nekakav posao, na nekakav natječaj prije nego što si došla iz Splita."
0:50:05,0:50:12,I da li je u tim periodima više bio ono prevladavajući strah ili neka vjera ono da će biti sve?
0:50:13,0:50:24,Ma uvijek je kod mene prevladavala vjera da će se sve posložiti onako kako treba ako budem imala hrabrosti da povuče neke određene poteze u određenim trenucima kad bude vrijeme za to.
0:50:25,0:50:37,"Tako da se uvijek neko u životu s tim vodilo, vodim se i dan danas sa tako nečim jer kao što ste i rekla stvarno mislim da se sve dogodi točno onda kad se treba dogoditi i da se stvari poslože jednostavno."
0:50:37,0:50:38,I bilo straha uopće?
0:50:38,0:50:46,"Je bilo kako ne, bilo je straha naravno jer opet ostavljam posao, siguran dolazim tu, rentam si stan nekakav, ne znam u tom trenutku iskreno."
0:50:46,0:50:54,"Ja sam to jutro išla na razgovor za posao, uzela sam ključ od stana, stan sam našla dan prije, ima malo pasa pa mi je bilo jako teško naći."
0:50:54,0:51:00,"I tad stan imala sam u tom periodu i ograničen nekakav budžet, znaš, došla sam s nekakvom ušteđevinom."
0:51:01,0:51:06,s kojom sam ja izračunala da mi je dosta za pola godine ako ne uspije naći ovaj posao.
0:51:06,0:51:25,"Imala sam nekakvu ideju diću štaću i čula sam se već nekakvim ljudima jer taj radio Ultrasplit na kojem sam ja radila tad je u principu dio korporacije u kojoj su narodni, Antena, Enter i ne znam sad više, nije više narodni, sad je bravo, ali uglavnom to je sve dio te iste korporacije."
0:51:25,0:51:37,"Tako da sam te nekakve ljude na nekim tim bilndilzima znalo poznat ranije i nisu to ni prijateljstva, ni neka ozbiljna poznanstva, ni ništa, samo smo se doslovno vidjeli ono možda je."
0:51:38,0:51:55,"I onda sam se ja javila tom čovjeku koji je tad bio direktor na Enteru i on mi je rekao da dođe na razgovor, da će porazgovarati sa mnom, da će vidjeti može li se šta i šta ćemo kako ćemo i hoćemo li."
0:51:56,0:52:13,"I ništa, da osnovno došla sam na taj razgovor, prvo što su mi ponudili sam prihvatila, rekla sam moja želja naravno bila narodni, šta nije bila nikakva opcija u tom trenutku jer nisam bila zanimljiva i na kraju krajeva oni sad imali ljude koji su već sami po sebi brand."
0:52:14,0:52:21,Narod je nekad bio nešto ono što je bio vrhunac realno u tom radijskom svijetu i zna se koji radio je tamo.
0:52:21,0:52:26,Tu imao ljude koji su već profilirani ili glumci ili TV voditelji ili nešto slično.
0:52:27,0:52:43,"Ja u tom trenutku sam neko ko je radio na nekom lokalnom radiju tri godine i decit, znači nema nikakvu briljantnu karijeru iza sebe i oni su meni rekli ok počneš ovdje na Enteru pa ćemo vidjeti ako se nekad otvori nekakva mogućnost."
0:52:44,0:53:03,"Tako sam ti radila na Enteru godinu dana i umeđu vremenu sam počela raditi i na televiziji, brzo se zakotrljala priča sa televizijom, brzo sam dobila i priliku da radim emisije i kad sam počela raditi emisije naravno postala sam njima zanimljiva i godinu dana nakon su me zvali na narodnije."
0:53:04,0:53:06,"Znači išlo je sporo, sporo, pa brzo, brzo."
0:53:06,0:53:09,"Istina, a to je tako, to je tako uvijek."
0:53:10,0:53:17,"Jer ti jednostavno ono moraš u ovom poslu dok ne dođeš ono do podsvjetla reflektora dok te ljudi ne primijete, ne zanimaš nikoga."
0:53:17,0:53:22,"To je nažalost tako, ali je realnost koju treba prihvatiti."
0:53:22,0:53:42,"I onda jednom kad se negdje pojaviš, kad ljudi vide da znaš što raditi, kad već tvoje ime je samo po sebi nekakav brand, e onda se stvari nekako kotrljaju same i onda ti se ostvaraju prilike, sad više ne moraš ti zvati ljude, slati životopise, nego ljudi zovu tebe."
0:53:43,0:53:46,Ali naravno treba doći do toga i treba preživjeti ovaj period.
0:53:48,0:54:01,"Šta bi rekla, koliko ti recimo to upoznavanje razno raznih ljudi kroz te svoje aktivnosti, koliko ti je to pomoglo da dođeš do nekih sljedećih koraka."
0:54:03,0:54:04,Da li to vidiš kao neko bogatstvo i kao...
0:54:05,0:54:06,Pa vidim se danas ujutro prvenstveno.
0:54:07,0:54:10,Mislim generalno da u ovom poslu da su konekcije najbitnije.
0:54:11,0:54:18,"Jer ti ako možda čovjeka dođe na jedan poziv, poruku, ti si napravio pola posla."
0:54:18,0:54:22,"A ti sada ako se meni javljaš, ja nemam pojma ni tko si ti, ništa ti radiš, ništa."
0:54:22,0:54:27,Vrlo vjerojatno da ti neki ljudi koji su na nekim određenim levelima neće uopće odgovoriti to.
0:54:27,0:54:37,"Znači ti kad si počinjao s podcastom, pa kako ćeš dovesti nekog u augusta kad on ćeš googlati da vidi šta je to, pa nemam pojma šta je to, ne mogu hvaliti, ali ono."
0:54:38,0:54:40,ne da mi se gubiti vrijeme da bude negdje.
0:54:40,0:54:48,"Jer ljudi na te način razmišljaju, a ti kad izgradiš šime onda je to puno drugačije jer oni na kraju krajeva onda i kad dolaze k tebe oni znaju šta mogu očekivati."
0:54:49,0:55:03,"Jer oni su već vidjeli kako ti radiš, znaju da ih nećeš dovesti u neke neugodne situacije, znaju da si profesionalac, znaju kako ćeš im pristupiti, da im neće biti neugodno i da neće poslije požaliti, ajmo reći."
0:55:03,0:55:07,"Kako si se ti pripremila kad sam te ja pozvao, kad si škicnila malo?"
0:55:07,0:55:18,"Pa moraš, pa naravno da sam škicnila, pa nisam baš ono blesala da sad ide negdje, a da ne znam ni diden ni šta radiš ni na koji način radiš."
0:55:18,0:55:29,"Uvijek volim pogledati, rekao sam ti, uopće me ne zanima ni pitanja ni ništa to ni ne volim imati ni znati jer mislim da je razgovor normalniji i spontaniji jer prije bi ja to znala."
0:55:29,0:55:37,Kada mi reci šta ćeš me pitati pa onda kreneš filozofirati i onda tek se zapetljaši i onda tek ne znaš šta bi rekao.
0:55:37,0:55:48,"Jer od nekog prevelikog promišljanja šta bi, pa da sve bude idealno pa se vratimo na moj perfekcionizam pa ono točno želim reći ovako kako sam sa sebi to u glavi složila, ali nema smisla."
0:55:48,0:56:01,"Treba nekad ono stvariti., ali treba se isto tako informirati, treba znati ko ko kojeg ideš da ne završiš sad negdje gdje će to na kraju biti teški kaos i dičeš poslije kad izađeš se misliti pa će ti mi stvarno ovo trebalo danas."
0:56:02,0:56:04,"Da, to baš ne bi bilo pametno."
0:56:04,0:56:05,"Da, to baš ne bi bilo pametno."
0:56:08,0:56:15,"Da li razmišljaš o tome, o takozvanom osobnom brendu dok radiš?"
0:56:15,0:56:21,"Da li si promišljena oko tih stvari, gdje ćeš na stupiti, kako ćeš na stupiti itd.?"
0:56:21,0:56:33,"Jes, jako, od samog početka i to je po meni jako, jako bitno da ti sam sebi stvoriš nekakvu strategiju kako ćeš izgraditi svoj brand, kako ćete ljudi prepoznavati, kako ćete ljudi na kraju krajeva pamtiti."
0:56:33,0:56:41,"Jer ako se pojavljuješ na svemu i svačem i onda ljudi to počnu povezivati sa tim, to isto tako nije dobro."
0:56:42,0:56:49,"Tako da jako je bitno po meni imati tu nekakvu strategiju i znati točno i koje ćeš poslove prihvatiti, koje ne bi trebao prihvatiti."
0:56:49,0:56:57,"Ja znam u početku, ne možeš ti u početku birati da se razumijemo, tu nema nikakve, nema uopće dileme oko toga ti u početku."
0:56:57,0:57:02,"Jednostavno ja svima kažem, kad dođu ti mladi ljudi pa ono pitaju pa kako se počinne ovo što ti radiš?"
0:57:02,0:57:04,Ja bi rekao ne počne se ovo što ja radim.
0:57:06,0:57:09,Počneš negdje puno ispod kako sam ja počela.
0:57:10,0:57:17,"Pa to kažem i iskreno jer ja sam isto počela od druge, treće lige, nisam ja počela kao voditeljica svjetskog prvenstva."
0:57:18,0:57:21,"Tako da i nitko nije počeo, nema takvih, tako da to ne postoji."
0:57:22,0:57:26,"A ljudi, ja mislim da čak često uopće nisu svjesni toga da to ne ide tako."
0:57:27,0:57:32,"Premda mi je to jako čudno, ali vidim po komentarima i po pitanjima da jako često nisu svjesni."
0:57:33,0:57:36,"Znaš što, ljudi sve trivijaliziraju."
0:57:36,0:58:14,"Mislim ja sam sebe nekad uhvatim, doslovce čitam obavijest od čovjeka koji je sad postao novi CEO Apple pa se naš onako uhvatio da kreneš trivijalizirati onda pogledaš onda da je taj čovjek dvadeset pet godina u appu da je ovo da je onda znaš da pitanje kako se penje onda kroz tu korporativnu ljestvicu itede onda se uhvatim sebe i ovog posla koji vjerojatno ljudima izgleda jednostavno na van ono šta si ti podcast sjedneš pričeš ljudima i šta je sad što je sad tu teško nitko tko je uspješan ja uvijek kažem nitko tko je uspješan u bilo čemu nije glup i nije slučajno došao do toga i to je amen."
0:58:15,0:58:16,Čak i oni tik tokeri koji.
0:58:17,0:58:27,"Ni oni, treba znati, ljudi jako pocijenjuju, znaš što je taj posao, ali ajde ti sad napravi sebi nekakvu mrežu da te tamo slijedi 2, 3, 5, 10 milijuna ljudi."
0:58:28,0:58:30,Treba znati kako to napraviti.
0:58:30,0:58:32,Trebaš imati nešto s čim ćeš privući te ljude.
0:58:32,0:58:41,"Jer se meni to sviđa, nekom drugom, to je totalno irrelevantno, ali oni su znali kako će doći do nečega i to im na kraju krajeva nosi danas neke ozbiljne prihode."
0:58:41,0:58:44,"Tako da ja uvijek kažem, neka strategija je sasvim sigurno postojala."
0:58:44,0:58:46,Takve stvari se ne događaju slučajno.
0:58:51,0:59:01,"Ti si ovaj, ako me nisu prevarili ovi moji pomoćnici, si izjavila u jednom trenutku, rekla sam da mogu, a nisam vjerovala da mogu."
0:59:03,0:59:05,I spomenula si taj blef.
0:59:11,0:59:18,Je li to pitanje zapravo i malo onako kao i ludosti neke i rizika u tim nekakvim početcima?
0:59:19,0:59:21,Znači kako ono kažu u ovoj?
0:59:21,0:59:23,Prvo skočiš pa onda kažeš.
0:59:23,0:59:24,Hoppa.
0:59:25,1:00:00,"Ne znam sad jesam baš to tako na takav način režila ali nešto u tom stilu više, znači nisam bila sigurna da ću to odraditi kako treba, ali to je ovo što sam ti malo prije spomenula jednostavno prilika kad se ukaže nema tu puno razmišljanja jer ako puno razmišljaš ponude posao nekom drugom tebe više nikad ne zovu ako ga ta osoba odradi kako treba a svi smo tu da iskoristimo neke svoje prilike koje nam se ukažu tako da vrlo vjerojatno će ga odraditi kako treba i ne možeš si pogotovo u početcima dozvoliti da odbijaš nekakve poslove dok ne dođemo do"
1:00:00,1:00:18,"šta pričamo o nekakvom osobnom brendu, kad ti već jesi nekako ime, kad ljudi ako žele te onda će željeli točno tebe i sljedeće godine zbog imena, a ne zbog toga isključivo šta ti možeš napraviti na pozornici jer vrlo vjerojatno ima i drugih ljudi koji mogu napraviti isto to, ali ne privlače publiku na način na koji je ti privlačiš."
1:00:19,1:00:28,"Ali kažem ti u početcima da, je, ima tu malo možda i ludosti, ali prije svega hrabrosti, moraš vjerovati da možeš."
1:00:28,1:00:37,I da nekako ako ti vjeruješ uvjeriš i sve ostale s vremenom da možeš i to počne biti očito.
1:00:37,1:00:41,Tako da ne znam koliko je blef jer stvarno ti stvarno moraš vjerovati.
1:00:42,1:00:45,Tako da nije to sad ono a idem se ja praviti da mogu.
1:00:45,1:00:57,Ti stvarno moraš sam sebe izmanipulirati da to tako kažem na taj način da ti vjeruješ da ti možeš i taj tren kad si tamo da ti sebi u glavi poslužiš stvari i da misliš da nitko na svijetu to ne može napraviti bolje od tebe.
1:00:58,1:01:08,"Da, ali pitanje isto toga ovaj, ja sam se često u životu prihvatio nečega za što sam smatrao da nisam spreman još uvijek tada, ali sam znao da ću nekako kad uđemo u to da ću proplivat."
1:01:09,1:01:10,Ali nikad nisam.
1:01:10,1:01:15,Kao da te roditelji recimo baci u vodu pa se kaže tako si proplivo jel?
1:01:16,1:01:26,Da li ti imaš osjećaj recimo u zadnjih tih petšest godina da si toliko često izlazila iz zone komfora da si se onako malo čak i u glavi pomutilo više gdje si šta si jel?
1:01:26,1:01:31,"Da, ali ovo što si sad rekao malo kad mi imamo osjećaj da smo spremni za nešto."
1:01:32,1:02:28,"Znaš uvijek ti imaš osjećaj to počne još tamo od školskih dana, uvijek imaš osjećaj da mi još jedan dan bio više pa naučila bi to za taj ispit sto posto bolje pa ono da mi ne znam baviš se nekim sportom pa da mi imaš još tjedan dva za pripremu sto posto je bolje prošla na tom natjecanju tako u životu ne znam uhvatiš se učenja pa treba napraviti nešto na nekom drugom jeziku pa da mi još mjesec dana sto posto ja to bolje onda ja doslovno sad se nađem u takvim situacijama evo bude krene priprema za svjetsko prvenstvo krenem tri četiri mjeseca prije ma i više raditi onda opet dođe to sutra dan i misliš ahm ja meni da je bar još tjedan dana daj da ima manja i uvijek si ti nekako nespreman za to što te je čekalo i jednostavno se moraš odvažiti napraviti taj nekakav korak i onda s vremenom naučiš što si rekao isplivaš baciš se pa preživi."
1:02:28,1:02:32,Jel osjećate li da ti je dosadno u životu kad nemate skokove?
1:02:33,1:02:37,Pa nemam baš puno prostora da mi bude dosadno što je dobro.
1:02:38,1:02:55,"Znaš sad naprimjer da sad si došla do neke razine i sad radiš što godinama, pet godina, deset godina i nemaš šta je unutarnje osjećaj kao ono izašla sam iz onog komfora, kao sad opet je neko u okruženju u kojem se ja ne plivam toliko dobro kao što sam."
1:02:55,1:03:01,Zato ga ja tražim nonstop i zato ono što sam rekla ranije uvijek me strah da ću doći do nekog trenutka neću znati šta dalje.
1:03:02,1:04:06,"Jer uvijek sam ja nekako izlazila, ono bude ti cilj, bio je cilj ući u medijski svijet, pa sam tri godine u Splitu, pa je bio cilj doći na narodni, pa sam došla do narodnog, onda nakon nekog perioda više što si rekao, sad je to normalno, sad to više nije ništa, wow, pa onda sad cilj televizija, pa dođeš do emisije nekakve, pa je to neko vrijeme, wow, pa sad dođeš neku još bolju emisiju, pa onda dođeš evo sad do ovoga što je meni bio nekakav cilj od Malena, odradiš studiju svjetskog prvenstva i sad je nešto drugo lagano, pa onda kreneš ono tražiti, uvijek ima nekih izazova naravno i mislim da čovjek da je dobro da si tražiš nešto što te i dalje motivira, nije dobro da se u potpunosti uljuljaš u ovom poslu, nije možda u nekim drugim poslovima je dobro, u ovom poslu nije dobro da se u potpunosti uljuljaš i da misliš sad ću ja ovako lagano jer onda dođeš u situaciju da se niti ne pripremiš kako treba za gosta, onda svašta znaš vidjeti danas, onom toliko ima danas i tih emisija i podcast-a, da ja nekad vidim neke stvari i mislim jel moguće uopće da na ovaj način pristupiš tome i da se niti malo nisi spremio za tog gosta."
1:04:06,1:04:19,"A to se događa baš zbog toga što se ljudi uđu u tu nekakvu zonu komfora i računaju pa ja dovoljno dobro baratam sa ovim poslom, sa nekakvom općom materijom i sad meni ne treba ništa posebno."
1:04:19,1:04:24,A to je greška i tu kad počneš tako razmišljati ja uvijek kažem idi radi nešto drugo.
1:04:27,1:04:33,"Znači uvijek tražiš taj osjećaj da rasteš, da se razviješ."
1:04:33,1:04:59,"Mislim da je to bitno, uvijek ga negdje nađeš, ima prostora, ne mora nužno biti kroz posao, može biti to kroz neki sport, ne znam, volnica igra taj padel, tako da najrađe bi svaki dan išla na trening jer vidiš tu nekakve napretke, onda krenješ učiti neki novi jezik pa i tu kad vidim da nakon pola godine ili godinu dana da ti stvarno možeš komunicirati sa ljudima normalno na tom nekakvom jeziku koji prije godinu dana uopće nisi znao reći ni dobar dan."
1:05:00,1:05:09,"To su neke stvari koje tipa mene vesele i volim to vidjeti, ali naravno kad dođeš onda gledaš šta bi moglo biti sljedeće uvijek ima."
1:05:09,1:05:19,Imaš sad trenutno nešto na pameti u svom vidokrugu da osjećaš da bi te moglo onako baš dobro izbaciti iz one komforne?
1:05:20,1:05:22,Imaš nešto sljedeće što želiš napraviti?
1:05:23,1:05:24,A rekli ste da ne želiš pričati o tim stvarima.
1:05:24,1:05:34,"Ne, ne, ne, ne, ne, ali dobro spomenula sam ti da doradit ću sad te nekakve intervjue dužeg tipa, skoro kao podcast koji će isključivo biti na stranici.im jezicima."
1:05:35,1:05:44,"Čeka me sad jedan baš sljedećeg tjedna na španjolskom koji je meni ne prvi, ni drugi, ni treći, nego četvrti jezik koji sam učila."
1:05:44,1:05:47,Tako da nisam još imala priliku tako nešto raditi.
1:05:47,1:05:55,"Onda tu osjetim sad malo i te treme, malo potrebe za nekom ozbiljnijom pripremom jer sad to više nije, malo ćeš pogledati, sad želiš točno."
1:05:55,1:05:59,"Bolje je zapisati se pitanja, nećemo improvizirati."
1:05:59,1:06:10,"Apsolutno je bolje, uvijek ja volim kad na hrvatskom radim se zapisati pa onda poslije gdje te nekakav intervju odvede, ok, ali volim imati zapisano, a da ne govorim ovako kad je nešto."
1:06:11,1:06:14,Tako da to mi je sad nekakav izazov i zato kažem uvijek ima nešto.
1:06:15,1:06:18,"Čak nisam to tražila uopće, to se sad samo otvorilo."
1:06:18,1:06:31,"Tako da kad sam napreduješ, kad radiš otvaraju se neke stvari, jednostavno se počinju otvarati neka vrata za koja možda nisi niti znao da ih želiš otvoriti ni da postoje, ali se otvore na putu, tako da jako vjerujem u to."
1:06:31,1:06:44,"Jesi li ikada osjećala možda strah u poštovanju prema nekim ljudima s kojima si ono vodila razgovor ili se našla u društvu ono ili ljude gledaš onako pa to su ljudi kao i ja, ravni su meni, nitko nije iznad."
1:06:45,1:07:04,"Pa gledaj, nitko nije iznad da se razumijemo nije dobro na taj način pristupati niti mislim da sam ja iznad nekoga niti mislim da je netko s druge strane iznad mene, svi smo na kraju krajeva ljudi od krvi i mesa, netko je uspješniji, netko je malo manje uspješan, netko je bolji čovjek, netko lošiji čovjek, ali svi smo ljudi tako i sa nekakvim svojim kvalitetama."
1:07:05,1:07:14,"Ali da opet imaš nekakvo veliko poštovanje, neću reći straho poštovanja, ali poštovanje definitivno prema karijerama nekih ljudi to sasvim sigurno."
1:07:16,1:07:19,"Tremu, pa tremu i mislim da je trema dobra stvar."
1:07:20,1:07:45,"Tremu imaš svaki put prije svake emisije ono kad trebaš te kuće u slučaju kad znaš da imaš još minutu ili još deset sekundi uvijek osjetiš ti to da srce malo jače kuca jer ipak je live program u pitanju i znaš da taj tren, pogotovo taj dio kad tek gledaš u kameru, kad nema tu nikakve spontanosti, kad si već ono zamislio šta želiš reći, želiš to reći na najbolji mogući način, tu uvijek postoji ta nekakva mala trema tako da nije to loše."
1:07:45,1:07:47,Uvijek ljudi tremu predstavljaju kao nešto loše.
1:07:48,1:08:00,"Ja mislim da je to ono što te drži onako šarp i da si skroz u nečemu, čak i ta nekakva blaga ajmo reći anksioznost, nije to loše, uopće nije loše jer izvlači iz tebe ono najbolje."
1:08:00,1:08:23,"To još ti reći iz svog primjera da sam se uhvatio, da sam u zadnjih nekoliko mjeseci sam zapravo stopirao razvoj ovoga dalje, da sam imao priliku pozvati u goste puno veća imena i nekako kao iz straha od dodatnog publiciteta da nisam išao tamo."
1:08:23,1:08:23,Zašto?
1:08:24,1:08:24,Ne znam.
1:08:26,1:08:28,Ne želiš reći publicitet ili ne znam.
1:08:28,1:08:45,"Evo, ja zapravo kad sam krenuo u ovo nisam uopće razmišljao u tome da će doći taj publicitet, nisam toliko daleko bio uopće gledao, a pogotovo znači sad recimo i otvorile su se neke prilike možda i pozvati ljude iz svijeta politike ili višeg biznisa."
1:08:46,1:08:54,"Onda tu onako nije tako jednostavan teren kao što je možda, a dobro, nije ni u nogometu, nije ni u sportu."
1:08:54,1:09:05,"Ne, kad radiš dobro ovisi sve znaš šta tebi je po meni puno teže zato što ideš u razno razne smjerove pa ne možeš u ničemu biti jako dobar ili u većini toga ne možeš biti jako dobar."
1:09:06,1:09:16,"Ja sam isključivo bazirana na jedno područje ili na dva područja i od mene se očekuje da sam tu jako dobar jer ako nisam onda onda je problem nekakav, onda se očigledno nisam tome posvetila."
1:09:16,1:09:22,"Ne mogu ja biti jako dobra i ne može biti ni ako ćemo gledati, ne može biti ni u deset sportova, ne može ni u tri."
1:09:22,1:09:28,"Znači ti ako ćeš se stvarno dati u nešto, izaberi dvije stvari i to je to, nemoj lutati."
1:09:28,1:09:34,A ti ako se trebaš naravno pripremiti za ljude razno raznih profila onda je to puno drugačije.
1:09:34,1:09:54,"Ako se trebaš sad, nije isto se pripremiti, svaki put se pripremati za nekoga iz svijeta nogometa, znaš točno kako oni dišu, šta proživljavaju, šta se događa na dnevnoj bazi, čitaš o tome doslovno svaki dan, svaki dan ti počne završiti s tim ili sad da trebam napraviti razgovor s nekim ne znam iz košarke, a ja ako HRK-a, ja u košarci ne znam skoro pa ništa."
1:09:58,1:10:18,"Nema interesa, pa to je to, nema interesa i onda ti puno teže ne znaš ni ti ćeš doći do nekakvih informacija, a da ne govorim sada da idem pripremati razgovor s nekim političarem, to je skroz, nije da se ne može, ali to je u potpunosti neko drugačije područje i zahtjeva neke druge stvari da bi to odradio kvalitetno."
1:10:18,1:10:20,Ako ćeš površno odraditi onda možeš i dalje.
1:10:21,1:10:37,"Nije čak ni pitanje informiranosti ili kompetencija određenih tih domena, nego je pitanje nekakvog, barem meni s moje strane, pitanje nekakvog u većeg uloga i veće odgovornosti, znaš, politike malo je zajban onako."
1:10:38,1:10:55,"Pa je, je kad ulaziš u takva nekakva područja, ali mislim da je prvenstveno tu bitna informiranost jer ti moraš svom gostu moći parirati u temi o kojoj vi pričate, a to je njegova, područje nekakve njegove ekspertize, ne tvoje."
1:10:55,1:10:57,"Tako da, to je jako teško."
1:10:57,1:11:07,"I sad meni kažem ti puno lakše jer to je i moje područje, to nije samo njihovo područje bez obzira što ga oni žive na jedan drugačiji način od mene, ali ja ga isto živim, možda čak i još intenzivnije."
1:11:08,1:11:24,"A ako ideš sad negdje šarat okolo pa o svemu pomalo onda je jako teško, to je kao novinarima koji izvještavaju sa terena pa si jedan dan pa bi znala vidjeti Cureano ne znam, ujutro je bila na karnevalu, popodne je otišla na bazar, navečer je na utakmici."
1:11:26,1:11:32,Kako ti možeš od nje očekivati da ona isporuči isti sadržaj sa te utakmice kakav ću ti isporučiti ja?
1:11:32,1:11:42,"Jednostavno nije realno, ne zato što sam ja pametnija ni sposobnija nego zato što sam ja isključivo se posvetila tome, a ona se taj dan morala baviti sa još pet drugih stvari."
1:11:42,1:11:44,I to je jednostavno tako.
1:11:45,1:12:11,"Jeste li se od uvijek više puta, recimo malo sam glupo formirao u rečenicu, da li voliš otići u dubinu nečega sada kad smo pričali da ja recimo, ja razgovaram stvarno s raznoraznim profilima ljudi, od liječnika, od bilo je nešto i političara, neki koji bi se tako mogli nazvati kao političari, isportaši, znanstvenici, što god."
1:12:13,1:12:20,"Da li si kroz život više voljela se zadubiti u nekakvu tematiku, u neko područje ili voliš raznovrsnost?"
1:12:20,1:12:20,Ne.
1:12:20,1:12:26,"Ne, više volim biti baš u nečemu i onda se u potpunosti posvetiti tome."
1:12:26,1:12:32,"Nisam nikada bila više od toga, znaš, da ću sad malo ovo, malo ono, pa ništa kako treba."
1:12:33,1:12:47,Jer prevelik sam perfekcionist za tako nešto i mislim da bi bilo jako teško odraditi razgovor s nekima da ima osjećaj da ne mogu parirati toj osobi na tom području.
1:12:48,1:12:52,"Sad razmišlja, ne znam, staviti se s druge strane Donalda Trumpa."
1:12:54,1:12:57,"Imaš gosta za poželjeti, imaš ono."
1:12:57,1:13:06,"znaš ono vizibility kakav ne možeš imati možda sa nekim drugim, ali znaš da je to poprilično zahtjevan čovjek kojem ti moraš razgovarati."
1:13:06,1:13:07,Pa o čemu ćemo razgovarati?
1:13:08,1:13:11,Mislim zašto ja imam osjećaj da mogu razgovarati sa raznim ljudima?
1:13:11,1:13:16,Zato što ja često pokušavam razgovarati sa čovjekom izvan struke.
1:13:17,1:13:52,"Znači nije pitanje da se ja, znači ja sa Donaldom Trumpom pričat isključivo o ratu sa Iranom ili šta ja znam, nego ja ću pričat s onim, znači mene zanima mentalni sklop te osobe, zanimaju me uvjerenja, stavovi, vještine, znači taj dio i zapravo većinu našeg današnjeg razgovora sam ja s vama pričao o tome, ja pokušavam zapravo doći do osobe iza te struke, zašto je ta osoba danas tamo gdje je i što publika zapravo može naučiti od tebe, od Donalda Trumpa, od koga god."
1:13:52,1:13:54,"Ne, ne, to stoji, to stoji."
1:13:55,1:13:58,Ali ti opet u sličnoj tematici.
1:13:59,1:14:00,Ne osjetiš razliku.
1:14:02,1:14:11,"Mene je strašno, znači ja ti uvijek krećem sa stavom da ništa ne znam, kao da ništa ne znam i jako sam znatiželjan i hoću saznati više."
1:14:11,1:14:11,više.
1:14:12,1:14:16,"Dobro, dobro, imamo drugačiji pristup, znaš, sve ovisi kome šta odgovara."
1:14:17,1:14:28,"E, meni, ja opet mislim, znaš, da evo sada ako uzimamo njega i kažeš nećeš pričati o ratu u Iraku, ok, ali ti je puno lakše, ako ti znaš nešto o tome, nije istina."
1:14:28,1:14:35,"Nije ista stvar, ako ti sad nemáš blage veze šta se tamo događa, a imaš tog čovjeka ispred sebe, jednostavno to."
1:14:36,1:14:38,Pitanje u kojem smjeru ide razgovor.
1:14:38,1:14:52,"A pitanje je, to on može, znaš, e, a to je to, ti si ga zamislio, ali gosti opet, imaš svakakakvih ljudi, imaš ljudi koji stvarno slušaju šta ih pitaš, a imaš nekad ljude koji ti nešto pitaš, oni ti odgovaraju nešto deset to tamo, onda se traši na to."
1:14:53,1:15:02,"Ti zapravo kad razgovaraš sa, ti kad vodiš intervju recimo kad razgovaraš s ljudima u svijetu sporta, tebi je tematika prvenstveno ono nogomet."
1:15:02,1:15:03,Pa ne isključivo.
1:15:03,1:15:05,Bude isto tema i za nogomet.
1:15:06,1:15:34,"Bude ipak kroz ovu emisiju druga strana medalje koju sam krenula radit prošle sezone i sad ćemo i nastaviti od deset mjeseca, tu je ideja ispričati nekakvu priču o uspjehu, priču o tome kako su oni došli do toga gdje su sada ili gdje su u nekim trenucima bili jer to su uglavnom ljudi koji su ili pri kraju nekakve svoje karijere jako uspješne ili koji su u potpunosti zaključili te karijere i sad se bave nekim drugim poslovima."
1:15:34,1:15:56,"Tako da puno toga je meni tipa bilo dugi niz godina, onako na izvolite i imala sam ih priliku upoznat na jedan takav način, onda vidim često komentare ljudi ih doživljavaju, znaš, kao nekakve robote koji zarađuju sulode svote novaca, uopće ne znaju što stoji u pozadini toga da bi čovjek bio na nekakvom vrhuncu u bilo čemu."
1:15:56,1:16:15,"Pa to je ono što ja kažem, ne možeš biti uspješan u nečemu ako nemaš nekakve generalne, ono više-manje svi ti ljudi imaju nekakve iste osobine i sličan životni put, slične navike, postoji nekakav patent ajmo reći koji diktira hoćeš li uspjeti ili ne."
1:16:16,1:16:17,Da li je to na neki način znanost uspjeha?
1:16:18,1:16:18,Da.
1:16:19,1:16:26,"Da, ja bih se isto složio s tim onako da je recimo uspjeh je prediktivniji da se tako izrazim."
1:16:27,1:16:32,"A daj mi reci da li razmišljaš o ovoj drugoj strani medalje, sada ga si rekla, o drugoj strani medalje."
1:16:34,1:16:37,Ja tako to vidim da je druga strana medalje uspjeha neko ispunjenje.
1:16:38,1:16:41,Ali razmišljate o tom aspektu života uopće?
1:16:41,1:16:43,Kako mislite ispunjenje u kojem smislu?
1:16:44,1:16:52,"Pa recimo, tvoji ciljevi mogu biti zaraditi toliko i toliko novaca u karijeri, postići to i to."
1:16:52,1:17:03,"I ono često što se dogodi u životu ljudima je da shvate da ih to nije ispunilo, da to nije završni korak ili zadnji korak."
1:17:04,1:17:07,Ako ti je generalno cilj zaraditi toliko i toliko novaca to te sigurno neće ispuniti.
1:17:08,1:17:20,"To znači to možda nekad ljudi misle kad nemaju ništa onda misliš šesnaest samo da mi imate ne znam, tisuću eura više plaća ili da mi je dobit na lotu ili ovo, riješio bi si sve probleme."
1:17:20,1:17:30,I onda se nađeš u situaciji da i dobiješ i onda shvatiš da nisi riješio niti jedan problem jer uglavnom to nije problem niti to može biti nekakva vodilja prema bilo kakvom uspjehu.
1:17:30,1:17:35,Ja da sam počinjala ovo raditi zbog novaca pa bi onda pisala priloge za pedeset kuna.
1:17:36,1:17:36,Užasno.
1:17:36,1:17:46,Ti ako počinješ sa nekakvom pretpostavkom da želiš raditi za nekakve velike novce ti nemaš šanse da uspiješ jer ti jako dug period moraš raditi za nikakve novce.
1:17:46,1:17:53,"I onda to je jednostavno demotivirajuće, vidjet ćeš tisuću drugih stvari, vidjet ćeš pa čovječe ako ću raditi u kafiću mogu zaraditi ono pet puta toliko."
1:17:55,1:17:58,I naravno onda ćeš u tom trenutku odustati jer ti je vodilja to.
1:17:58,1:18:12,"Ako ti vjeruješ da kad stvoriš jednom svoj nekakav brand da će novci sami početi dolaziti jer će jednostavno ljudi htjeti baš tebe i da ćeš onda moći diktirati nekakvu cijenu kakvu drugi ne mogu, e onda je to nešto drugo."
1:18:13,1:18:49,"Onda je to nešto drugo i mene nikad kažem ti, ja se nikad nisam vodila s tim da želim toliko i toliko zaraditi niti danas ne razmišljam na taj način, to mi je totalno neću reći da je nebitno, nisu novci nešto da se razumijemo nebitno jer ti diktiraju jako puno bitnih stvari u životu ne znam počevši doslovno od zdravlja, od obrazovanja, od nekakvog društvenog kruga, na sve ti utječu, tako da je glupo reći da su nebitni, ali da ti mogu biti nekakav pokretač nečega i da možeš ići samo za tim i doći do toga, ja evo iskreno ne znam nikoga tko je uspio na taj način."
1:18:50,1:19:04,"Ako si na početku karijere radila za pedeset kuna, godinama radila i gradila bez da si vidjela nekakav rezultat, ako novci nisu broj jedan, zašto sve ovo radiš?"
1:19:05,1:19:09,U mom slučaju je kad sam već došaošla tu u Zagreb bio nekakav strah od neuspjeha.
1:19:09,1:19:42,"Ja mislim da je to nešto što je meni bio najveći pokretač u tom trenutku jer ako dolazim tu već sam, nitko od mojih nije htio da uopće dođe jer moji recimo imaju uspješan biznis i mogla sam jednostavno ostati uz njih i biti tamo što bi bilo najlogičnije i zarađivati puno veće novce u tom periodu nego što sam i zarađivala sama, ali sam odlučila se ići tim nekakvim putem, ne tražiti ih ništa i sad kad sam ja već otišla jednostavno naravno da ti uvijek kažu može se vratiti."
1:19:42,1:19:46,"Ali meni u glavi bilo pa di ću se vratiti, to je ono kao da si priznao poraz."
1:19:47,1:19:51,I ne kao da si priznao nego priznao si ga ako se vratiš.
1:19:51,1:20:02,I mislim da je čak mene to u tim nekakvim trenucima kad je meni bilo tu teško držalo jer jednostavno imam to u sebi da ne mogu to priznati i da ona jednostavno sam morala nekako doći do toga.
1:20:02,1:20:04,Znači na početku je bio strah od neuspjeha.
1:20:04,1:20:12,"Pa strah od neuspjeha, da, mislim da je to nešto što je meni bio nekakav pokretač i strah od toga da neću ispuniti nekakav svoj puni potencijal."
1:20:12,1:20:15,Mislim da mi je to i sad nekakav veliki pokretač.
1:20:17,1:20:25,"Tako da, imam nekakve ciljeve, neku viziju šta želim i to mi je uvijek bilo dovoljno, nisam trebala nikakvu dodatnu motivaciju."
1:20:25,1:20:32,"Jer nikad nije bilo ono, želim biti uspješna u inat nekome da bi nekome nešto dokazala."
1:20:33,1:20:40,"Pa ne, čak nisam imala neke osobe u glavi kao koje su te podcijenile možda u nekom trenutku."
1:20:41,1:20:44,"Znaš, koliko god to glupo zvučalo, svi mi imamo to."
1:20:45,1:21:05,"Pa imamo i nekakve u Srijem, ja se iz Dalmacije, ako netko ima, imamo mi, samo mi recite da ne mogu i gledajme, to je, imam ja to naravno u sebi, ali nije mi to motivacija, znaš, ja sam uvijek nekou pokušavala motivaciju tražiti u samoj sebi u nekim stvarima koje možeš kontrolirati."
1:21:06,1:21:13,Ne možeš ti ovisiti o tome hoće li ti netko reći ovo ili ono i onda na tome bazirati nekakav svoj put prema nekom cilju.
1:21:14,1:21:15,To nema smisla.
1:21:15,1:21:22,"Po meni je to jako glupo jer onda si sve prepustio u ruke nekom drugom, a ja sam osoba koja volim imati stvari pod kontrolom."
1:21:22,1:21:25,Jes li si ikad čula za koncept strah od uspjeha?
1:21:26,1:21:27,Strah od uspjeha.
1:21:27,1:21:28,Pa jel to ovo tvoje?
1:21:30,1:21:33,"Nisam čula za koncept, ali prepoznajete u tome."
1:21:34,1:21:35,Prepoznajem u tome da.
1:21:39,1:21:45,"Meni je to na početku bilo kao strah od neuspjeha, a onda zapravo sam shvatio da imam veći strah od uspjeha nego od neuspjeha."
1:21:46,1:21:47,Pa ne znam zašto.
1:21:48,1:21:52,Ja mislim da zato što s vremenom rastu očekivanja ljudi.
1:21:54,1:21:59,"Mislim ne je to strah od uspjeha generalno, ali više je strah od tih nekakvih očekivanja."
1:21:59,1:22:10,"Ja ti mogu dati primjer, sad kad smo spremali se za emisiju svjetskog prvenstva, meni svi govore nikad nije bilo toliko pozitivnih komentara na nečiji dolazak na HRT, svi znaju da će ti to podraditi."
1:22:11,1:22:19,I sad sam mislio glavi čovjek je nije dobro jer ono ako sad svi misle da ću dobro odraditi ja jedino šta mogu napraviti je zeznit.
1:22:19,1:22:20,Kožeš jer nikako ne možeš.
1:22:21,1:22:27,"A šta ako odradiš dobro i onako su svi očekivali da će biti dobro ništa, upravo to očekivano ništa special."
1:22:27,1:22:29,Ako ne odradiš onda si katastrofa.
1:22:30,1:22:30,I šta sad?
1:22:31,1:22:40,Kako sad otići iznad tih nekakvih ono ajmo reći limita koje su ljudi ono tebi postavili tih nekakvih okvira u kojima te oni vide.
1:22:41,1:22:42,Mene je to puno veće opterećenje tipa.
1:22:43,1:22:48,Nikad nisam imala taj problem da me netko opocjenjuje ili baš mi briga još bolje.
1:22:48,1:23:01,"Kožeš jer onda si ti u odličnoj poziciji zapravo, ti si onda u poziciji da ti možeš samo iznenaditi jer svi misle ti ćeš svakako sezni, nemaš pojma, ti sve što napraviš je dobro, ali kad ljudi očekuju da mora biti dobro, onda si u nezgodnoj."
1:23:01,1:23:05,"A sad si prevedio engleski Androdog, Donji pas, kako da to prevedemo?"
1:23:05,1:23:05,Nikako.
1:23:09,1:23:11,"Znači, strah od uspjeha nisi nikad dostigao."
1:23:12,1:23:21,"Ne, ne, više od straha kažem ti od toga da ću doći do nečega, da u jednom trenutku neće biti nečeg slijedećeg što ću moći."
1:23:21,1:23:23,"Znači to ti onaj, to sam pitala."
1:23:23,1:23:27,"Ne znam kako se to zove, ali ako je istina, ali kažu da je to najveća židovska kletva."
1:23:27,1:23:28,"Da, Bog da ti se svi snovi ispunili."
1:23:31,1:23:32,"Da, da."
1:23:34,1:23:35,To je isto zanimljivo.
1:23:36,1:23:42,"Uvijek nisu svi ljudi takvi, ali ima ljudi koji non-stop traže nešto više."
1:23:43,1:23:51,"Ja imam to u sebi, ne znam hoće li to jednog dana samo od sebe se nekako možda primiriti ili će to biti tako."
1:23:51,1:24:02,"Ali više me toga straha, da će doći do nekog trenutka da će mi biti jako teško pronaći nekakve sljedeće izazove i neke sljedeće prostore za napredak u nečemu."
1:24:04,1:24:05,Da neću moći nešto.
1:24:05,1:24:10,"Jedan dobar primjer mi je tu Jim Carrey, ne znam jesi ga ikad slušala ili gledala nešto."
1:24:11,1:24:29,"On je dok je bio mlad, ona zapisuje si ju na papiriću u općem neku, ne znam da on želi zaraditi deset milijuna dolara kao i biti glavni glumac u nekom velikom svjetskom blockbusteru što je bio, ne znam koji je bio film, valjda klub gluplji tada je bilo ili tako nešto, znači koji genijalan film."
1:24:30,1:24:41,"I stvarno mu se to ostvarilo, ali onda sam ga vidio, imao je taj jedan govor kad je dobio čini mi se drugi Oscar ili Emi, ne Emi, Emi, Eli je u serijama isto."
1:24:42,1:24:43,"Pa ne, mislim kao slabost sam s tim."
1:24:44,1:24:55,"I onda je rekao kao ja kad idem, ono šalio se naravno kakav je on, ja kad idem spavati, ne ide to samo neka obična osoba spavati, nego ja idem spati kao dvostruki dobitnik Oscara."
1:24:56,1:25:01,"Ali nije to samo dvostruki dobitnik Oscara, nego to je osoba koja je sanjala o trećem Oscara."
1:25:02,1:25:16,"I to se te priče zapravo uglavnom ti ljudi koji nekako teže tako čitav život u uspjehu i tim nekakvim stvarima, kad postignu, kako kažu židovi, da ti, da."
1:25:16,1:25:19,Nekad ne mogu se više ni zadovoljiti s tim sljedećim dalje.
1:25:21,1:25:22,Dođe ta kriza.
1:25:23,1:25:23,"Dođe, da."
1:25:24,1:25:39,"Ili možda najveći problem je što ne ostavljaš sam sebi prostora da uživaš u tom trenutku jer sad si, evo, osvojio Oscara ili si, ne znam, dobio nekakav posao koji si htio dobiti ili si došao do nekakve plaće koju si htio imati i onda, šta sad?"
1:25:40,1:25:40,Šta sad?
1:25:41,1:25:48,"Ono i hoćeš ti biti sad sretan, ne znam, ako si sebi zacrtao, ne znam šta je ljudima u glavi, koja je neka svota novaca, koja je."
1:25:49,1:25:53,"Ne, nego mislim na mjesečnoj bazi i nešto šta je realno ono."
1:25:54,1:26:08,"Želiš, ne znam, imati 10.000 eura mjesečno i misliš da ću biti top sretan da si sve probleme riješio, da te to, to i onda ih imaš i onda skoži da ti ono ništa posebno drugačije ne živiš nego ovi ljudi koji imaju pet ili možeš."
1:26:08,1:26:09,"Žive, da."
1:26:09,1:26:23,"Dobro, živiš drugačije sigurno nego ovi koji imaju tisuću, ali velika razlika između ovih koji imaju tisuću i dvije tisuće ili između ovih koji imaju pet ili deset je mala razlika i sve što više imaš, manja je razlika u kvaliteti života ono."
1:26:24,1:26:25,To se zove ekonomistička adaptacija.
1:26:25,1:26:30,"To je to jer nije sad, ako ćeš ti imati 50.000 ili 100.000 mjesečno."
1:26:30,1:26:39,mala je razlika u tome šta ti sebi možeš priuštiti sa sto a da baš ne možeš sa pedeset a da ti treba na ono dnevnoj ili tjednoj bazi.
1:26:40,1:26:43,"Ne, nema tu, ako imaš jedna tisuća ili dvije tisuće onda je velika razlika."
1:26:44,1:27:11,"Sjećam se jednog kolege iz firme gdje sam radio prije kaže komentirao jednog svog poznanika i kaže on je toliko bogat da mu je žao umrijeti kaže on kaže jede pa šta je tu od rodnih nog ti on ja kad sam to čuo sam umro u smijehu ne ono nema što možeš izmišljati o nekakvoj ludosti a da ne govorimo sad ako pričamo o nekim ljudima koji baš ono zarađuju neke sulude slote novaca, to ti više ne radi nekakvu razliku."
1:27:12,1:27:18,"Nećeš imati 15 kuća, opet živiš u jednoj, kužeš, nećeš imati ono 100 brodova, nećeš ako ćeš uzeti jedan."
1:27:20,1:27:23,Tako da nisu neke stvari poslije koje te ispunjavaju.
1:27:23,1:27:34,"Zato i kažem da novac nikad ne bi trebao i ne smije biti nekakav pokretač, jer mislim da u tom slučaju ne možeš uhvatiti nekakvu sreću niti biti ispunjen."
1:27:34,1:27:41,"Jer nećeš biti, nemaš šanse da ćeš biti ispunjeniji, ne znam, ako imaš 10.000 eura više mjesečno, nećeš."
1:27:43,1:27:56,"Jesužiti se Jesu li ti snovi za tekkice, i curice, ili za dečkiče neke, ili ti to onako, imaš, kad ti padne na pamet ta riječ snubi, kako asocijaciju dobiješ?"
1:27:56,1:27:58,Kakve ti asocijacije daje ta riječ?
1:27:59,1:28:06,"Pa, gled, snovi ili ciljevi, meni je u principu više manje to u istoj kategoriji."
1:28:07,1:28:12,"Imaš nešto o čemu sanjaš, nešto što želiš postići."
1:28:13,1:28:20,"Neki su imali tu privilegiju i sreću da su od nekih ranijih dana znali koje snove imaju, koje ciljeve imaju."
1:28:20,1:28:38,"Neki ljudi, nažalost,alost cijeli život se ne pronađu i nemaju ih uopće i meni je to jako tužno iskreno kad vidim i čujem jer i mislim da jako često, znači kada pitaš odrasle ljude kao pa šta stvarno žele, oni si bi nešto nekakvu promjenu nisu zadovoljni, pitaš šta žele pa ne zna."
1:28:38,1:28:59,"I onda jako teško, ja kažem ne možeš ti doći do nekog cilja ako ne znaš šta je taj cilj, to je kao da sjedneš u auto i on želiš nek doći a ne znaš gdje želiš doći, pa kako, jednostavno ne možeš doći, tko zna, igrom slučaja bi se sve trebalo poklopiti da stvarno nekom ludom vožnjom dođeš na to mjesto, ali to je gotovo pa nemoguće."
1:28:59,1:29:07,"Ako ti znaš da se sad sjede u auto i da ideš u Split, pa onda znaš kako ćeš, kojim putem ćeš ići."
1:29:08,1:29:13,"Tako isto sa bilo kakvim drugim životnim ciljem, samo moraš znati šta je."
1:29:14,1:29:28,"Ja mislim da je to kod većine ljudi problem, a da je u principu kod uspješnih ljudi baš to nekakva tipična karakteristika koju svi imaju, da su svi znali točno šta žele i da su svi imali nekakvu viziju i onda su ti jednostavno sve druge stvari puno lakše."
1:29:29,1:29:40,"Jer vidiš sebe u budućnosti da bi mogle ne raditi ništa, malo ekstremno da se takvi izrazim, ali ono da nije više uspjeh najbitnija stvar u životu."
1:29:41,1:29:44,Pa ja ne mislim da je uspjeh da se razumijemo najbitnija stvar u životu.
1:29:44,1:29:52,Najbitnija stvar u životu je zdravlje i mislim da ako kad to nemaš onda sve drugo možeš baci u vodu.
1:29:52,1:29:58,"Tako da uspjeh je meni bitna stvar jer mene u ovom trenutku pokreće, ali ne mislim da je najbitnija stvar."
1:29:58,1:30:04,"Ne mogu si zamisliti da ništa ne radim, to nisam ja, ne znam šta bi sa sobom da radim."
1:30:04,1:30:06,Ja bi mogla raditi ono tipično devet do pet.
1:30:06,1:30:18,"Ne, jer nisam to radila jako dugo, to sam radila doslovno kroz srednju školu, kroz fax dok sam prošla sve moguće te nekakve studentske poslove, nakon toga ne, ni sad ne radi na taj način."
1:30:19,1:30:26,Tako da ja sam više ti poslove koja će ako treba jačati raditi dvadeset sati dnevno ako to taj projekt na kojem sam zahtjeva.
1:30:26,1:30:30,Ali nemoj me tražiti da budem sat vremena negdje ako ne trebam biti.
1:30:30,1:30:31,Ja sam točno taj.
1:30:32,1:30:37,"Nemoj da gubimo vrijeme, ni ja ni ti daj mi da odradim svoj posao kako treba i onda me pusti."
1:30:38,1:30:44,Tako da mislim da je to i budućnost generalnog posla bilo kojega.
1:30:44,1:30:56,"Da nema više, da će pomalo izumrijeti ovo, da će ljudi morati negdje biti na osam sati, a od toga su produktivni, koliko kažu istraživanja, manje od tri sata, mislim dva sata i četrdeset pet minuta, tako nešto sam vidjela."
1:30:57,1:30:58,"Tako da, to je suludo."
1:30:59,1:31:04,A budeš tamo sada da bi ti imreo karticu kad si ušao i kad si izašao i da neko drugi bude zadovoljan.
1:31:05,1:31:06,"Neko plaća, pa idite."
1:31:06,1:31:19,"E, ali super, ali bolje da ono ne znam odradiš kako treba svoj dio i da je sve isporučeno kako treba i da je taj poslodavac na kraju zadovoljan nego da ti možeš, ja mogu stajati negdje deset sati i pa ništa ne napraviti kako treba."
1:31:19,1:31:23,A možeš u dva sata nekad napraviti jako puno ako će se posvetiti.
1:31:24,1:31:26,Kako ti danas prošetaj za Proživite sa Zagrebom.
1:31:29,1:31:31,"Jel ti ljudi prilaze, ne prilaze ili komentiraju?"
1:31:33,1:32:19,"Prilazili su i prije, nekako znaš šta, kad radiš u nogometu, onda to jednostavno si izložan i ljudi to masovno prate, prepoznaju te, nemaš neku baš preveliku privatnost jer jednostavno se valjda i zbog tog posla osjećaju kao da mogu s tobom o nečem popričat, što je nekad super, nekad naravno da je malo i naporno, nisi uvijek niti u mudu, svi imamo nekad i neki loš dan i nešto se privatno dogodi, šta je ono., nije najbolje i onda te netko drugi zaustaviti, moraš sa svakim biti ono i dobar i dragi nasmijan jer prvo ne želi ni da se netko drugi nelagodno osjeća što mi uopće prišao, drugo ne želiš ni ostaviti dojam nekakve arogantne budale jer prvo to ni nisam."
1:32:20,1:32:32,"Tako da ono, ali ima neki trenutak, znaš onda se ujutro spustiš ono bez minke sa onom tu punčom i nije mi do toga da me bilo tko bilo što pita ali se dogodio."
1:32:33,1:32:48,"Ali to je dio posla jednostavno, znaš prihvatiš to kao nešto što ide uz to i volila bi da mogu zaobići taj dio, iskreno, da mogu sjesti s kim god hoću, kad god hoću, najnormalnije u restoran."
1:32:48,1:32:55,"Da ne moram misliti, to će neko vidjeti, to što će neko reći, napisati, objaviti."
1:32:55,1:32:57,"Zanimljiva si novinarima, sigurno da."
1:32:57,1:33:00,Pa je i to meni nije zanimljivo.
1:33:00,1:33:01,Tebi nije zanimljivo.
1:33:02,1:33:05,"Meni nije zanimljivo, nikome nije zanimljivo, mislim da to nikom normalnom nije zanimljivo."
1:33:05,1:33:11,"Ima ljudi koji vole takav tip ili bilo kakav tip te nekakve pažnje, tračeva, ludila."
1:33:11,1:33:19,"Ja pokušavam stvarno svoj privatni život držati privatnim, ali da je to najjednostavniji posao na svijetu nije."
1:33:20,1:33:21,Kako to uspiješ?
1:33:21,1:33:23,"Pa teško, razmišljam gdje ću ići."
1:33:24,1:33:31,Kako dosta se može sjesti s nekim muškaricima u restoran da nitko ne piše ono što ne možeš razmišljati.
1:33:32,1:33:33,Možeš imati prijatelja.
1:33:34,1:33:59,"Pa doslovno, pa doslovno, zato što nekad ono, eto tako možeš ono sjesti sa bilo kine, nigdje veze, ono s ničima, ono nastane nekakva priča i onda se ti poslije čupaju oko toga jer jednom kada nešto izađe vani to, ono možeš ti to i demantirati, možda god da ćeš moći ih tužiti, ali jednom kada izašlo to više ljudi, ljudi jednostavno žele vjerovati šta se njima sviđa i to je to ono i šta je njima u tom trenutku zanimljivo."
1:34:00,1:34:17,"Tako da ne možeš se s time opterećivati, a opet sa druge strane ne možeš ni dozvoliti da ti izlaze van i ono non-stop nekakve ludosti jer pričali smo malo prije o osobnom nekakvom brendu i o tome da treba paziti kako se taj dio gradi i šta se plasira van."
1:34:17,1:34:24,Tako da kažem ti stvarno ja baš dugi niz godina se trudim da ono ne pričam apsolutno ništa privatno.
1:34:24,1:34:44,"Ti zapravo po meni tvoja pojava recimo u medijima malo onako zbunjuje ljude zato što nije klasična priča, naš inteligentna ljepotica, naši ljudi oniako imaju jako puno predresu da vide, lijepa sigurno, nema dva, ne znam ništa reći."
1:34:45,1:34:58,"A to je klasika, mislim, ali to je, nije meni to nikad smetalo, znaš, ljudi na kraju krajeva će misliti ono što će misliti, netko može, kažem ti ovaj razgovor pogledati i reći pa šta, može sad ići."
1:34:58,1:35:01,"Samo o uspjehu čovjek će, pa ima nešto bitnije od uspjeha."
1:35:02,1:35:06,"A netko će čuti da sam ja malo prije rekla, naprimjer da to nije na bitni način."
1:35:06,1:35:26,"E, ali to je ono ok i svako ima nekakvu svoju percepciju o tome i o nekoj osobi i o nečemu koju često grade na nekakvim svojim pretpostavkama i ne može se s tim zamarati, jednostavno pusti ljude, svako ima neka svoja mala zadovoljstva, možda je to nečije pa neka mu bude bolji dan."
1:35:27,1:35:42,"Čuo sam jednu malo ovako ekstremno eksplicitan odgovor jedne osobe, znači, kad su je pitali u ženskoj osobi, kad su je pitali kao, naravno, starije kad će djeca, kad će muža, ona je onda pitala kad će sahrana."
1:35:44,1:35:53,"A to ti onda kada dođeš na ta obiteljska okupljanja pa krenu sa takvim pitanjima, ali ako ti posliješ nekakvo protupitanje onda si ti znaš ono."
1:35:53,1:36:07,"Ja sam morao smiješiti se čucom, ali nije pristojno nekoga pitati zašto ti ne radiš ono, na primjer jer sam kad razmišljao da nađeš nekakav posao, da se nečim pozabaviš, ali pristojno pitati kad će djeca i kad ćeš se udati."
1:36:08,1:36:14,"Ali mislim to samo kod nas, tako da to vani baš jer ja dosta se krećem po svijetu, ja nigdje se s tim nisam susretala osim kod nas."
1:36:16,1:36:24,"Ali ipak smo imali i predsjednicu i premijerku već do sada, pa nismo i tako, ali trebali bi imati u svojim glavama sve mogućnosti nekako tu."
1:36:27,1:36:39,"Dostupne su sad je sve pitanje naravno vremena kad će šta ljudima postati normalno, ja da se razumijemo i za ovo što danas postaje svašta normalno nisam veliki fan toga, ima svega danas šta nije normalno."
1:36:40,1:36:56,"Ja više naginjem toj nekakvoj tradiciji da se razumijemo, da ne bude nekakve zabune da se ja sad tu ne znam nekakva feministkinja i ta neka šta god, apsolutno, apsolutno ne, a često ono za takve nekakve stvari mislim da su apsolutno pretjerane."
1:36:56,1:37:00,Pa imali smo sad situaciju koja je nastala drama jer čovjekjek mi je rekao da ima lijepu haljinu.
1:37:01,1:37:13,"To je, mislim, to su one sulude stvari, a nisam to, ja ne želim takvu sliku o sebi i ne želim da netko koristi moje ime za širanje nekakvih propagandi svojih."
1:37:14,1:37:25,"Da, ne mogu iskreno dokučiti zašto su neki ljudi toliko podložni recimo tom žutilu, a neki drugi recimo uopće nisu novinarima zanimljivi što se tiče tog žutila."
1:37:26,1:37:38,"To je jako teško, to je ti isto zašto, da pitaš zašto netko uspio, a netko nije, moraš imati neki faktor x, ono, to je ili nekakvu karizmu, nešto što je ljudskoima, što ljude privlači ono."
1:37:38,1:38:03,"Ja ne znam šta je to, niti se to može definirati, ali neki ljudi uspiju, a nije da nitko ne zna raditi taj posao, neko jednostavno ima nešto šta privlači ljude, pa tako privlači medije, vole vidjeti te i žutilo šta ti kaže, neki drugih uopće ne zanimaju, a mogu se nuditi to nakon a ne izvolite i mislim da generalno možda čak ljudi više žele ono šta nije dostupno i onda."
1:38:06,1:38:15,"Jedan moj vrlo pametan, inteligentan prijatelj koji se voli zabavljati, meni je rekao jednom u jednom nazvujcima, tako te neke filozofske rasprave, znaš što je to?"
1:38:16,1:38:19,"Onda je meni rekao jednom, a zove me debeli, a nisam debeli uopće."
1:38:19,1:38:23,"Kao što vidiš, kaže da meni je debeli, znaš ti šta ti je najbitnije u životu?"
1:38:23,1:38:24,Najbitnije da si lijep.
1:38:25,1:38:28,"To ti je najbitnije od svega u životu, a u drugoj totalno ne sve je najbitnije."
1:38:28,1:38:31,"Kao nakon svih tih filozofija, to ti je najbitnije."
1:38:31,1:38:32,To ti ljudi prvo primijete.
1:38:33,1:38:33,"Da, da, da."
1:38:34,1:38:42,"A gledaj, nije sigurno najbitnije u životu, ali da ti može pomoći u životu, može, sasvim sigurno."
1:38:43,1:38:56,Čak sam neki dan naletila na nekakav podcast gdje su pričali o tome kako je generalno dokazano po nekakvim istraživanjima da žene koje se šminkaju za posao zarađuju više nego ove koje se ne šminkaju.
1:38:56,1:39:14,"Ja ne znam sada je li to stvarno tako ili nije, ali sam tako nešto čula i uglavnom ne slušam neke glupe podcaste da se razumijemo, slušam nešto konkretno gdje ljudi dolaze ovako poprilično obrazovani, pametni i znaju što pričaju i zbog čega pričaju."
1:39:15,1:39:18,Tako da mislim da je informacija točna.
1:39:18,1:39:19,Zašto je to tako?
1:39:20,1:39:22,"Ne znam, ljudi vole vidjeti nešto što je lijepo."
1:39:23,1:39:28,"To je jednostavno tako, svi smo više-manje onako vizualni tipovi."
1:39:29,1:39:35,"Je, ali opet s druge strane ako to što je lijepo ako iznutra nema ništa manje, ništa pa to je."
1:39:35,1:39:36,Okači mačku rep kad ste.
1:39:37,1:39:46,"Ne možeš ti pouzdati, to je kako kaže, hoće ti izgled i možeš malo pomoći da te ljudi primijete, ali niti te može dovesti do vrha, a još manje te može zadržati na vrhu."
1:39:46,1:39:46,To je jednostavno.
1:39:46,1:39:48,"Znači, znaju ti ljudi zapikirati radi toga."
1:39:49,1:40:00,"Naravno, pa više si izložen i pozitivi i negativi, zato što netko tko je atraktivan sam po sebi izaziva više pažnje, a kako izaziva one pozitivne pažnje, tako izaziva i one negativne."
1:40:00,1:40:04,"I to je jednostavno tako, ali ne volim, nije to nešto negativno."
1:40:05,1:40:09,"Glupo mi je kad ljudi kažu znaš, bilo bi mi lakše da izgledam loše."
1:40:11,1:40:19,"Onda nitko se ne bi nikad ni počešljao, ni našminkao ništa, nego bi svi svugdje došli bilo kakvi jer šta ih boli briga."
1:40:20,1:40:23,A ne dolaze takvi tako da to su gluposti.
1:40:23,1:40:24,Istina da.
1:40:31,1:40:37,"Imam osjećaj kao da nisam uspio doći do onoga što je iza, gdje je ona neka prava."
1:40:38,1:40:52,"Mislim i ovo je prava Valentina, vjerojatno isto, znam s ljudima u ovim razgovorima otići onako malo intimnije, iskrenije itede ali opet koliko je tko spreman otići tamo."
1:40:54,1:41:13,"Da li ikad onako, ne znam ako ste ikad vidjeli jedan video ranije onako znaju to biti filozofskih tema i svega i svačega, da li se ikad pitaš koji je smisao i svrha svega ovoga našeg života, da li razmišljaju o starosti, da li razmišljaju o gubitku zdravlja, smrti itede tim temama?"
1:41:13,1:41:15,Ne volim iskreno jer se jako bojim toga.
1:41:16,1:41:30,"Stvarno se jako bojim toga, to mi je je jedino šta mi izaziva nekakav strah, jer zato sam rekla malo prije da je zdravlje najbitnije od svega, onda dalje je sve, a ako si ti zdrav i ako su ovi tebi bitni ljudi zdravi, svi drugi problemi se mogu riješiti."
1:41:30,1:41:49,"Eto tako, ja gledam nekako na život, jer sve ovo šta je u tvojim rukama, ne znam, dogodio se nekakav prekid rastava, izgubio si posao, moraš krenuti u potpunosti iz početka, ostao si bez, ne znam, prihoda, sve se to može, znači, stvoriti iz početka."
1:41:50,1:41:55,"Kad ostaneš bez zdravlja, onda sve drugo pada u vodu jer tu ne imaš kontrolu apsolutno nikakvu."
1:41:55,1:41:57,Ono i sve ovisi ne znam o Dragom Bogu.
1:41:57,1:42:02,Tako da nije lijepo osjećaj nemati stvari u svojim rukama.
1:42:02,1:42:15,Tako da to je jedino čega ajmo reći se baš bojim i ne volim baš iz tog razloga uopće o tome razmišljati jer mi ono nekako izaziva i nekakve loše neke osjećaje pogotovo o smrti ili nešto tako.
1:42:16,1:42:28,"Malo je nekakav period kad mi je umro dida, kad sam baš malo intenzivnije o tome pričala, ne pričala nego razmišljala jer kad se dogodi nešto tako blisko jedino tad realno i moraš o tome, ne možeš to izbjeći."
1:42:28,1:42:32,I nije mi to nikako baš lijepo padalo.
1:42:33,1:42:37,"Da, ja se malo onako, imam tu jednu grešku da često razmišljamo o tome."
1:42:38,1:42:40,I si došao do nekakvih zaključaka.
1:42:40,1:42:41,Nema straha.
1:42:44,1:43:31,"Pa mislim da slušao sam dosta podkasta na tu temu, jedan čovjek je pričao da uglavnom ljudi u tim trenucima, on se bavi, to su u medicini zove palijativna medicina, to su liječnici koji provode jako puno vremena sa umirućim, teško bolesnim ljudima, da zapravo u tim trenucima velika većina tih ljudi koja tada umire da zapravo shvate da sve što su prošli kroz život i ono što je bilo ružno iz njihovog mišljenja recimo dok se događalo u životu a i ono lijepo da je sve zapravo prekrasno i dogodi se taj kako bi to rekao sinteza svega toga."
1:43:32,1:43:35,"To je sigurno, mislim u takvim trenucima moraš određivati vrste."
1:43:35,1:43:36,"Da, to je ogroman, da."
1:43:36,1:43:59,"Ma kako ne, pa mogu uopće zamisliti kad ti tako nešto dođe, da je blizar, nije lako, nikad se ja ne osjećam ti pa ugodno, kada razmišljamo tako nećemo, ali je velika razlika kad ti razmišljaš sa 30 kojom o tome i kad razmišljaš sa 80 i nešto o tome, jer onda znaš da ti se nekako taj rok trajanja, ono bliži svom kraju, nažalost."
1:44:01,1:44:02,Nitko ti nije garantirano.
1:44:02,1:44:15,"Nije, naravno, mogu sad izaći pa da mi udari auto, to kažeš, nije uopće, nije ti garantirano, ali kao ne bi se trebalo dogoditi, a kad si već u tim nekim godinama, znaš da će se jako brzo dogoditi, da ne možeš to izbjeći."
1:44:16,1:44:23,"Tako da nisu ugodne to teme i mislim da, šta sam da nije baš dobro, voliš ono bolje da."
1:44:24,1:44:36,"Volim se okružiti pozitivno, ali stvarno mislim da je to jako bitno u životu da bi mogao normalno funkcionirati jer ono kad kreneš u neke negativne teme, to ti može jako puno utjecat mislim na život i na dan."
1:44:37,1:44:47,"Da, reći ću ti da dok sam pričao s nekim brendovima recimo koji sponzoriraju ovaj podcast su mi neki rekli, znaš, pa preozbiljni su ti te teme, kao ja kažem, ono kao, kako misliš ozbiljno?"
1:44:47,1:44:48,Pa ok da je ozbiljno.
1:44:49,1:44:51,Neću gledati neke lakrdi od ovoga.
1:44:52,1:44:59,"Pa kažem jel ozbiljno prava riječ ili možda neku drugu riječ želiš upotrijebiti, pa malo kao teško, znaš, zato što znam pričati o tim stvarima,."
1:45:01,1:45:07,"Neke ljude, doslovno s druge strane, kad ih pitam o smrti, oni kažu čovječe, ono nisam nikada razmišljao o smrti."
1:45:07,1:45:10,"Znači, imaš ljudi koji imaju 60 godina."
1:45:10,1:45:14,"Bio mi je gost Miro Ungar, znači čovjek imao 89 godina."
1:45:14,1:45:18,"Ja sam ga pitao, pa ono razmišljate o tome, ko što je vidio?"
1:45:18,1:45:20,"Čovječe, kao nisam razmišljao o tome."
1:45:21,1:45:22,"Pa kažem, pa imaš što su."
1:45:23,1:45:26,"Ako imate 89 godina, kako niste ovaj."
1:45:26,1:45:27,Ja vidim da sam sad čovjeka završio.
1:45:28,1:45:29,"Da, otišao je doma, vjerojatno."
1:45:30,1:45:32,"Ja mislim samo, nemoj umrijeti se kad odeš kući, molim te."
1:45:33,1:45:36,"Ne, nisam ja sklon na tome, kažem ti malce taj kratak."
1:45:36,1:45:40,"Kažem, imala si taj kratki period, baš prije par godina, kada se to dogodilo."
1:45:40,1:45:49,"Ali, baš zato što je posao nekakav razlog, pa onda razmišljaš o puno tih nekakvih stvari i vidiš kako to uopće izgleda pred sam kraj."
1:45:49,1:45:53,"Čega uopće nisam bila svjesna, recimo."
1:45:53,1:45:56,"Tako da, nisu to nekakve stvari."
1:45:56,1:45:58,Ja mislim da uopće nije dobro o tome razmišljati.
1:45:58,1:46:07,"Jer tu smo da živimo u sadašnjosti i nekako gledaš prema naprijed, ali treba živjeti u trenutku i gledati naprijed."
1:46:07,1:46:12,"A sad ovo što je bilo ili naravno šta će sad biti, koliko će ko živjeti to?"
1:46:12,1:46:13,i vjetar to oduzima.
1:46:13,1:46:21,"Ne možemo znat, oduzima energiju, a ništa nije u tvojim rukama, na kraju krajeva što god ti mislio, opet, šta možeš s tim što misliš, ništa."
1:46:22,1:46:26,"Kad si spominjala suprotnosti, ja i moja žena smo potpune suprotnosti."
1:46:27,1:46:30,Really?
1:46:30,1:46:45,"Totalne suprotnosti, ja sam strašno znati želja, znači, mislim stvari o kojima ja razmišljam jako malo, ljudi razmišljaju o tome, mene ti doslovce zanima ono kako je moguće, znači išao sam proučavat koliko se ljudi do sad kroz povijest rodilo i umrlo."
1:46:46,1:47:13,"Znači, koliko ljudi padne na pamet to pitanje, recimo, preko sto milijardi ljudi se do sada rodilo i umrlo i mene frapira činjenica da je preko sto milijardi ljudi došlo na ovaj svijet i da su gledali ono kao što je sve ovo, kao tko sam ja, što je sve ovo svemir, što je ovo, znači nemamo blage veze, isto tako stotinjak tih milijardi je umrlo da mi uopće ne znamo šta se dogodilo nakon toga kad su ti ljudi umrli i šta će se desit nama."
1:47:14,1:47:36,"Kako nitko se ne pita, mislim, pitaju se ljudi naravno, zastupljene su i te religije i svi ti neki duhovni napori, filozofski napori, bilo svega i svačega, ali i ono doslovce mislim, stavite nekog kapitala iza toga čujeć, znaš da je poduzetnici i start-upi, ono da se malo bave tom tematikom, da skužimo šta smo, tko smo, dio ide."
1:47:37,1:47:48,"Da, pitanje, mislim ovisi, ne znam vjeruješ li ono da postoji nešto ili ne, ja vjerujem, tako da ono, ja vjerujem u Boga, tako da nekako volim vjerovati da postoji nešto i nakon ovoga."
1:47:49,1:48:13,"A sada sam sad ulazila u nekakve, znaš, ono na dubioze šta, kako dićemo, kako će to izgledat, nikad, stvarno, stvarno nikad volim jednostavno to, vjerovati da postoji nešto, meni je ljepše vjerujući da postoji nešto smirnija sam i kao nekako se ne želim uopće zamarat sa mogućnošću postojanja neke druge opcije."
1:48:13,1:48:18,"Znači, znam da će neki ljudi to promijeniti, postoje neke koji."
1:48:19,1:48:36,"Tako meni moja žena kaže šta ti sad tu bez veze čitav život hoćeš mudrovat jel postoji, ne postoji, će biti ovo, će biti ono, ja uživam u životu, imam krug ljudi koji su mi dragi, koji su mi bitni, optimistična sam, vesela, znam da nikad neću moći saznat pa šta ću onda razbijat glavu s tim."
1:48:36,1:48:48,Pa točno to živiš ono na način da ono sam sebe ispuniš da na tom putu ne napraviš ništa loše nekom drugom i po meni to bi trebala biti kao sva filozofija.
1:48:48,1:48:51,"Sva sintetizam, sve si pojednostavila, nećemo morati."
1:48:51,1:48:55,"Da ćemo komplicirati sad o tome, reći ćemo šta ćemo, no."
1:48:56,1:48:56,Šta sve.
1:48:57,1:49:03,"Ja mislim da nije to pitanje čak ni izbora, nego je to pitanje kako je tko skrojen."
1:49:03,1:49:06,"Šta, aha, misliš što, mislim da sam ja njih izbor radio."
1:49:07,1:49:07,Šta ti je dan?
1:49:08,1:49:50,"Pa dobro, moguće i to možda čak i je dijelom ono znači i to na neki način do odgoja, do toga čemu si bio izložen kao dijete o čemu se pričalo, mislim da sve te nekakve stvari, ono možda iz djetinstva u tim nekim godinama u kojima se razvijaš utječu na to kako poslije razmišljaš, šta te poslije zanima, u kojim se temama okružuješ, tako da knjige koje čitaš, ne moraju biti ni knjige, podcasti koje gledaš, znaš, danas ljudi misle kao ako ja sad čitam knjige, ja sam super inteligentan odjednom, a možeš čitati najveće gluposti, ono koje je bolje pogledati neku glupu seriju nego to što si ti pročitao, a ljudi misle samim tim šta čitaju, bilo šta da je to korisno, pa baš i nije."
1:49:52,1:49:53,Kakve podcaste ti pratiš?
1:49:53,1:49:56,Pa ja ti uglavnom volimim gledati strane podcast.
1:49:56,1:49:59,Meni je omiljeni trenutno Diary of the Seo.
1:50:00,1:50:02,To sam počela prije par godina.
1:50:03,1:50:10,"Uopće naše je iskreno neslušanje jer mi to služi za, kako sam na tim jezicima jako bitno zbog posla, da sam na non-stop."
1:50:10,1:50:16,To vam se trudim dnevno biti izložena sat vremena nečemu na taj način.
1:50:16,1:50:24,"Tako da slušam isključivo na engleskom, na talijanskom ili na španjolskom nešto što nađem ili su to neki razgovori."
1:50:24,1:50:30,"Tako tog tipa ima ih i iz drugih zemalja, a slična je tematika kao Diary of the Seo."
1:50:31,1:50:36,To mi je super jer on radi razgovore sa onima koji imaju istu temu isto kuju.
1:50:37,1:50:44,Sve su to neki uspješni ljudi iz raznih sfera kod kojih se stvarno svašta da naučiti i to budu super zanimljivi razgovori.
1:50:45,1:50:48,Znači edukacija ti je broj jedan na pameti.
1:50:48,1:50:51,"Nisam ti na pameti, jednostavno volim to."
1:50:51,1:50:54,"Nije da sad ja to palim, no ciljano sad mora nešto zovu."
1:50:54,1:50:57,"Jednostavno me to zanima, ne zanimaju me neki tračev."
1:50:57,1:51:07,"Nemam potrebu sad upaliti nekakav podcast gdje će mi netko pričati o tome, ne znam o čemu se uopće radi u tim podcastovima, nisam nikad slušao."
1:51:08,1:51:08,U kojim?
1:51:09,1:51:47,"Pa ne znam, tako nekakvim dimati tračeva, ne, nekakvih tračeva gluposti, ono znaš, ono, gdje se sad to svodi i na to, ja sam malo izašao, malo, to meni, ono nije mi to interesantno i jednostavno niti čitam takve stvari, niti ne zanimaju me konkretno na taj način neki tuđi život itede Valentina, nadam se da ti nisam ovaj poremetio tvoje, planom je da budeš optimistična, vesela itede da ne razmišljaš o ovim stvarima, želim ti se zahvaliti što si prihvatila moj poziv, kako sam tebi zapravo i rekao dok smo se do dogovarali."
1:51:47,1:51:57,"Znači, sve hvale na računu onoga što ti radiš i na način kako to radiš."
1:51:58,1:52:01,Ja sam baš jako impresioniran.
1:52:01,1:52:06,Hvala ti puno i želim ti puno sreće dalje.
1:52:07,1:52:09,Hvala ti puno i hvala još jednom na pozivu.
1:52:09,1:52:10,Hvala ti.
1:52:10,1:52:12,"Ljudi, nadam se da ste naučili puno toga."
1:52:13,1:52:14,Vidimo se za tjedan dana.
1:52:14,1:52:14,Ok.
