Start (HH:MM:SS),End (HH:MM:SS),Segment
0:00:12,0:00:18,Nikad više pitanja nije lebdjelo nad našim glavama nego u ovu jesen 2026.
0:00:19,0:00:19,godine.
0:00:19,0:00:20,Što nas čeka?
0:00:20,0:00:21,Rat ili mir?
0:00:22,0:00:27,"Putin, Trump, Zelenski, Ukrajina, Rusija, Kina, Persijski zaljev, nafta."
0:00:27,0:00:35,"I kao da nama u Hrvatskoj nije dovoljno ovih bijelosvjetskih problema, ovog ljeta dobili smo, točnije, otvorio se onaj otpadni."
0:00:36,0:00:37,Počinjemo s novom sezonom.
0:00:37,0:00:38,podcast-mrežnica.
0:00:38,0:00:39,Dobrodošli.
0:00:39,0:00:44,"Prije svega, dobrodošlicu želim i uvijek dragom gostu, admiralu Davoru, da ulaze u loše."
0:00:45,0:00:48,"Admirale, živi i zdravi bili, sto godina vas vidjeli."
0:00:49,0:00:49,Hvala.
0:00:50,0:00:54,"Evo, prošlo je ljeto, bilo je zanimljivo, bilo je burno."
0:00:55,0:01:00,"Ljudi, uvijek smo počeli misiju kako pitaju, nikad toliko nisu pitali."
0:01:00,0:01:03,"A ono što se moglo primijetiti, ljudi su silno zbunjeni."
0:01:04,0:01:09,"Zbunjeni su ono što im mediji nude, nude je neprekidno proizvodnju straha."
0:01:10,0:01:11,Strah je prevladao u svemu.
0:01:12,0:01:26,"HBOR-a ono što je najstrašnije, determinirani kaos je zahvatio cijelu planetu, on je globalni, uistinu globalni, a s druge strane je i područni i u Hrvatskoj."
0:01:26,0:01:38,"Potvrđuje se nažalost što smo u mnogim emisijama gledali, u posljednje dvije koje je snimila mrežica, evo ove naše emisije je gledalo preko milijun i sto tisuća ljudi."
0:01:38,0:01:47,"Znači ljudi su željni tih informacija, a Hrvatska ima tu unutarnju agresiju koja se radi asimetričnim ratom."
0:01:47,0:01:57,"Taj asimetrični rat nije onaj rat, fizički, u kojem ima oružje, ovo ili ono, jedna ili druga strana, neko više ili manje, nego je asimetrični rat."
0:01:59,0:02:14,"On je to je rat bez početka, rat bez kraja, rat bez bitke, rat bez bojišnice, rat vojnika, a je rat zato jer nas se ne osvaja, nego se otima prostor i uništava."
0:02:15,0:02:35,"U asimetriji ne vrijede načela simetrije, mora se posve drugo, a to ćemo tijekom emisije reći što to Hrvatska treba činiti odnosno ispravnije rečeno što treba ta nesretna hrvatska politika na čelu sa ovom Vladom koja nažalost evo harači po Hrvatskoj već koliko deset godina."
0:02:36,0:02:41,"Admirale, idemo onda krenuti s najljepšom našom, jedinom našom domovinom."
0:02:41,0:02:42,Što nam se to događa?
0:02:42,0:02:54,"Kulminiralo je ovog ljeta otkrićem, sad ću reći otkrićem kao sad se svi čude oko opasnog otpada u Gospiću, a onda samo iskaču crne točke odnosno točke s otpadom po Hrvatskoj."
0:02:55,0:02:58,Kako smo to postali odlagalište otpada Europe?
0:03:00,0:03:10,Ovo sada mislim smiješšno je gledati poglavito u zadnjoj sjednici Sabora koja je bila glavna tema odnosno početak sjednice Sabora gdje su bila zaštitna pitanja.
0:03:11,0:03:13,"Razina toga, to je nešto zastrašujuće."
0:03:14,0:03:23,"Hrvatski sabor je gore od onoga vitezovoga kokošinjca što je on slobodno rekao kao ministar kulture, ispod tog razine ne može pasti."
0:03:24,0:03:31,"Kad svi svodite, to je samo kokošinjanje, svađe jedno koje je više uništilo Hrvatsku ili koje je više opljačkao Hrvatsku."
0:03:31,0:03:45,"To je nešto, nema ni jednoga svrhovitoga prijedloga, tu i tamo se pokušalo nešto naznačiti, ali se ono u tom kakofoniji i ne čuju dovoljno glasova, mediji prije šute, je bio recimo gospodin Troskot."
0:03:45,0:03:47,Ja mogu sada vam prigodno reći.
0:03:48,0:03:50,"Gospodin Troskot, ja ga nisam poznavao."
0:03:51,0:03:53,Znam da je tu nešto mlađi od moga sina.
0:03:55,0:04:03,I on je prije godinu i pol dana tražio mene da se nađemo i naši i došao je me sa podacima koje on sad iznosi.
0:04:03,0:04:10,"Kad sam vidio, a sve je to napisano u knjizi Hrvatska geopolitička strategija za 21."
0:04:11,0:04:28,"stoljeće, da se to događa u Lici, pa sam rekao gospodine Zonimire, to je najveći bazen pitke vode u Europi od Gorskoga kotara, od možemo reći šire od Istre naše, Gorski kotar."
0:04:29,0:05:00,"Gorski kotar ima najveće padaline, zato ima tamo, to su obnovljivi izvori vode, obnovljivi i ima izvor pitka voda je dragi moji gledatelji pedeset i dvjesto pedeset m pa sve cijela naša lika pa dalmacija do dubrovnika hercegovina i Lašvanska dolina, najveći bazen pitke vode u Europi, a to se nalazi, a Hrvatska po količini pitke vode je treća u Europi, ne računamo Rusiju jer je ona euroazijska zemlja."
0:05:01,0:05:02,Mora se to ponoviti.
0:05:03,0:05:12,"Isto puno vode ima Norveška, Island, ali oni su i Rusija, oni su u hladnome pojasu, a mi smo u toplom pojasu."
0:05:13,0:05:15,A kvaliteta te naše vode je najbolja.
0:05:17,0:05:24,"I onda da se sačuva taj izvor, kad je ovo meni donio, to je Hrvatsku ovako, ovo ustrajavaj."
0:05:24,0:05:33,"ajaj, nećete razumjeti u početku, ali doći će trenutak da će to biti glavna tema u državi Hrvatskoj, samo ti moraš ustrajati."
0:05:34,0:05:42,"I Bogu hvala, taj mladi čovjek je ustrajao i doveo do ovoga stanja koji imamo, toliko da je bar toliko Hrvati su sada osviješteni."
0:05:44,0:05:54,"Što se hoće sa tim, prvo se pitam šta su, kako uopće do toga došlo, da se uvozi smeće, ajmo, ajmo, dragi gledatelji, pustimo pojam uvoz smeća."
0:05:55,0:06:00,Znači da nešto sa zapadnom civilizacijom nije u redu.
0:06:00,0:06:18,"Amerikani Amerika u svojoj knjizi sam napisao da su Sjedinjene američke države, oni nisu civilizacija zato jer su iz bogatstva odmah preskočili civilizaciju jer je to duhovna vertikala, to je civilizacija, završili u dekadenciji, Epstein."
0:06:19,0:06:21,Ali jesu bili civilizacija smeća.
0:06:22,0:06:26,U svaki peti kamion u Sjedinjenim američkim drvećem je smećarski.
0:06:28,0:06:33,"I tu civilizaciju su takvu, civilizaciju smeća prebacili su u Europu."
0:06:35,0:06:43,"Pogledajte zašto je uopće ta civilizacija, zašto je ona izgubila duhovnost zapadna civilizacija i šta se ona pretvara?"
0:06:43,0:06:48,"Znači, sama činjenica da se razgovara toliko o smeću, pojemu smeće."
0:06:48,0:06:49,"Otpada, da."
0:06:49,0:06:54,"Otpada, ali bolje je riječi raditi smeće da vide ovaj, da razumiju o čemu je riječ."
0:06:55,0:07:11,"Otpad, kad kažete otpadlo je od nečega, pa možda ima i u tom, ali je u ovome pojmu jer ovdje se radi o fizičkom zagađenju prirode, a kad je fizičko zagađenje prirode onda je duhovno zagađenje čovjeka jer je njegov narativ tako da on samo priča o smeću."
0:07:12,0:07:17,"Otpad je zanimljiv jer otpad ono što ima pa se može, jer je sekundarna sirovina koristi se."
0:07:17,0:07:22,"Ali je bolje reagirati u ovom kontekstu, je bolje reagirati riječ smeće da to uđe ljudima u glavu."
0:07:23,0:07:24,"Naime, o čemu se radi?"
0:07:25,0:07:26,Što je napadnuto?
0:07:27,0:07:29,Što je napadnuto u Lici?
0:07:30,0:07:34,"Pojam ekocid, ispravan pojam ekocid je, ispravan pojam."
0:07:34,0:07:35,Zašto?
0:07:35,0:07:42,"Zato jer je ekocid iznad po težini grijeha, po težini zločina, iznad genocida."
0:07:43,0:07:50,Genocid je istrebljenje jedne određene skupine naroda odnosno etničke skupine ili dijela nekog naroda.
0:07:51,0:07:52,To je genocid.
0:07:53,0:08:00,A ekocid je uništenje biljnog životinjskog svijeta i ljudske vrste.
0:08:01,0:08:01,Isto dobro.
0:08:03,0:08:05,"Dakle, uništava se priroda."
0:08:05,0:08:06,Što je priroda?
0:08:06,0:08:08,Tko je stvorio prirodu?
0:08:08,0:08:13,"Ovo je, da, to je raznolikost svijeta i u biljnom i životinjskom i u ljudskim vrstama."
0:08:14,0:08:14,Boh stvoritelj.
0:08:15,0:08:16,Priroda je Bog.
0:08:17,0:08:21,"I sada ako ti ideš na to uništiti, uništio si izravno idiš na Boga."
0:08:23,0:08:24,"I naravno kaže, sad se to vraća."
0:08:24,0:08:33,"Pa naravno da se vrati jer si ti sa svojim djelovanjem išao uništiti Božje djelo, svojim djelovanjem, Božje djelo."
0:08:33,0:08:36,I u tom se stanju sada nalazi Europa.
0:08:36,0:08:38,A zašto ona došla u tom stanju?
0:08:39,0:08:44,"Sama činjenica da se može uvoziti i izvoziti smeće države, nekada suverene države."
0:08:45,0:08:45,Zašto?
0:08:46,0:08:55,"Zato jer je EU, dragi moji gledatelji, Pocas Mrežnica druga Ivanova zvijer iz njegovog otkrivenja."
0:08:56,0:08:57,To je ona.
0:08:58,0:09:04,Ona je stvorena da se ponište svi suvereniteiteti i svi identiteti nekada europskih država.
0:09:05,0:09:10,"Hrvatska danas, ne samo ona, mi posebno, mi smo ono što uvijek bit ćemo poslušnici do kraja."
0:09:11,0:09:27,"Nama nije, mi nismo se osvijestili ni od Beča, ni od Budimpešte, ni od Beograda, sad smo brisao, vidiš četiri be to jaši neprekidno u Hrvatskoj i nad Hrvatskom kojima ni jedni ni drugi, ni treći ni četvrti apsolutno ne žele dobro nego nas žele uništiti."
0:09:28,0:09:30,Pa mi smo sad došli da se osvijestimo.
0:09:30,0:09:50,"Ovu emisiju je emisija po meni, ja ću potrusiti ono sve svoje znanje što imam, da bar malo pokrenem tu ustajalnu ispravnu svijest hrvatskih ljudi da više nismo šutljiva Hrvatska kao što smo bili šutljiva Hrvatska kada je bila pred srpsku agresiju devedesetih godina."
0:09:50,0:09:55,"Ali onda smo se ustali, svi na čelu sa Tuđmanom i pobjedili, tako i sada."
0:09:56,0:10:01,Ovo je asimetrični rat i drugačiji se način vodi protiv njega bitka.
0:10:02,0:10:06,Ali moramo sami početi od sebe jer to je onog vremena sada.
0:10:07,0:10:10,A da bi počeli moramo prvo objasniti pojmove.
0:10:12,0:10:14,Uvijek sam govorio i govorit ću.
0:10:15,0:10:21,"Davno mudri su ljudi rekli, prvo definirajmo pojmove pa ćemo onda moći raspravljati."
0:10:22,0:10:25,"Ovdje svatko raspravlja, nitko nije definirao pojam."
0:10:26,0:10:32,"Dakle ekocid smo rekli, ekocid je najteži mogući grijeh od kojega nema oprosta."
0:10:34,0:10:39,"Koji je inače grijeh po katekizmu Katoličke crkve, grijeh kojega nema oprosta?"
0:10:40,0:10:41,Protiv duha svega toga.
0:10:42,0:10:43,Nema oprosta grijeha.
0:10:44,0:10:45,A što je priroda?
0:10:46,0:10:49,"Božji je stil, zato je Bog sudio, njegovo djelo."
0:10:50,0:10:54,"Čovjek je napravio djelo, to je njegovo, koje ove knjige moje, ovo je moje djelo, tu sam ja."
0:10:55,0:11:05,"Iako fizički nisam, ali je to djelo, to je djelo svakog čovjeka, umjetnika, pisca, slikara, glazbenika, da ne nabrajam se dalje, arhitekti."
0:11:06,0:11:10,"Sve je to njegovo djelo, on je tu u tom, tako i Božje djelo u tom prirodi."
0:11:10,0:11:12,Bog je utkan u prirodu.
0:11:12,0:11:15,"Prirodi tako je, jer je djelo njegovo, ja sam utkan u ovo."
0:11:16,0:11:21,"Vi kad nešto djelo napravite, ova vaša emisija to je vaše djelo i zato je poznata, poznata."
0:11:21,0:11:29,"Poznata je djelo, kaže se pod kas mrežnica, a istodobno se govori, gospođa Ariana, jer vi to je vaše djelo, tako i Bog."
0:11:30,0:11:43,"E sada, ako je Bog unutra, a ima sveto trojstvo, otac, sin i duh sveti, e vidiš napada se i ova druga dva člana svetoga trojstva, a to je Duh, a protiv Duha svetoga nema oprosta."
0:11:43,0:11:44,Zašto nema oprosta?
0:11:44,0:11:49,Jer Duh sveti je taj veza između čovjeka koji si lazi duh.
0:11:49,0:11:50,Bez Duha ne možeš stvoriti.
0:11:51,0:11:54,"Ne možeš biti, dolaziti informacije Božje, sve je gore."
0:11:55,0:11:55,Duha te nema.
0:11:56,0:11:57,"Ne, nema, nemate, ne postojiš."
0:11:58,0:12:06,"E, a Du duše, a hoće se ogledalo te duše, hoće se ogledalo jer se najviše informacija prima."
0:12:07,0:12:10,Dakle drugim riječima to je najteži mogući grijeh što ima.
0:12:10,0:12:34,"Pa prema tome ako je tu učinjen ekocid, a učinjen je ekocid onda će itekako biti važno koliko imam informacija, vjerojatno je to tako točno da krajem ovoga mjeseca ili u nekim danima ispred dvadesetak dana i više ili petnaest dana državni odvjetnik Turdić on će pokrenuti nekakve istrage, tako je najavljeno."
0:12:34,0:12:41,E pa ćemo vidjeti sad gospodine ja se obraćam vama u ovom smislu prozivati i obraćati se u ovoj emisiji.
0:12:42,0:12:46,To se namjerno tako obraćati jer je došlo vrijeme da se obraća ovaj rat.
0:12:47,0:12:50,"Kao što je devedesette trebalo krenuti u bitke, treba će i sad krenuti u bitke."
0:12:51,0:13:07,"Naravno da sam drukčiji jer sam rekao definiciju kakav je to rat, pa ponavljam još jednom, bez početka, bez kraja, bez vojnika, bez bitaka ali je rat jer se uništava prostor ili s drugim riječima osvaja se, otima se od Hrvata."
0:13:08,0:13:10,"Zašto se to otima od Hrvata, admirale?"
0:13:10,0:13:11,Pa vrlo jednostavno.
0:13:12,0:13:13,Što je danas najvrjednije?
0:13:13,0:13:19,"Što je u tajnome planu, i to sam ponavljao, 1974."
0:13:20,0:13:35,"godina, Hernik Kissinger, pripadnik okultne oligarhije, imao svoj tajni plan pod nazivom SNN crtica 200 i stoji tamo glavno postulat, glavno načelo."
0:13:36,0:13:39,"Tko kontrolira energente, kontrolira države."
0:13:40,0:13:41,"Evo sad, vidimo."
0:13:41,0:13:41,Vidimo.
0:13:42,0:13:43,Tko kontrolira energente?
0:13:44,0:13:46,Tko danas nema gorivo?
0:13:47,0:13:47,Iran.
0:13:49,0:14:00,"Završio je i Bab El Mandeb ili u prijevodu, zanimljivo, Bab El Mandeb u prijevodu, u slobodnom prijevodu znači tjesna suza."
0:14:01,0:14:04,Sada je pitanje čije su suze?
0:14:05,0:14:06,E nema goriva.
0:14:08,0:14:13,"Dakle, druga njegova postavka, tko kontrolira hranu, kontrolira ljude."
0:14:14,0:14:45,"Danas se ide, vidiš da Hrvatska koja je mogla biti jedan od najvećih izvoznika najzdravije hrane od naše Slavonije do naših otoka jer imamo vodu, vitku, od javnog odjavanje, to smo isto rekli, plave granice, rijeke, mura, drava, Sava, UNA-a, pa one četiri kraške ljepotice, ne znaš koja je ljepša jedna od druge, Zrmanja, Krka, Cetina i Nereta, pa sve ostale rijeke od Bosuta do Oljave, u Mirne Raše i Dragonije i da ne govorim svega ostaloga."
0:14:46,0:14:53,"Dakle, ti sada praviš od toga, od raja, praviš pustinju, ne bilo kakvu pustinju, nego pustinju smeća."
0:14:54,0:15:13,"Namjerno ne rabim, ponovo govorim riječ otpad, da to ljudima u kućanstvu i ovdje se radi o zagađenju, ne samo fizičkoga nego se radi o zagađenju, prije toga su nama zagađali naš um, svakim novim informacijama ispravno, a to je proizvodnjom straha, neprikidnoga proizvodnjom straha."
0:15:13,0:15:17,I sada su došla ta vremena da osvijestimo.
0:15:17,0:15:19,"Prema tome, genocid nema oprosta."
0:15:20,0:15:33,"I zato gospodin Turđić, kome sam se obratio, nek vidimo tko su tu, nemojmo mi sad na nekom tamo razini lokalnoga, bilo on ili župan, ne znam, nikoga neću prozivati, nego ovo treba udariti u glavu."
0:15:33,0:15:46,Tko je donio zakone ili bilo kakve prešutne ili manje prešutne ili ovoga da se može uvoziti smeće i to karcinogeno i otrovo smeće u državu Hrvatsku.
0:15:46,0:15:46,To je pitanje.
0:15:47,0:15:51,"I odlagati tamo gdje se nalazi najveći bazen pitke u Europi, to je pitanje."
0:15:52,0:16:13,A onda se moramo vratiti u devetnaest godinu pa se moramo vratiti u dvadeset jedan godinu ima od vrijeme predsjednika tuđmana nikakvog otpada ni nitko nije govorio o otpadu ništa onda je svaka vlada koja je od dvije tisuće godine dakle nakon tuđmana dolazila u hrvatsku bila je lošija od one prethodne.
0:16:14,0:16:24,"Zato ovaj je sad najlošija, jedna, druga, treća, možemo ih sve pobrojiti, nije bitno tko su, oni su svi isti jer svi pripadaju militantnom liberalizmu svjesno i nesvjesno."
0:16:24,0:16:34,"A militantni liberalizam kao ideologija baštini najgore od sve tri ideologije zločinaštva, fašizma, nacizma i komunizma."
0:16:34,0:16:35,To je to danas mi živimo.
0:16:36,0:16:39,"Takva vremena, evropska nekada kršćanska civilizacija."
0:16:40,0:17:25,"Prema tome, on mora vidjeti tko su ti i udariti u glavu jer devetnaest godine su rekli da se može uvoziti smeće, a onda su dvije tisuće dvadeset jedan ukinuli da se ne smije kontrolirati to što se uvozi to smeće i onda se mi čudimo kako je završilo trideset ne znam koliko sedam tisuća tona tako neke su brojke to je strahotno gdje u liku e sad dragi moji gledatelji obraćam se vama zamislimo ovo mogući scenarij način na koji oni predlažu plenković i ova njegova bulumenta to je užas jedan."
0:17:26,0:17:28,Kaže oni će sanirati.
0:17:28,0:17:29,Šta ćeš ti sanirati?
0:17:29,0:17:44,"Kako ćeš ti sanirati nešto što je, prodire što ima elemente koje mogu proizvoditi rak itede zagađenje trajno, teški metali kada padnu, to je uvijek tako."
0:17:45,0:17:58,"Ono se može sanirati samo na jedan način, samo na jedan način, da se ono zatvori u hermetičke bačve isto kao što se nuklearno gorivo od nuklearnih elektrana zatvara i onda se zacementira, jedino tako."
0:17:59,0:18:02,"Jer je to kraško područje, to je porozno."
0:18:02,0:18:08,"Zamislite da nekomu uopće padne da je saniran, znači on to smeće pokriti plastikom."
0:18:08,0:18:16,"A to čovjek se treba prekrižiti, on će ga pokriti plastikom, a doli ostavljaš da ide porozno u vodu i ostalo."
0:18:16,0:18:19,Znači ti praviš takav sustav da još više zagađuješ.
0:18:20,0:18:27,"I onda mantra je ta, voda je pitka, pa ta vam posla još da je voda ušla unutra, to ne znači da sutra neće ući."
0:18:29,0:18:35,"A što je ovo, ako je ovaj scenarij, nikakva ova teorija nije zavjere, ovo sa šta ću izgovoriti."
0:18:36,0:19:11,"Što ako netko, netko, a rekli smo, ponovo ponavljam, tko kontrolira energente, kontrolira države, vidimo sad, tko kontrolira hranu, kontrolira ljude, a nama uništavaju hranu i to je ova izmišljena sinska afrička kunga, to je isto izmišljeno, dakle, potpuno kontroliraju, mi hranu ne proizvodimo, kontrolira, uvozi i svašta, znači kontrolira ljude, zato i jesu ovi veliki trgovački centri, sutra kad ti ne možeš proizvodnju, istjerao si seljaka, samo zatvoriš centri i onda smo mi gladni, a gladni čovjek je na sve sprema."
0:19:11,0:19:54,"E to je ta okultna oligarhija što što ima, o kojima ja pišem u knjigama već evo pedeset godina točno ove godine, pedeset godina sedamdeset šest se napisao prvi svoj znanstveno stručni rad i treće je moje dakle ovo je hernika kisinžera ja sam dotao u svojim knjigama dakle već dvadeset pet godina piše tko kontrolira pitku vodu taj kontrolira život život pitka voda život ne može ni biljni ni životinski ni ljudska vrsta ne može bez pitke vode i sada zamislite ovako neće to sanirati dakle ne mu prvo su zagadili A onda ne mogu sanirati, može se, sve se može napraviti kako čovjek hoće, a ne na ovakav način."
0:19:55,0:20:04,"Žurno treba osnovati stožer jer je to operacija asimetričnog rata, stožer za vođenje borbe protiv asimetričnog rata."
0:20:04,0:20:04,Kako?
0:20:05,0:20:33,"Stožer, što je Tuđman osnovao u devedeset jedan godine evo sad u devet mjesecu glavni stožer prije toga bila zborn narodne garde bio sam u njemu među prvima u obranu hrvatske osvojio je stožer sada možeš osnovati stožer tko bi trebao njega kako bi trebao biti treba pametne ljude, nikakvih ovih stranaka i sve ostaloga, umnih ljudi Hrvatska ima u svim područjima ljudske djelatnosti, a sa time i znanost ima ljudi."
0:20:35,0:20:36,"Ova je mlada neko povjerenstvo, mislim."
0:20:36,0:20:38,"Pa pustite u glavu, koje povjerenstvo?"
0:20:38,0:20:40,"To će biti, na što će biti unutra?"
0:20:40,0:20:50,"Bit će oni što ih je Miroslav Radman akademik, mislim i to je zanimljivo, on je akademik Francuske akademije, ali nije našeg, ove jugoslavenske, to je i dalje jugoslavenska akademija."
0:20:51,0:21:05,"Ovaj, rekao da su za te, za te, to su naručeni, tko zna gdje su dobili te doktorske disertacije itede nazvao što su prvo, poslije točno, nekompetentni cirkusanti."
0:21:06,0:21:22,"Oni su nekompetentni cirkusanti, a to ću posebno objasniti kad budem govorio o nastupu i analizi kako nastupa predsjednik Vlade Plenkovića, to je ovaj zadnji pitanja na zadnjem početku zasjedanja Hrvatskoga sabora."
0:21:23,0:21:41,"Znači, u Hrvatskoj ima, ali ne tih stožera, ali Hrvatska prvo što mora osvijestiti, ponavljam i to, evo dragi moji gledatelji, jel vi znate da zanimljivo je i to je Božje djelo, neću imenovati."
0:21:42,0:21:50,"Nakon tog istoga dana sjednice sticemo okolnosti sa našom, sa jednom pripadnicom možemo, kojeg zastupnici."
0:21:50,0:21:51,Mi se složimo ovakav.
0:21:51,0:21:58,"Ne, pripadnica, ja mogu reći da je razgovor između nas dvoje, bio i treći čovjek, moj prijatelj, arteekt."
0:22:00,0:22:03,"Svoga sticemo okolnosti, da nema slučajnosti."
0:22:05,0:22:08,Čak se i gospođa složila da nema slučajnosti.
0:22:08,0:22:11,"Vidite, gospođa, nema slučajnosti, a ona ne vjeruje, vjerojatno uništavaju."
0:22:13,0:22:16,"I imali smo razgovor jednu, dva sata otprilike, tako."
0:22:17,0:22:20,"Dakle, može se razgovarati sa svima jer zašto su takva vremena?"
0:22:21,0:22:22,Da čujem malo o čemu se radi.
0:22:23,0:22:33,"Dakle, bježati, napadati drugoga, omalažavati, ismijavati, dizati se na razinu da si ti iznad, da ovi svi doli smo."
0:22:33,0:22:51,"Pa gospodine predsjedniče Vlade, svaki čovjek je Božje stvorenje, djelo, svaki je čovjek poseban sam po sebe, svaki čovjek ima svoje poslanje, nije poslanje moje jedno je, poslanje vaše je drugo."
0:22:52,0:23:02,"Svaki je čovjek velik ako ispuni to svoje poslanje, a to je ako je netko zidar, onda je zidar koji će zidjeti, dobro je tvoje poslanje biti zidar, zidaj najljepše što ima."
0:23:03,0:23:11,"Ako je netko ne znam, znanstvenik, tvoje je da u znanosti, području neke znanosti budeš tu ili netko treće bilo koje zanimanje."
0:23:11,0:23:13,"Dakle svaki ima poslanje, poštivaj to."
0:23:14,0:23:17,"To je uzajamnost što ima, to je pripadanje duhovnosti i vol."
0:23:18,0:23:22,"A ne označavati druge, ti si nikakav i neka ja sam najpametniji."
0:23:22,0:23:26,Često se zaboravlja da svaki čovjek ima pravo na svoje dostojanstvo.
0:23:26,0:23:27,"Tako je, tako je."
0:23:28,0:23:29,I sad što se vidi?
0:23:29,0:23:30,Sad se sve više dostojanstva nema.
0:23:31,0:23:34,Zamislite vi obrazovni sustav koji više profesori ne smiju ući u razred.
0:23:35,0:23:44,"Znači u tom sustavu nešto nije u redu, to je ta nesretna zapadna civilizacija onoga trenutka kada je uništila svoga Boga, istjerala Krista."
0:23:45,0:23:46,A što mi imamo danas?
0:23:48,0:23:49,Evo sada prozivam.
0:23:50,0:24:25,"Ono što je Emil Zola rekao, ja neću optuživati, ja nisam, daj, to ne radi istrage, ne radi, zato mu se obraća komu se evo ga obraćam ponovo, gospodin Turudić, a moje je da ukažem i da pozovem, da prozivam i da pozovem, prozivati i pozvati, prozivam redom, gospodina Plenkovića, Andreja da stane i stvori ljude da više ne uništava Hrvatsku državu."
0:24:26,0:24:46,"Ako imaš većinu u Hrvatskom saboru, a imaš kakva je takva, onda mora prvo da bi riješio jer je Hrvatska država ugrožena u najvišoj razini nacionalnih interesa koji se zovu održivog opstanka i na drugoj razini koji se zovu vitalni ili životi interesi."
0:24:47,0:25:02,"Ugrožena je jer Hrvatsku treba poglašati ekološkom dobrom da bi se zaštitile prije svega vode, šume, plodne zemlje i ta ljepota Hrvatske koja jedina ima uvjete od svih evropskih država."
0:25:03,0:25:04,"Dakle, to je najviša držina."
0:25:05,0:25:06,"Naravno, tu je i demografija."
0:25:07,0:25:09,"Demografija što vi, gospodine Plenkoviću, radite?"
0:25:10,0:25:12,Iseljavate pet stotina ljudi.
0:25:12,0:25:24,"ljudi, petsto tisuća ljudi koji najmlađih, najproduktivniji da i uvezli petsto tisuća drugoga rase i druge vjere odnosno hindus."
0:25:25,0:25:27,Znači to je substitucija stanovništva.
0:25:27,0:25:28,A gdje oni dolaze ti?
0:25:29,0:25:41,"Istjerali ste te petsto tisuća ljudi sad tog raja nazovimo, tog ekološkoga dobra ili u prijevodu nacionalni park i onda uvodiš druge koji će doći tu prevladat."
0:25:41,0:25:55,"Vi gospodine Plenkoviću sada hoćete prodati porodogradilište Uljanik za jedanaest milijuna dolara, pa može dragi, pa jedanaest milijuna dolara ima ljudi u Hrvatskoj koji mogu to kupiti."
0:25:56,0:25:57,Što ćemo prodati?
0:25:57,0:25:58,Tome je Turskoj?
0:25:59,0:26:00,Ali što je Uljanik?
0:26:01,0:26:08,Ja sam tamo izvezao brodove i ratne i razaraš mi itede To je najljepši dio obale u Pulskom zaljevu.
0:26:09,0:26:10,I sve ćeš ti to dati.
0:26:11,0:26:14,"A dao si Dubrovnik, dao si Šibenik i što to znači?"
0:26:15,0:26:22,Znači cijeli Jadran ti naseljavaš Turke i dajaš im koncesije već šta jeste ili prodaji šta je još gore.
0:26:23,0:27:03,"A Turska ima napisanu i djeluje strateška dubina strategija koja se zove strateška dubina do dvije tisuće šezdeset jedan godine gdje živi a što to strateška dubina za tursku ono što je bilo otomansko carstvo na istoku to su ove sestanske zemlje do kazahstana kirgizistan turkmenistan ubekistan arzebeđan i tako a na zapadu gdje je na zapadu beć nisu se odrekli beća nisu se preborili one poraze pod bećem koji su zahvaljujući hrvatima spasili europu beć jedine nikola juriš je drugiče, drugi je Nikola Šuviždinski."
0:27:04,0:27:07,"I sada ti daješ oko, kada si Jadran, to je predvečer."
0:27:08,0:27:10,A na ostali dio naseljavaš Kinduse.
0:27:11,0:27:12,Pa to je nešto prestrašeno.
0:27:13,0:27:16,"A to je već, pod izgovorom, nema radne snage."
0:27:17,0:27:20,Pa nema radne snage zato jer se ukinuo svaku proizvodnju.
0:27:21,0:27:23,"Evo ne da li, grad je Sisak."
0:27:23,0:27:32,"Siscija u vrijeme Rima je pio po važnosti, u vrijeme Rimske imperije, peti grad u Rimskoj empire, po važnosti."
0:27:32,0:27:35,"Dakle, njemu se obraća i ostalog."
0:27:36,0:28:16,"I jednom zaustavite se slušati taj nesretni, kako se zove, Brisel, ostavite se toga, ostavite li vam se dovoziti helikopterski novac, zato se održava jer nema nikakve proizvodnje ovo što on to dijeli, ali on zna da od dvije tisuće on to zna dvadeset osam mi ćemo hrvati morati vraćati taj novac od čega ali znate što sad a to je bezvrijedni papir od čega ćemo to radit kad ste sad spomenuli taj novac možda je zapravo savršeno tu pogođen jedan dnk nas hrvatske Nas, Hrvata, dok je para i muzika, kako bi se reklo?"
0:28:17,0:28:21,"Pa je to i naravno je uzreka, koliko je para i muzika."
0:28:21,0:28:25,"Ne zbog toga da ja sad pripadam tom narodu, nego zbog toga da se dobije."
0:28:26,0:28:31,"Hrvate oni imaju, da zovemo ga usud."
0:28:32,0:28:32,"Usud, ok."
0:28:33,0:28:43,"Kad imaš nešto svoje, ja ću vratiti se u godinu početak 1105."
0:28:44,0:28:46,"godine, početak 12."
0:28:47,0:28:51,"stoljeća, dakle imaš svoje kraljejevstvo, imaš."
0:28:52,0:28:59,"I sad mjesto da naslijediš, završila jedna dinastija, ideš drugu i dolazi Petar Snačić."
0:29:01,0:29:09,"Dakle, nova dinastija u redu, trpimirujuće završava, ne, mi idemo po kute Mađara, kuna."
0:29:10,0:29:11,A Mađari što rade?
0:29:12,0:29:18,"Kao i u Mađarskoj, rekli smo to, govorili tri najbrojna prezimena su Hrvatska, Horvat, Kovač i Kašć, Kašaj."
0:29:19,0:29:30,"I oni samostaljuju svoj jezik i evo, nisi se riješio njih jednog, jedva išao si pod Beč, nakon Beča ideš pod Belgrad, sad ideš pod Brise."
0:29:31,0:29:38,"Znači ima tu jedan oblik poslušnosti, a mi potomci Burina, ratički narod, ratički narod."
0:29:39,0:29:40,Ma ne ideš jedno s drugim.
0:29:41,0:29:43,"E sada, e ali što treba?"
0:29:44,0:30:15,"Nije recimo ona izreka Napoleona, nakon što ga je general Marko Šljivarić, nakon povratka iz Moskve, iz Rusije, nakon poraza, svi ga napustili šesto tisuća, gran armee, ovaj, a nije ga ispustio, nego je napustio general Marko Šivorić i njegova Hrvatska pukonija iz Gljivobraneći ga da ne pada u rusko zarobljeništvo ili da ga Rusi ne ubiju i da on postroji i onda govori onu svoju čuvenu rečenicu Hrvati."
0:30:16,0:30:23,"Jučer sam se osobno uvjerio u vašu hrabrost, neumoljivost, Hrvati to su najbolji vojnici na svijetu."
0:30:23,0:30:29,"Kada bi imao sto tisuća Hrvata ja bi osvojio cijeli svijet, Hrvat ne treba biti ratnik, Hrvat je ratnik."
0:30:29,0:30:30,Dakle sto tisuća.
0:30:31,0:30:37,Pa evo sto tisuća je bilo recimo tu negdje otprilike ili nešto manje na trgu sada.
0:30:38,0:30:44,"Dobro kažu da je bilo i znatno manje, ali broj je bio, nije bitno, pa ne mogu sad to urobiti."
0:30:44,0:30:48,"Dakle, bilo je Hrvata, treba bit će ih i petsto tisuća, bit će ih i milijun."
0:30:48,0:31:00,"E, ali treba vrijeme, kao što smo se mi digli iz te hrvatske šutnje, kao što smo imali osamdesettih ili devedeset došao rat hrvatsku šutnju pa smo se digli i pobijedili, oružje nismo imali."
0:31:00,0:31:05,"Dakle i sad prestanimo biti šutnja, prestanimo više sagivati ramena."
0:31:06,0:31:15,"Zato je moja misija i moj naslov, vidite da je tonalitet i način i gestukulacija drugačija jer je vremena, ja sad pozivam, pozivam i prozivam."
0:31:16,0:31:22,Prozivam dalje tu štetočinu jer oni štetočina u svakom pogledu.
0:31:22,0:31:52,"Oni su i njegova Vlada donosili zakone, oni su sve rasprodali, oni su uništili svaku smislenu proizvodnju bazične industrije, bez bazične industrije nema razvoja ni jednoga društva, ni jednoga, od željeza, uništili su proizvodnju, a Hrvatska je, jer je to u vrijeme kada je Hrvatska bila među pet šest zemalja svijeta po poljoprivredi, Hrvatska je među pet šest zemalja svijeta ili devet koliko je proizvodila jedina podmornica, podmornice proizvodile, e, a ja sam Miral pa znam o čemu govori."
0:31:52,0:31:55,"Dakle, to je sve što imamo i sve drugo su uništeno."
0:31:55,0:32:21,"Toliko znanja imamo utkano u naše korijene, imamo svoj jezik, svoj tet, ajde bar nešto u ovom determinirano kaosu Hrvatske i unutarnjoj agresiji, a unutarnju agresiju provodi on svjesno ili nesvjesno, on sam sebi to treba odgovoriti Plenković, on proizvodi sa svojim operatorom te krize, a to je gospodin Pupovac."
0:32:22,0:32:32,"U vrijeme one krize i agresije vanjske, ovo je sada unutarnje, bio je operator, bio je Milošević, a sad je evo vlastna Vlada i ovi njezini korifeji koji su unutra triba."
0:32:33,0:32:40,"Dakle, on je taj koji to može promijeniti ako hoće, ako ne, vidite, doći će netko tko to hoće."
0:32:40,0:32:44,"Dakle, Hrvatska ima, ali nema vodstvo, nema."
0:32:45,0:32:56,"Mene često pitaju, svi hoće vidjeti Tuđmana, evo, kad je kriza, on sad je kriza, pojavit će se Tuđman, on je među nama, pa nekoliko puta, pojavit će se, on će se pojaviti."
0:32:56,0:33:05,"Ali ovaj skup, ajmo analizirati malo taj skup što je bio prosvjeda na trgu Banaju."
0:33:06,0:33:12,"Oče nije bitno da li je četrdeset, pedeset, sto ili dvadeset tisuća, nije bitno to."
0:33:12,0:33:15,"Nego je bitno, zašto oni se igraju s tim brojkama?"
0:33:15,0:33:18,"Znači onda imaš samo brojka ovaj bio, ovaj nije toliko, a ovaj je toliko."
0:33:18,0:33:20,A oni skupovi u koroni puno nas je čekalo dragocjeno.
0:33:21,0:33:22,"Da, i ostaloga, da."
0:33:22,0:34:04,"Korona je posebna priča, to je najzaslužniji gospodin Plenković, on je stvorio taj stožer, a koronavirus je operacija bio ratovanja najviše razine u kojem je testirana proizvodnja straha na globalnoj razini u kojem su htjeli cjepivima da promijene, mnogima su promijenili gen koji ih ima itede I sve ono što oni hoće sada su tu operaciju i to je operacija iz asimetričnog ratovanja prebacili ovdje sad u Hrvatsku sa unutarnjom agresijom odnosno otimačinom bitka to je zemlja plodna šume i voda, bitka."
0:34:04,0:34:05,Dakle to je on.
0:34:06,0:34:08,"Drugi, e sad vratimo se ovome skup."
0:34:10,0:34:15,Taj skup u razgovoru sa ovom gospođom iz Mađarske.
0:34:16,0:34:34,"Jer oni su sebe, nešto su oni, ajde nazovem jer nije to moja riječ, što su ljevio recimo od esdepea oni su ekstremni, sa njima oni imaju nekoliko fraza i to ponavljaju i to tijegovat, to je nešto zastrašujuće, to je cementirani mozak, evo jednostavno, ne možeš ništa promijeniti tu."
0:34:36,0:34:43,"I što se sada, evo, ja govorim pa, ajde, ajmo, razmislimo ovo."
0:34:43,0:34:45,Šta ste vi htjeli sa ovim skupom?
0:34:45,0:34:59,"Vi ste zato što ste sebi pripisali nemate nikakav politički problem i onda ste sebi prepisali ekologiju, ekologiju, kao oni su zeleni, oni se borili za ovoga itede U biti ta njihova ekologija je uništenje ekologije, to je njihovo."
0:35:00,0:35:06,Ili prodavanje onim stranim okultnim oligarhijama koji hoće kupiti i vodu i šume i ne znaš što je ostalo.
0:35:09,0:35:09,To ste vi htjeli.
0:35:10,0:35:26,"I onda vam je doprijavio se neki čovjek, neka stranka i ona je uzela vaše najveće jer više vi ne vladate, ne možete mahati ispravno što ste i radili, vama nije ni do ekologije ni do čovjeka, do ničega čim vi zastupate gendrizem, tu nemamo života, gotovo završena priča."
0:35:27,0:35:30,"Neka druga stranka, neki drugi mladi čovjek, eto, to je vas uzbudilo."
0:35:30,0:35:34,I sad ste cijeli skup htjeli prikazati kako je to vaš skup.
0:35:35,0:35:50,"A tu je itekako dobro došlo Plenkoviću da on taj skup prikaže kao jugoslavensko, antihrvatski, antife su sve tamo i tako dalje, da bi on sebe opravio svoje grijehe."
0:35:50,0:35:51,I šta se dogodilo?
0:35:52,0:35:53,Nije jedno ni drugo.
0:35:54,0:35:56,Tamo su bili ljudi koji su gledali i vidjeli.
0:35:57,0:35:57,Što su vidjeli?
0:35:57,0:36:01,"Vidjeli su puno mladosti, vidjeli su zagrebčane i sva."
0:36:02,0:36:13,"sa zagrebačkim govorom kajkavice, lijep izgovor, urbani i vidjeli su ljude iz svih krajeva poglavito iz naše Like, Kršnih Vlada, u jedinstvu govore."
0:36:14,0:36:22,"Vidjeli su tu ušu, lijepu, šutljivu, šutljivu Hrvatsku, ali lijepu, uljudbenu i onda su, tko su poraženi?"
0:36:23,0:37:24,"I možemo i hadeze, ekstremi jedan i drugi, a ništa nisu šutljiva većina je pokazala da ima Hrvatska, a to je pogao sa ovom krivuljom osamdeset posto deset posto su s jedne ekstremi, dvjesto posto su druge samo bolje da ne daje nikakvu, ne ozbiljno, bolje, čovjek ako ne znaš napraviti sve kako treba, ne može činiti jer to ne znači ništa, to šteti više nego što to koristi, pa onda šta će, šta će ono što šteti."
0:37:25,0:37:46,"Predsjedniče, istog trenutka imate ovlasti stvoriti vijeće koje će razmišljati o ugrozi, a vi ste vrhovni zapovjednik oružanih snaga, vi ste na čelu ili imate služba u ovještanju, dakle sigurnost države Hrvatske i vanjsku politiku."
0:37:46,0:37:49,E pa uzmite te preporative što vam daje Ustav u svoje rukeke.
0:37:50,0:38:01,"Nikoga ne može ni Plenković ni ovaj zabraniti, stvoriti vijeće u kojem će se proispitati zaštita hrvatskih nacionalnih interesa što su po ovom knjizi."
0:38:01,0:38:10,"Ne mora biti to, sve je podložno promjeni, ali moramo i definirati i jasno sa tim izići gospodine predsjedniče države."
0:38:11,0:38:16,"Imate još vremena, a ne još do kraja vašeg mandata koji traje pet godina sjetni dalje."
0:38:16,0:38:17,Nemojmo od toga izići.
0:38:18,0:38:21,"Hrvatska je u unutarnjoj agresiji, to vi je li ili ne htjeli."
0:38:22,0:38:25,"Kad smo imali vojensku agresiju, digao se Tuđman sa svojim hrvatskim narodom."
0:38:26,0:38:27,Znali smo tko nam je neprijatelj.
0:38:27,0:38:29,Zato ga je Tuđman jasno definirao.
0:38:29,0:38:29,Aha.
0:38:29,0:38:31,I jasno je pozvao narod.
0:38:32,0:38:45,"Ja znam kad sam iz Beograda pobjegao sa planovima, planovima ovim napada JNA i Srbije, prvo na Hrvatsku, poslije Bosne i Hercegovine."
0:38:46,0:38:56,"I u četiri kad smo bili on ka, gospodine Domazet, vas neće biti nigdje, vi ste strateg, meni treba strategija."
0:38:57,0:38:58,Dakle da bude sa strane.
0:38:59,0:39:06,I onda mi zaprijeti da niste ušli u hadeze i pamti te riječi dok sam gor živ.
0:39:07,0:39:10,hadeze je sredstvo meni da stvorim državu.
0:39:11,0:39:20,A ako uđete u hadeze dakle u stranku vi ste ograničeni i kao strateg ne možete slobodno razmišljati vi morate i meni reći ono što mi nije ugodno čut.
0:39:20,0:39:22,Naprotiv dužni ste to reći.
0:39:22,0:39:24,I što sada mi imamo?
0:39:24,0:39:29,"Taj Tuđmanovo sredstvo koje je on stvorio i obranio Hrvatsku državu, mi šta danas imamo?"
0:39:30,0:39:37,Imamo da taj Plenković sa taj hadezeom uništava tu istu Hrvatsku državu koju je Tuđman stvorio.
0:39:38,0:39:38,To je danas stanje.
0:39:39,0:39:45,"Zato gospodine predsjedniče, isto ili slično, nisu svi ljudi različito, bit će ljudi uvijek iz vas."
0:39:46,0:40:02,"Ako neće predsjednik Vlade, vi oformite Vijeće za zaštitu hrvatskih nacionalnih interesa i uzmete sve područje, svih područja i donesite jasno hrvatskom narodu tko, kako, na koji način i zašto ugrožava hrvatski nacionalni interes."
0:40:03,0:40:07,"Sve se može ako hoće, to je za predsjednika Republike."
0:40:07,0:40:14,"Dalje, prozivam Hrvatsku, bolje je zvati jugoslavensijska akademija znanosti i umjetnosti."
0:40:15,0:40:34,"Ona svaki dan prolazi kroz pregonoga čuvane bašćanske ploče, pa, dragi akademici, dovoljno je, svijetske, koje osnivač vaš, Jugoslavijska, ali, fraji o Račkoj, pripada okultističkim krugovima, zato na Jugoslavijskoj."
0:40:35,0:40:36,I tako dalje.
0:40:36,0:40:45,"Nikad nismo bili Hrvatska, čas je izuzetno, dragi moji akademici, čas je izuzetno, ako ima divnih ljudi, jer ja znam, akademici su prijetni."
0:40:45,0:40:47,Ali ja govorim o politici.
0:40:47,0:40:52,Dok Srpska akademija i su izdaje kakve god hoće memorandume.
0:40:52,0:40:55,Vi ništa niste izdali u ovo koliko već Hrvatska država postoji.
0:40:56,0:40:56,Pa kako je to moguće?
0:40:57,0:40:58,"Pa moguće je zato, zašto?"
0:40:58,0:41:00,Zato jer je netko kontrolirao unutra.
0:41:01,0:41:08,"I onda, pa se dovoljno je da vidite koga biraju za ovaj akademik, nisu oni pravi."
0:41:08,0:41:19,"Pa evo ja sam jednoga spomenuo, dok sama činjenica da je akademik Miroslav Radman član Akademije znanosti francuske nije hrvatske."
0:41:20,0:41:23,Samo govorim jedan primjer da ne vrem druge.
0:41:23,0:41:31,"To su sine kore poslije ne kure, poslužuje i sjedi tamo, sad čak i lijepo im, da, šta će drugo, primaju svaki mjesec i gotovo i oni mi smo akademici."
0:41:32,0:41:34,Hrvatski akademici ako nisi djelatnik.
0:41:34,0:41:38,"Ako ne izlaziš, moraš izići dokument, oni su trebali napisati ovaj dokument, ne administrativni."
0:41:39,0:42:02,"Ovo vas moram pitati, prošli put sam mahala tom knjigom, počela sam i ovo ljeto čitati treći puta i svaki put otkrijem nešto novo, hrvatska geopolitička strategija u dvadeset jedan stoljeću ili hrvatsko njihalo i onda kažem nedavno bože dakle ne pred vama nego jednoj bliskoj osobi kako je ovaj lošo sve predvidio znači čovjek se smrznek kad ovo čita tu nije samo hrvatskiska da se razumijem."
0:42:02,0:42:05,"Ne, to je svjetska geopolitika i u kontekstu svjetske Hrvatska su."
0:42:05,0:42:10,"Znači ono što se sada događa u svijetu, a i kod nas napisali ste pred više od deset godina."
0:42:10,0:42:12,"Samo to vas moram pitati, to me zanima."
0:42:13,0:42:14,Odakle vam to?
0:42:14,0:42:21,"Opet, svaki čovjek u svom području ako uđe može biti vrhunski."
0:42:21,0:42:31,"Kao što je bilo vrhunskih ili nisa da govorim, Paganinija ili ne znam nekoga drugoga, u nekom drugom, slikara, da, on može napraviti."
0:42:31,0:42:33,"To je nadahnjuće, to je taj duh svijeta."
0:42:34,0:42:39,"Ja znam napisati knjigu kao posljednji, svaki drugi ljudi, nisam ja izuzetak, ništa, svi smo mi ista."
0:42:40,0:42:45,"Pročitaš pa ponosno, jednom sastaneš nakon nekog vremena, pa kaže, Bože dragi, jesam ja ovo napisao."
0:42:49,0:43:05,"E, ovim koji nisu u vjeru, oni se moraju vratiti, to je vremena koje će se svaki čovjek, daj Bože da je hrvatski, mi smo marijanski narod, imamo pretpozicija, prvi se vrati to istinsko u svojoj duhovnosti da bi se izdali, to ćemo nešto u ovom drugom misiji koja će vremena biti."
0:43:05,0:43:20,"E, zato ga prozivam na Akademiju hrvatske znanosti i umjetnosti da osvijesti to, da je to pismo, samo dva naroda u EU Evropi imaju svoje vlastito pismo, to su Grci, svoj alfabet i to su Hrvati, svoju glagolicu i jazbuk."
0:43:21,0:43:21,Samo govorim to.
0:43:22,0:43:28,"I da jednom počnete razmišljati, i vi zacementirali ste izraven Račkoga."
0:43:28,0:43:30,I nikakvih novih razreda nema.
0:43:30,0:43:31,"Ne talasuj, ne talasuj."
0:43:32,0:43:32,"Ne talasuj, da."
0:43:33,0:43:33,Ovaj.
0:43:35,0:43:36,"Dobro, ta izreka je dobro."
0:43:37,0:43:38,Talasuj.
0:43:39,0:43:41,"Ne, talasuj je iz grčkog jezika."
0:43:42,0:43:44,"Hrvatski je val, ali to je isto, talasanje i loje."
0:43:45,0:43:48,U geopolitici ima talasokraciju.
0:43:48,0:43:49,Ja sam prvi u valu krati.
0:43:49,0:43:52,"ja sam prve uvalio kraciju pa da malo navrhnem baš na Hrvatsku, ali ništa se ne griješi."
0:43:52,0:43:56,"Naravno, to sve isto, nije bitno kako čovjek govori jer je pojam točak."
0:43:57,0:44:26,"Dakle, oni moraju to poslije i početi razmišljati, zašto vi ne uvedete nove razrede, a ne stojite jer ste dokle je svijet otišao, e, iz onih vremena mi sada smo u sedmoj dimenziji, sedma dimenzija rata, u tehnički teklo smo otišli, već kvantne teorije su na djelu, kvantno računalo da ne nabrajam sve drugo, tu je ta takozvani umjetna inteligencija itede itede vi i dalje sjedite."
0:44:26,0:44:28,"Prema tome, gdje je vama razred?"
0:44:28,0:44:32,Gdje je vama razred za nacionalnu sigurnost?
0:44:32,0:44:32,Gdje?
0:44:33,0:44:37,"Odnosno, u kojem će se proučavati i iznijeti u akademici?"
0:44:38,0:44:45,"Iz područja koje se bave geopolitikama, geostrategijama, vojnim umijećima itede ugrožama, što imamo jer smo mi ugroženi."
0:44:46,0:44:48,Svi ostali toga razreda nemate.
0:44:48,0:45:01,"Prema tome, gospodine, Hrvatska akademija znanosti i umjetnosti, odnosno bolje rečeno jugoslavenska, vi, ide druge koje preuzima, iduće koje preuzima, biskupsku konferenciju?"
0:45:02,0:45:06,"Ne, dakle, hijerarhijsku crkvu i mi smo crkva."
0:45:07,0:45:16,"Ima divnih vjernika u Hrvatskoj, Bogu hvala da je to tako, ima divnih župnika, svećenika, ali ovdje se radi o hijerarhijskoj crkvi."
0:45:17,0:45:23,"Vratimo se u devedesete godine, s jedne strane je Tuđman, s druge strane drugi Franjo Kuharin."
0:45:24,0:45:29,Imaš ovu svjetovnu i imaš duhovnu sastavnicu i zato smo mi pobjedili u rat.
0:45:30,0:45:31,A mi danas što nemamo?
0:45:32,0:45:42,"Nemamo li svjetovnu jer je na drugoj strani, jer ona radi agresiju, a hijerarhijska crkva ili prevedeno institucija biskupska konferencija šuti."
0:45:43,0:45:55,"I onda su dali u ovome gdje je ugrožena pred očima svatko je progledao sada, samo su dali neke opet nemušne riječi ovome biskupu Ličko-senjskome Marku Medi."
0:45:55,0:45:58,"Sad će mu biskup jedan sam, trofejna institucija stati."
0:45:59,0:46:12,"Treba tako ništa drugo ta hijerarhijska crkva pozvati ovaj marijanski narod da svaki dan ima se slušati misa u crkama diljem Hrvatske, moliti za domovinu kao što smo molili za domovinu i devedesetih godina."
0:46:13,0:46:15,"Nema nikakve radosti, ovo je još teža agresija."
0:46:15,0:46:17,Ponavljat ću svaki put u ovoj emisiji.
0:46:18,0:46:33,"Promijenimo se jer će tu biti snaga da se Hrvatska izvuče iz ove kredije svojom duhovnom snagom svakog njeznoga pripadnika, dakle svakoga vjernika i onaj koji je nevjernik i njega probudi u tome koliko možeš."
0:46:34,0:46:36,Jer vi zaboravljate Kristovo poslanje.
0:46:36,0:46:40,Krist je ostavio vama tri funkcije.
0:46:40,0:46:45,"Propovijedati radosno, vi jeste to tako, ja to usput nešto pričate tamo."
0:46:45,0:46:57,"Drugo, to ne činite uopće, izgonite zloduhaj jer ovdje se radi o zroduhu i treće liječiti bolesne, ne samo fizičkom nego i duhovnom i svakom drugom."
0:46:58,0:47:10,"Amo, lako je sada sjeti primati svake godine, mjesec već kako ne zna kako isplaćuju ovo što daje za crkvu novac."
0:47:10,0:47:11,Ne je to Kristo.
0:47:12,0:47:17,Ajde proučite što je u svojoj onoj nasljeđeni rekao papa Benedikt XVI.
0:47:18,0:47:19,ili Racinger.
0:47:19,0:47:20,Racinger da da.
0:47:20,0:47:21,Racinger što je rekao?
0:47:22,0:47:31,"Rekao je to da ova crkva više nema ide svom kraju, da će doći mala crkva koja će priući svakog čovjeka, svakog vjernika."
0:47:31,0:47:44,"Vidite, od tada je veliki um duhovni je shvatio šta je modularna struktura snaga od svakog čovjeka i rekao je da je ovo možda posjedni papa."
0:47:45,0:47:53,"Sada gledajući ovog dvojicu koji su sada došli, pogledajući ove riječi što je rekao Benedikt XVI., pa moguće da je to nažalost moguće."
0:47:54,0:48:01,"Dakle, crkva u Hrvata uvijek je bila, mi smo primili naše potomci Lirije u prvom stoljeću sv."
0:48:01,0:48:02,Petra i sv.
0:48:02,0:48:02,Luke.
0:48:03,0:48:11,"Uzmite poslanicu Rimljanima pa pročitajte tamo gdje je propovijedao, osobno propovijedao radosnu vijest."
0:48:12,0:48:13,Pa uzmite sv.
0:48:14,0:48:30,"Luke da je on isto osobno i njegovi učenici propovijedali počevši od Dalmacija, Dalmacija, provincija Dalmacija od Alpa do Dubrovnika, do Valone u današnjoj Albaniji."
0:48:30,0:48:43,"Dakle, ajmo mi nadalje, obraćam se, znači ne pozivam, već sam prozivao, sad pozivam i obraćam se braniteljima."
0:48:44,0:49:01,"Branitelji moji dragi, sad ste godinu kao i ja, bili smo tada mladi, lijepi i hrabri, sada nismo mladi, nismo lijepi, a izgleda nismo ni hrabri u onom mjeri koji bi trebali, ali neko mora povesti ovo."
0:49:02,0:49:14,"Ostavite se te podjele na te silne udruge, ne znam jedna tisuća dvjesto tristo koliko vas ima mi smo bili jedna vojska pobjednička vojska mi smo imali pod jednu zastavuom išli."
0:49:14,0:49:23,"Mi smo ovu državu stvarali ne nazadom spremni nego domovini, vjeran domovini, uvijek vjeran je ta vojska, baš ni tu."
0:49:24,0:49:26,To je ta vojska Hrvatska.
0:49:26,0:49:32,"Nije nosila nikakve crne odore, nego je nosila maskine odore sa hrvatskim znakom."
0:49:33,0:49:37,Mi nemamo nikakve veze sa NDH jer da je ona valjala ona ne bi propala.
0:49:38,0:49:47,"Ali naša Hrvatska je država Hrvatska, sadašnja je pobjednička jer je vodila najčisti rat u povijesti ratovanja koji govori svi hoće ogaditi."
0:49:48,0:49:51,Dragi moji branitelji imate sad djecu kao što ja imam unuke boje.
0:49:53,0:49:54,Vi trebate sa njima stati i povesti.
0:49:55,0:50:01,"Ne možemo mi više jer smo stariji, ali ima još duha u vama jer ja znam kako smo pobjedili."
0:50:02,0:50:08,"Vi ste sad ušutili se u neke birtije piju tko je veći i unak, tko je veći i Hrvat, tko je više oslobodio Hrvatske."
0:50:10,0:50:17,"Bez vodstva političkog i duhovnoga, bez glavnog stožera di smo mi, nitko od nas ne bi ništa napravio."
0:50:18,0:50:21,"Mi smo samo pripomogli tom velikome dijelu, a gdje smo sada?"
0:50:22,0:50:23,Kome ćemo mi ostaviti?
0:50:24,0:50:31,"Kome ćemo mi ostaviti ovo, da ne ostanemo bez iz čega, da ostanemo bez vode, bez šume, pa blizne, bez ljudi već ostajemo."
0:50:32,0:50:34,Vrijeme je da se mi gubimo glavu.
0:50:35,0:50:42,Pozivam vas dragi moji branitelji i na kraju pozivam cijeli hrvatski puk vjernici.
0:50:44,0:51:06,"To je ta snaga koja ima, to je ta vojska koja u asimetričnom ratu će postati vojska, ne treba na nama nikakvo oružje, naoružajmo se duhom unutra, vratimo se mi svojim i kreklimo pred oltar, pred Euharistijom i pomolimo se svaki dan očaranja, zdravarija i slavcu i sa sobom osobno i sa svojom obitelji."
0:51:06,0:51:08,To je ono vrijeme iz zalog.
0:51:09,0:51:20,"A onda na kraju pozivam one silne udruge, a ima ih, ja znam da ima vjernike, vrijeme je izići iz rimskih katagumbi, iz vraha."
0:51:21,0:51:26,"To je ta nova duhovna politička, sutra treba politička snaga koja će promijeniti sve ove povijesti."
0:51:27,0:51:40,"Ne mogu oni koji su u Saboru promijeniti jer oni se nalaze u determiniranom kaosu jer je svaka Vlada od dvije tisuće g bila gora od prethodne pa zamislimo još nešto da je nakon ove dođe još gora od ove, tada je sve gotovo."
0:51:40,0:51:41,"Bože, sačuvaj."
0:51:41,0:51:47,"Ne, ne, ali to je vrijeme sada, vidite kako govorim, vrijeme je otražnjenja, shvatimo jednom što se događa."
0:51:47,0:51:54,"Ja vidim da ste vi iznimno, pa ljudi, ono što ja nisam, došlo je vrijeme da se vrisne do neba."
0:51:55,0:52:00,"Ja sam se dugo duhovno pripremao za ovu emisiju, moram reći neko."
0:52:01,0:52:04,"Mogu me sutra napasti, prozvijati što god hoćete, izvolite."
0:52:05,0:52:19,"Pa krenuli ste na premijera, na predsjednika, na crkvu, pa ne, ne, oni koji su imaju grijehe, imaju, poredali smo ih, ima oni koji čine grijeh, kakav grijeh ima?"
0:52:20,0:52:22,Miš je riječju dijelom i propustio.
0:52:22,0:52:27,"Najgorim je, propusti jer to je grijeh šutnje, propustio si nešto učiniti."
0:52:27,0:52:37,"Jeste li vi dragi branitelji, vama se ponovno propustili učiniti u Domovinskoj, niste, niste oružje, tražili ste sve ali nismo imali, a sada propuštate."
0:52:37,0:52:39,Kome vi ostavljate svoju djecu?
0:52:39,0:52:42,"Pa mi smo svoje završili, koga već ćemo ostaviti ovu zemlju?"
0:52:43,0:52:55,"Sad je došlo vrijeme, ostavite ove mandre medijske, ove ankete, to je sve laž, obmana, da nas drže u pokornosti, da nas drže u pogledu ležeće ovce."
0:52:55,0:53:05,"Vrijeme je sada ustanja, vrijeme je sada govorenja, svi trebamo reći, ne trebamo se bojati ničega, duh u nama ima, duh vjere."
0:53:05,0:53:13,"Pogledajmo samo svake ljeto petnaest kolovoza, koliki je hrvatski vjerski puk hrli svojoj zaštitnici."
0:53:15,0:53:30,"Naša je to ona zaštitnica, ona je naša odvjetnica, to je jer smo mi marijanski narod, mi smo prvi kršćanstvo primili i onda ovi izmišljaju nekakve Slavene u drugoj polovini devetnaest stoljeća i ostalo."
0:53:30,0:53:44,"Dakle vrijeme je sada, ne smijemo našu zemlju prepustiti nikakvim bijelosvjetskim hoštaplerima i ovim našim domaćim izdajnicima koji imaju, to su izdajnici, izdajnici koji ne znaju."
0:53:44,0:54:02,"I sad ako Ariana dozvolite, ja sve dozvoljavam, slušam vas i analizirao bi nastup gospodina Andreja Plenkovića u ovom zadnjem zadnjeme pitanjima."
0:54:02,0:54:05,"Aha, na saborskom aktualnom prijepodnevnu."
0:54:05,0:54:13,"Dakle, možemo uzeti bilo koje od njih, ali uzeti ću kao paradigmu gospodina Zvorimira Troskata, a sve ostalo ima ista matrica."
0:54:14,0:54:18,"To se radi po jednoj formuli koja se zove, pije r na drugu."
0:54:20,0:54:25,"Pije problem, r je reakcija, a r je rješenje."
0:54:26,0:54:37,"Vidite, napravi se problem, pa se čeka kako će javnost reagirati i onda taj koji to čeka, gleda, on proizvodi problem, on nudi rješenjeje."
0:54:38,0:54:41,"Dakle, on je proizveo problem, on nudi rješenje."
0:54:41,0:54:42,I u sredini imaš javnost.
0:54:42,0:54:43,Jesmo se sad razumjeli?
0:54:44,0:54:44,Razumijem.
0:54:44,0:54:45,"E, pratim."
0:54:46,0:54:51,"I sad ustane recimo paradigma, ali za svakoga tog, bilo koje stranke."
0:54:52,0:54:54,Ali njega uzima kao paradigmu jer je on pokrenuo ovo.
0:54:55,0:54:59,"Da, to gospićani kažu, ništa ne bi bilo bez njegove radnje."
0:54:59,0:55:01,"Da, on je pokrenuo, mogu ništa raditi."
0:55:03,0:55:10,"Ali on je prema svim ostalim sugovornicima iz bilo koje stranke, bilo ona esdepe, možemo onoga i tako, ako nisu njegovi ovi poslušnici."
0:55:11,0:55:12,"E, trabanti."
0:55:13,0:55:17,"Evo ovako je tiho, idemo prvo ovo, P problem."
0:55:19,0:55:27,"On ga svodi na to, odnos lješinara koji je gore i strvine dole."
0:55:27,0:55:32,"Lješik, šta se strvina, strvina, ovaj lješinar gore, kad god hoću mogu te napasti, on ga ne zna."
0:55:33,0:55:50,"Dakle, on ide u tom narativu koji gledate njegov prikazati tog sugovornika koji je njemu postavio pitanje da je on apsolutno superioran, da ovaj nitko i ništa, šta se on uopće usuđuje, šta mu pada na pamet da njemu uopće on postavi će on postaviti bilo kakvo pitanje."
0:55:52,0:56:02,"A onda ga želi prikazati i nikako prikazati kao, ne važan si ti šta ti imaš uopće govoriti, zadržavajući se u rollu."
0:56:02,0:56:19,"Znate kako je te opisao Trumpa američki psihijatar kao benigna rasoidnost, benigna rasoidnost, on se tako ponaša."
0:56:19,0:56:25,"Dalje, iz toga slijedi da on omalovažava EU."
0:56:26,0:56:37,"odbacuje svako učišao, sebe prikazuje nepogriješivim, a opet to su naznake ljudi pokvarenog srca ili psihopata, to je on."
0:56:38,0:56:40,"Nitko nema osjećaja za ništa prema tome, to je prvi dio."
0:56:42,0:57:31,"Drugi dio, on sada hoće pokazati da taj sugovornik što on traži pitanje i odgovor na to, on prije svega hoće prikazati da on nema ništa pojma o tome, da ne zna li sad svi ostalo šta ti bejbovi, ako vidi da taj sugovornik, a često se događa da ti ljudi koji postavljaju pitanje predsjedniku Vlade u Saboru, znaju ipak nešto o tome što ga postavljaju pitanje, onda on ide na drugi dio toga, onda se on pozove na neke ove radmanove cirkusante, nekompetentne cirkusante ili znanstvenike, to je tipičan primjer toga, to je bilo u pandemiji koronavirusa, onoga Capaka i onu instituciju njegovu, u kojem su oni, to je bioško ratovanje, to je operacija bioškog ratovanja, bilo u kojoj su mijenjali genom čovjeka cijepljenjem."
0:57:32,0:57:44,"I to su ti njegovi nekompetentni cirkusanti kao neko stručno tijelo, on će i sad hoće nešto formirati, to su ti nekompetentni cirkusanti koji nemaju pojma o znanosti, znaju ono što oni govore."
0:57:45,0:57:50,"Znači on hoće dezavirati potpuno, dakle drugo ide, treće, tko nudi rješenje?"
0:57:51,0:58:04,"On, isti onaj koji je smeće odvučio da se doveza, on sad donosi rješenje da će oni riješiti kako, da još više zagade državu Hrvatsku, onda to smeće idu sad rasporediti po Hrvatskoj u cementare."
0:58:04,0:58:12,"Pa naravno da mora cement svaki gdje imaš, da svaka tvornica danas mora imati nekakve filtere tog zagađenja, nije samo pitanje filtere."
0:58:12,0:58:22,"E vidiš što je gospodin Plenković, a tu se takve osobe su definirane kao ljudi pohvareno srca ili psihopati."
0:58:23,0:58:28,"Evo, to je ono što mi imamo danas i ostaloga."
0:58:28,0:58:32,I on uvijek je gledano kakvo je življavanje njegovo tamo i ostalo.
0:58:32,0:58:36,"Pa onu bez obzira, ona je gospođa, kako je nazvao onu izmožemo?"
0:58:37,0:58:37,Mucice.
0:58:37,0:58:40,"Mucice, a to je muc svjesna što on govori."
0:58:41,0:58:44,"Pa ženu uvijek moraš uvažavati bez obzira što je ne govori, što god hoće."
0:58:45,0:58:49,Jer ti predstavljaš nekoga sebe europejca u Ljubimir.
0:58:49,0:58:53,"Pa gospodine Plenković, pa Istanbulska, pa Istanbulska još."
0:58:56,0:58:59,Grijehe od Istanbulske i svega ostala bolje da ne nabrajam.
0:59:01,0:59:05,"E, da, kako kažu, svaki narod ima vlast kako zaslužuje."
0:59:06,0:59:10,"Dobro, to je ta izreka koja ima, ali ne zaslužujemo mi ovako."
0:59:11,0:59:19,"Hrvatski, to je jedna froškula kada hoćeš opravdati nešto što ne želiš mijenjati ili nešto što ne želiš sudjelovati ili nešto gdje su oportunisti."
0:59:21,0:59:38,"Ne, Hrvati sigurno su, ono kroz jednu hrvatsku povijest, dakle pripadamo najstarijim narodima, pripadamo civilizaciji uzvišenoj, to je Gurinska, Irinska civilizacija sa svojim vlastitim pismom, oni mi apsolutno ne ovakvu vlast."
0:59:39,0:59:45,"Ali mi se moramo osloboditi, ono što je naš veliki problem, to je što se mi ne znamo ponašati pobjednički."
0:59:46,0:59:47,Vidite šta je ova cijela paradigma?
0:59:48,0:59:51,"Sad se Srbija ponaša pobjednički, mi ih poražemo."
0:59:51,1:00:00,"Pa jeste li molim vas vidjeli, pokopaju ratka Mladića ako nekome nisu bile, se otvorile sad oči, ja ne znam hoće li se više ikada, pokopaju rat"
1:00:00,1:00:08,"Mladića za dva dana, ali kao nešto iskritiziraju Vučića i Srbiju, za dva dana on se grli s Macronom, Vučić."
1:00:08,1:00:09,Zašto?
1:00:09,1:00:13,"Evo gledajte to film, zašto nije bilo osude iz Zagreba?"
1:00:13,1:00:14,Pa to je ono profundno.
1:00:14,1:00:16,"Pa gledajte, mi napravimo nekakvu gluposti."
1:00:16,1:00:17,Zašto nije?
1:00:17,1:00:24,"Pa zato, zato i za stoji, već polako prelazimo u svjetsku geopolitiku, neka ovo bude prelazak, neka prelazimo u drugu dio."
1:00:25,1:00:37,"Sad to je iza toga cijeloga, tog dinarika, tog, kako oni vole reći, bure Baruta, dakle stoji geopolitika Velike Britanije, točka."
1:00:39,1:00:44,"Prvu Jugoslaviju, drugu Jugoslaviju stvorila je svojih geopolitičkih interesa Velika Britanija."
1:00:45,1:01:06,"Od sredine devetnaest stoljeća kada je vojkođa koji nije izgubio ni jednu bitku, Manjo Pelečić spasio crno-žutu monarhiju, tada okultisti pravim imenom Mordeka Levi ili Karl Marx i Friedrich Engels govore o oštepljenju te ljubomore od naroda."
1:01:07,1:01:16,"I tada se radi geopolitika, tada se radi ideja Jugoslavije koja će tu nazovimo njima ljubavljene od naroda, istrijebiti."
1:01:16,1:01:18,"I to je taj plan, to je strategija."
1:01:19,1:01:30,"I zato se to sada, ovo sada, oslobađanje, odnosno, pa nisu Srbi, oni su lažljivci, to znamo, on njima ništa ne može vjerovati."
1:01:31,1:01:54,"Mislim, nisam ja to rekao, to je rekao njihov, kako oni znaju, Mateo iz domovine Čosić, on je vidio sve izokrenut, sve je izokrenut kod njih, sve apsolutno, mitovi koji su izmišljeni, recimo jedna kosovska bitka, nije tamo bio poraz, je, Srbi su bili na turskostan nego je to povjeda hrvatske vojske pod zapovjedanjem to feudalni sustav jer je na njegovom području bila kneza Lazara."
1:01:55,1:02:07,"Bili su kršćani katolici, najviše iz Bosne, prior iz Vrane, vodio je glavni postrojbom, a oni su bili vazali preko."
1:02:08,1:02:22,"Tada su Turci izgubili sultana i njegove sinove, trideset godina, pa zato u turskim, kad dođete u Istanbul, u povijesnim, u vojnim povijesnim, oni nigdje nisu slavili, nisi stavili izgubljene bitke."
1:02:22,1:02:24,"Ediše, to ti govori kako se ponaša imperij."
1:02:25,1:02:28,"To je i u Americi danas, oni samo glave svoje bitke glavne."
1:02:28,1:02:36,"A onda kad su imali, pogibili svojih vojnika recimo u Vijetnamu, onda oni stavljaju svoja imena koja su bile, ali onda je to žrtva za Ameriku."
1:02:37,1:02:40,"Mislim, govori kako funkcionira u ovom."
1:02:40,1:02:42,I nema ništa o kosovskoj bitci.
1:02:42,1:02:44,"Pa kažemo, što ćemo mi tamo, mi smo tamo izgubili."
1:02:44,1:02:48,A onda Srbi vele da su i oni izgubili bitku na Kosovu.
1:02:49,1:02:53,"Ako Turci kažu da su oni izgubili, ako Srbi kažu da su i oni izgubili, pa tko je onda pobjednik?"
1:02:54,1:02:56,"Pobjednici su Katolici, Hrvati."
1:02:57,1:02:59,"Eto, to je ono bilo."
1:02:59,1:03:03,"Dakle oni žive u laži, vratimo se u ovom pogrebu i u ostalo."
1:03:03,1:03:07,"Pa naravno, to je rehabilitacija Srbije da on nije."
1:03:08,1:03:23,"On je njega će, ne možemo se začutiti ako, srpska pravoslavna crkva ona je glavna institucija, ona nije u pravoslavlju, u vjeri pravoslavlja, istočnom obredu, grčkom obredu, ona je svetoslavlja, to je ideologija velikosrpska od ovog za početka je ona to."
1:03:24,1:03:25,I ona se promijeniti ne može.
1:03:27,1:03:29,Vidite što rade sada ovim jadnim crnogorcima dole.
1:03:30,1:03:32,"Pa ništa im te crne gore, e."
1:03:34,1:03:43,"I ostalo, sve su Srbi, svi kod nas su sve Srbi, duhovno nije to, Dubrovnik je srpski, hriženi su, cijela Dalmacija je srpska i takve narativne."
1:03:43,1:04:29,"Pa u Hrvatskoj nije bilo nikakvih Srba, do jedna tisuća devetsto dvadeset godine su to bili pravoslavni vlasti, pravoslavni vlasti a to nisu Srbi koji su se integrirali vrlo često bilo je nekih devedeset posto laha pravoslavni oni su bili nomadski narod a negdje deset posto katolika ali ovi su se integrirali u hrvatski nacionalni korpus i bili veliki hrvati da ne branim neke od sveto zaraburojevića, do himne Hrvatska lijepa naša Jospa Runjanina, do ovoga Ognjašnjina, u Tješinovića koji je napisao Ustavni bar Josip Jeleksić, Preradović jezik koji je kasnije prešao na katoličanski."
1:04:29,1:04:33,"Dakle oni su tu nekomplaniraju, imamo Vlašku ulicu ovdje u Zagrebu našu."
1:04:34,1:04:41,"Dakle, a onda je proglasio sve srma, tada oni najbolje, onda najlakše je takve ljude ideološki preoblikovati."
1:04:41,1:04:43,"I oni sada, zašto su to?"
1:04:43,1:04:53,"I oni sada hoće ponovo engleska politika potpaliti burre Baruta na Arutan, kako oni kažu na Balkanu, odnosno kako Miral kaže na dinariku."
1:04:54,1:05:00,"Dakle, na tom dinariku hoćemo i odabrani su ponovno Srbi i zato oni njih rehabilitiraju."
1:05:00,1:05:14,"Ovo je balobuka bila i onda se oni njega, Mladić je poslao, pa on je branio srce od hrvatskih ustaša, oni nas zove, od balija muslimana itede i tako bliže."
1:05:14,1:05:19,"A isto tako sa tim je povezano, jučer je bila presuda kome?"
1:05:19,1:05:43,"Hašimu tačiju dvadeset pet godina što to hoće reći mhm To je rehabilitacija, odnosno drugim riječima rečeno da je Kosovo nastalo na zločinu, ovamo neprekidni narativ da smo mi Hrvate usašeni, dakle slijedbenici NDH-a, odakle taj narativ, ali tu moraš znati strategiju, nije to tek takva igra."
1:05:44,1:05:50,"To su veliki umovi, ne rade ovo, dolazi opet iz psihološke operacije iz područja asimetričkog rata."
1:05:51,1:05:56,"Dakle, Hrvate prikazati uscaša, njihova država zločinačka, Srbi su to imali i oni su se pravo imali pobuniti."
1:05:57,1:06:38,"A s druge strane, evo i Albanci su i oni su zločinci itede jer oni su devedeset jedan odmah nakon smrti tita itede hoće samo ono vidiš oni su učinili zločine prema tome oni sa ovim rehabilitiraju sa pogrebom mladića rehabilitiraju srbe iz tih svih ratova devedesetih godina koji su oni pokrenuli stvaranje velike srbe kad kažete oni mislite na okultnu oligarhiju točno i to pretežno što misli na englesku okultnu oligarhiju uz asistenciju francuske da budemo do kraja jast i to je ovdje to je velika igra da jer čovjek se zapravo pita gle kako vučiće kao dobar sa Putinom."
1:06:38,1:06:40,"Putin je, znamo, neprijatelj Evrope."
1:06:40,1:06:42,Ali onda u isto vrijeme dobar i s tim Macronom.
1:06:43,1:06:44,Pa je dobar s Kinezima.
1:06:44,1:06:45,Pa je dobar s Kinezima.
1:06:46,1:06:46,E to je to.
1:06:47,1:06:50,"Zato što ti ovo Englezi kažu, igraj na sve i gard."
1:06:52,1:06:53,Što smo mi Hrvati?
1:06:53,1:06:56,Uvalili nas u Evropsku uniju koja će se sutra raspasti.
1:06:57,1:06:59,U NATO koji će se sutra veseli raspada.
1:06:59,1:07:00,Sve sada.
1:07:00,1:07:01,Amerika izlazi van.
1:07:03,1:07:04,I šta ovo je Engleska?
1:07:04,1:07:09,"Ili sad ko će referendum, Vels, Sjeverna Irska i Škotska hoće?"
1:07:09,1:07:09,Evo toga.
1:07:10,1:07:10,I šta onda?
1:07:11,1:07:13,Sad će onda Hrvatska.
1:07:13,1:07:14,Što će Hrvatska tada?
1:07:14,1:07:20,"Mađari već svojtajaju Rijeku, Talijani nikad nisu prestali svojtajati i odustati i Dalmaciju."
1:07:20,1:07:30,"Pa Srbi crtaju sad karte, Srbija je i Italija granči, dvije trećine mora, Jadransko je Srpsko, a jedna trećina ostalo je ovoga."
1:07:31,1:07:37,"Mađari tu imaju, Srbi imaju, ima ove nesretne muslimane i njima, oni su nesretni sami po sebi."
1:07:37,1:07:50,"Amo pogledajmo kartu Europe, savjesko stajalište, a bojamo bojom, ne znam, kršćanstvo, nekom bojom, kršćanstvo, katoličanstvo, da bude jednom bojom, da Da bude kršćanstvo, ne, ne, precizno."
1:07:52,1:07:53,Jer je sve Evropa je kršćanska.
1:07:55,1:07:59,"Dakle, jedan je dio u bojom katoličanstvo, nije prevladavajući."
1:08:01,1:08:02,I nije protestantizam.
1:08:03,1:08:12,"Dakle, reformističke crkve koje odmah unaprijed da se bune, jasno to nije kršćanstvo, čine euharistiju to nije kršćanstvo, to su light kršćani, da ne kažem neku goriju riječ."
1:08:12,1:08:17,"I kad pogledate tu kartu, imate dvije male flekece zelene."
1:08:17,1:08:19,"Koje su to dvije flekece, dakle, islam?"
1:08:20,1:08:20,Koje su to dvije zemlje?
1:08:21,1:08:21,Bihar.
1:08:22,1:08:24,"Bihar, tako je, a druga Albanija."
1:08:24,1:08:24,"Albanija, da."
1:08:26,1:08:26,Kako to?
1:08:28,1:08:30,"Turci znamo dokle su došli, do Beča."
1:08:31,1:08:37,Kako to da se od cijele te kršćanske Europe nalaze diet te male flekcije?
1:08:39,1:08:49,"Zašto Albanija je primila islam, a ostali narodi ili zašto je Bosna, dio Bosne i Hercegovine primio islam?"
1:08:50,1:08:51,Vrlo jednostavno.
1:08:53,1:08:57,"Tko je, tko su islam primio u Bosni i Hercegovini?"
1:08:58,1:09:03,"Krivovjerci, Hrvati, bogumili pa bogomili patareni, krivo vjeruje."
1:09:04,1:09:12,"Sa kršćanstva, katoličanstva su otišli u bogomilstvo, crkvu bosanskog gdje oni sada preuzimaju kompletanitet linijane."
1:09:12,1:09:15,"Pa linijan je crkva, to je linijan je hrvatski znak, to je anžurinaca."
1:09:16,1:09:18,Jesmo bili po anžurincima.
1:09:20,1:09:21,A što su Albanci?
1:09:22,1:09:28,"E, oni nisu potomci lira, nego su, gledano, oni su od tri etnosa, glavni je sa Kaukaza."
1:09:29,1:09:34,"Dakle, oni su mogli primiti islam jer nemaju svoje korijene i zato je islam se mogao tu."
1:09:36,1:09:39,"A islam je vanjska hereza kršćanstva, vanjska hereza kršćanstva."
1:09:40,1:09:50,"Ovi ne znaju, Kuran je napisan nije na arapskom jeziku, nego na aramejskom jeziku, prvi Kuran, a onda je poslije preveden na arapski jezik i krenuli."
1:09:51,1:09:52,E zato je to.
1:09:52,1:09:58,"Imaš sada i oni, ti nesretni muslimani izmišljaju naziv Bošnja, ma kakva Bošnja?"
1:10:00,1:10:01,"Bošnja, kakav Bog?"
1:10:01,1:10:09,"Bošnjač je čovjek koji dolazi iz Bosne, to je jednostavno, a najviše Bošnjaka su prezime Hrvati, Hrvati imam, moj sin to su uvijek govorili."
1:10:10,1:10:10,Nije to?
1:10:12,1:10:53,"Recite mi, molim vas, vi ste možda bili tako, ja nisam istinu nikad ovako govorio."
1:10:54,1:11:02,"Došlo je vrijeme kad se mora govorenje, ono što bi bili, svatko ima svoje vrijeme, tako je sada vrijeme govorenja i to za nekoliko oktara podigao sam više."
1:11:03,1:11:06,"I grublje, ali ne bi grublje nego oštrije."
1:11:07,1:11:15,"Pa evo kad govoriš istinu onda to nije grubošće, drugačije govoriti."
1:11:15,1:11:17,"Dakle, ništa nije novoga."
1:11:17,1:11:29,"Petsto godina završava, to ponavljam sada geopolitiku, petsto godina phoenixovih, rađa se nešto novo, kolonijalni i robovladlasnički sustav završilo, zapad je pljačkao i ta je priča, priče."
1:11:29,1:11:30,Sad nastaje novo.
1:11:31,1:11:41,"Ista se može usporediti, sve je različito, ali se može neke paralele povući, ne puno, između pada Rimskog carstva i sadašnjeg."
1:11:41,1:11:45,"I ovo je palo, zapadno carstvo, okukultne oligarhije."
1:11:45,1:11:46,Ono pada.
1:11:47,1:12:03,"Dakle, carstva od 500 godina koja su temeljena, sve svoje narative, sve svoje življanje, sve svoju ekonomiju, gospodarstvo, svoju filozofiju, ako možemo govoriti u filozonskom smislu, na pljački, na koloniji.ijama i robo vlasničkim sustavom."
1:12:03,1:12:05,A donedavno Amerika je imala robo vlasništvo.
1:12:05,1:12:12,"Je to tako davno kada je ukinuta američka i ovaj, a kolonijalni sustav, oni bez kolonija ne mogu ništa."
1:12:12,1:12:12,A šta je kolonija?
1:12:13,1:12:17,"Pljačka, ubijanje, otimačini itede I oni taj carski sustav hoće zadržati."
1:12:18,1:12:31,"Rimsko carstvo, to se Europa sada nalazi u tom, govorim za Europu, a i za zapadnu cijelu Sjevernu Ameriku, kao što se našlo Rimsko carstvo u pet stoljeću, dakle, pad."
1:12:32,1:12:38,"Koliko je trebalo da Europa iz tog kaosa, to je determiniranoani kaos."
1:12:38,1:12:39,Da se uzdigne.
1:12:39,1:12:41,I na koji se način ona uzdigla?
1:12:41,1:12:43,Trajalo je nekih 150 godina.
1:12:43,1:12:44,Do pojave koga?
1:12:46,1:12:49,Dvojeve svetoga Benedikta.
1:12:50,1:12:51,Duhovno vertikalno.
1:12:51,1:12:59,"Iz kaosa, propadanja kao što je i sada, samo se možeš uzdići duhovno vertikalno."
1:12:59,1:13:03,"Jer ako ne udignete se duhovno vertikalno, kaos ćete probudati."
1:13:05,1:13:14,"I sada ako je tamo trajalo 150 godina, više manje ili nemojmo sad držati od prije, ali više od jednog stoljeća sigurno jeste."
1:13:15,1:13:49,"Tako i ovdje, on će vremenski kraj trajati kraće i zato ja govorim o trideset godina, zato ja govorim u svojim nastupima, gonima, zato i pišem ovu knjigu što se na prihodu mraka do praskozorja do pedeset četiri godine od jedna tisuća godina raskola na zapadnu ili istočnu crkvu ili istočnu zapadnu kako god hoćemo e tada će to biti i taj kaos mi sada živimo to je taj kaos i to je ovo što se događa e sad je pitanje izizanje te duhovne vertikale tko će se pojaviti tko je taj svet i benedikt u nekim novim vremenimai."
1:13:49,1:13:51,Tko je sveti Benedikt 2.0?
1:13:51,1:13:52,"2.0, da tako je."
1:13:52,1:13:54,Koji je novi taj sveti Benedikt?
1:13:54,1:13:55,A morao će se pojaviti.
1:13:55,1:13:56,Gdje će se on pojaviti?
1:13:56,1:13:57,Među kojim narodom?
1:13:58,1:13:59,"Evo, pojavio se u Monte Casinu."
1:14:00,1:14:09,"A onda u drugom je svjetskom ratu, u Monte Casinu, pa mogli su Amerikanci zaobići Monte Casino i ići što brže, a nisu htjeli."
1:14:10,1:14:17,Nego se to može Nijemci ukopali na Monte Casinu i ne može oni zaobići u to vrijeme.
1:14:17,1:14:18,I što rade?
1:14:18,1:14:22,Izbombardiraju sve Monte Casino jer je tamo grob svetoga Benedikte.
1:14:23,1:14:29,"I onda još da bude stvar gora., ovi katolike, Poljake, dobro, fine."
1:14:30,1:14:33,"Pošalju u gori njih i zbombardiraju, zato su katolici."
1:14:34,1:14:43,"Zato je sveti Maksimijan Kolbe, onaj koji je osnovao vojsku bez grešnja, on je umro u kući gladi u Auschwitzu."
1:14:44,1:14:52,"Jer je zaboravljao se da je Hitler ne bio samo protiv Židova, nego ga je još prvo pošao istrobljivati kršćanstvo u Njemačkoj."
1:14:52,1:15:00,"I zato je sveti Maksimijan Kolbe završio u kući gladi, da druga čovjeka spasi."
1:15:00,1:15:01,On će umrijeti.
1:15:01,1:15:01,za njega.
1:15:02,1:15:07,"E, tako su to, to su to Monte Casino, čak su i tada njega trebali uništiti."
1:15:08,1:15:41,"Da, taj Monte Casino je nevjerojatna priča, to je nevjerojatan, što sad, doći će on, ono što govori, doći će, nazovimo to novi Tuđman, nazovimo ga, on je tu među nama, tako će i doći, jer je to duhovno uzdignuće, ali ne više na zapadu, ne, ne, ne, taj novi Sveti Benedik će biti od Baltika do Jadrana, pa sve do Vlada Vlada, na tom području, gdje će biti zapadna istočna Katolička crkva, gdje će nekim ti nova civilizacija, što je i Seljina, što ih ja u svojim knjigama nazivam i sada će reći stepsko-adrijatska civilizacija."
1:15:41,1:15:42,Sad je to vrijeme.
1:15:44,1:15:46,"Ovi narativi koji su sada, to je nešto prestrašno."
1:15:47,1:15:49,Oni hoće što više krvi.
1:15:50,1:15:57,"Vidite što rade Ukrajina, vidite što su išli raditi sa Iranom i tamo Amerika doživjela strahotni porast, a ovdje ne prokazuju."
1:15:58,1:16:01,"Vidite što su napravili HUT-i, jučer prekluče."
1:16:02,1:16:05,"Zamislite situaciju, evo dragi moji gledatelji."
1:16:06,1:16:24,"Amerika je u ovome ratu, Amerika i Izrael zajedno, to je slovilo u medijima, vojne sile neuništive sve će krenuti sami izraelsko što jesu imaju ogromnu projekciju vojne moći ali ima nešto se zove dimenzija ratovanja."
1:16:24,1:16:28,"On ide u treću dimenziju, a Iranci u šest dimenziju."
1:16:29,1:16:52,"I uništi pedeset šest borbenih zrakoplova pedeset šest je uništeno evo jučer su kuti oborili saudijske arapijske f šesnaest dakle uništili su i što su im prvo uništili radar za rano otkrivanje iranci amerikanci, Amerikancima i uništili su podatkovni centar."
1:16:53,1:17:02,Evo sada su Rusi uništili tri podatkovna centra u Kijevu i još dva druga grada Ukrajincima u ovim bombardiranjima.
1:17:02,1:17:05,A mi hoće graditi podatkovni centar kod nas.
1:17:05,1:17:12,"Znači ti si odmah napravio vojni cilj jer je to u funkciji tebe, kontrole tebe, te informacije, podatke."
1:17:13,1:17:17,"A imate nešto zastrašujuće, to sam zaboravio reći pa sad mi je pala na pamet."
1:17:18,1:17:20,Mi uopće nemamo obavještajnu službu.
1:17:20,1:17:28,"Jer vi moji narodi, dragi moji Hrvati, Hrvate državljane Hrvatske znate da već dvije godine nema čelnika SOA-e."
1:17:28,1:17:36,"Prvo što je taj obavještajni sigurnosni sustav krivo postavljen jer najmanje sedam moraš imati tih obavještajnih sigurnosnih službi, mi toga nemamo."
1:17:36,1:17:37,"Pa ako netko zna, znate vi."
1:17:38,1:17:38,Pa tako je.
1:17:38,1:17:40,"I sada, što je bilo?"
1:17:40,1:17:47,"Dakle, već dvije godine nema, pa tko će prosuditi ugrozu najvećih nacionalnih interesa sa otpadom ako neće ta služba?"
1:17:48,1:17:51,A kako će prosuditi kada nema čelnika?
1:17:52,1:17:53,Tko je kriv za to?
1:17:53,1:17:54,Jeste li vi i ja ili bilo koji?
1:17:55,1:17:57,"Ne, ima samo dva čovjeka koji su krivi."
1:17:57,1:18:01,"Jedan se zove Jadran Plenković, a drugi se zove Zelam Milanović."
1:18:01,1:18:13,"a onda prethodna dva čelnika te službe imali su pored hrvatskog, jedan ima francusko državljanstvo, a prethodnik njegov ima američko državljanstvo, pa to se čovjek treba prekriještiti."
1:18:16,1:18:18,I tko će onda voditi?
1:18:18,1:18:20,No vratimo se geopolitici.
1:18:20,1:18:22,I što su sada napravili HUD?
1:18:23,1:18:25,"To se nam, imaš Maroko, imaš slučaj Maroka."
1:18:26,1:18:30,"E, dajte, ali vidim da vas ide, ja puštam, samo vi vodite."
1:18:32,1:18:41,"Mene samo zanima hoćemo li ostati svi bez nafte, a bome kako je pokrenulo EU, Ravnako je ovisio o tome što je ovaj gospodin Hernig i Sidžer."
1:18:42,1:18:46,"On je pripadnik okuta oligarha, ali je bio izuzetno uman."
1:18:46,1:18:47,I stotinu godina da živi.
1:18:48,1:18:49,"Stotinu godina, takvi žive dugo."
1:18:50,1:18:50,Malo ljudi.
1:18:51,1:18:52,"Znaš, takvi žive dugo."
1:18:53,1:18:53,Zašto?
1:18:54,1:18:57,"Jer su to oni koji sebi ne da ne, da ne, da ti ideš."
1:18:58,1:18:59,I tako dalje.
1:18:59,1:19:00,Ima to sve svoje.
1:19:00,1:19:03,"Ne mogu se šalibom, ali ima tu i ozbiljnost."
1:19:03,1:19:06,"Znam, ima i ona, samo malo da se dopadnem."
1:19:06,1:19:14,"Možeš do zadnjeg sekunda svog života, pa se i u toj zadnjoj sekundi svog života pokaješ za svoje nedjela."
1:19:15,1:19:17,"Da ima, da ima na Golgotinu, na Kalvaru."
1:19:18,1:19:23,"Evo ga, onaj sa desne strane se pokajao, pa evo samo kris Karas, danas će sa mnom biti u raju."
1:19:24,1:19:25,E pa tako i gospodin Manolić.
1:19:27,1:19:30,"Evo, neozbiljno, ne, ne, u redu je."
1:19:30,1:19:35,Ali sad se mi vratimo na geopolitiku i nafte.
1:19:36,1:19:39,"Da evo, jučer je priopćeno da nema više nafte iz Saudijske Arabije."
1:19:39,1:19:40,A što se tamo dogodilo?
1:19:42,1:19:51,"Iran, pobjedivši Ameriku, Izrael u ratu koji je trajao, znamo, 28."
1:19:51,1:19:52,veljače je počelo.
1:19:52,1:19:55,"A koji je počeo, završio nekih 30-40 dana."
1:19:56,1:19:57,Amerika doživjela porast.
1:19:57,1:19:59,"Sad nabrajam sve, već sam to govorio nekima."
1:20:00,1:20:01,Sad ćemo reći da ne idemo.
1:20:01,1:20:03,"Ima, sad sad sad idemo mi, nećemo mi tako."
1:20:04,1:20:07,"Jesu li, imaš još naziv, Hutisti."
1:20:08,1:20:13,"Ma dragi moji, znaš zašto se zovu oni Hutisti, to su od ne tako davno, to je isto kao teroristi."
1:20:14,1:20:16,"Dakle, oni nisu Hutisti, nego su Hut."
1:20:17,1:20:18,Oni pripadaju starim radama.
1:20:18,1:20:22,"Ima, recimo, Hetiti, Huriti, Hut."
1:20:23,1:20:24,I samo su od njih.
1:20:26,1:20:28,HURITI nisu postali HURITIST.
1:20:29,1:20:36,"Nisu HURITI, POSTALI KUTIST."
1:20:38,1:20:55,SAMO SI U HUTISTI.
1:20:56,1:21:01,MIRKO I KUTIST.
1:21:01,1:21:02,Pa svaki rat je hibridan rat.
1:21:03,1:21:08,"Rat nije čisto vojni, rat ima i političku, diplomatsku sastavnost, oni ne znaju veliku strategiju."
1:21:09,1:21:12,"Ima informacijski rat, ima kulturni rat, ima ekonomski rat, ima vojno."
1:21:12,1:21:13,Psihološki.
1:21:13,1:21:15,Tehnološki imaš kako god hoćeš.
1:21:15,1:21:18,"Dakle, sve je hibridno bilo od početka ljudskog roda."
1:21:21,1:21:28,"Mislim, to je čovjek ne može vjerovati koliko oni tlače psihologijski reprogramiranje, koliko mjeraju cijeli narativ."
1:21:29,1:21:36,"To je recimo pripada i tolerancija i govor mržnje i teorija urote, sve su to dio tog iste mantre kojoj oni to rade okultno."
1:21:36,1:21:37,takozvani Franje Moskva.
1:21:38,1:21:48,"I ti Huti, odnosno Huti, gdje su Bosna Gorje, takvi gdje su, oni pripadaju šiitskome dijelu islama, šiitskome."
1:21:50,1:21:58,"A Saudijska Arabija, sunitska država, jedna od najjačih sunitskih država, najbrojnija je Indonezija po broju muslimana."
1:21:59,1:22:06,"I sada slušaju, oni zna već naučili ratovanje šeste dimenzije od Irana."
1:22:07,1:22:23,"Pa naravno da Iran je dao raketu, ja u knjizi sam napisao u Vrući mir dva, prvu raketu koju je lansirala HPZU još rat nije počeo, su kut lansirali prema Izraelu koja je pala jer su testirali tada je li ona može proći obranu izraelsku i prošla je."
1:22:23,1:22:34,"I to je bilo znak Irancima da su na pravome putu, da će moći sa svojim jatama raketa i rojevima besplatnih letaca proći svaku američku izraelsku obranu."
1:22:34,1:22:36,Kuci su bili taj koji su prvi izradili.
1:22:37,1:22:44,"Znači da ipak ima neko, pa i oni takvi kakvi jesu i mi gledamo, imaju neko razmišljanje, imaju neku filozofiju."
1:22:45,1:22:47,"I što oni rade, što su sad napravili?"
1:22:47,1:22:57,"I sad ovaj, bar ili tjesna suza uzeli jer ona dva otočja stvarno izgledaju kao da su dvije suze na ulazu, a uzeli su i jedna gore sjevernije malo."
1:22:57,1:23:02,"Dakle, jedna je s jedne strane Saudijske Arabije, Persijski zaljev, a sa drugo Crveno more."
1:23:02,1:23:30,"Kroz Suez i kroz tjesna suza prolazi dvadeset posto svjetske ekonomije a tamo dvadeset dvadeset pet posto nafte tamo ovdje svjetske ekonomije a ovdje nafte i sad imaš tih sedamnaest točaka to su neke gravitacijske točke tu je gibraltar tu je marokon Tu ima Rakovih gibrata, ovo zapadno, sad nije u slučaju da se zapiše pa se pitajte."
1:23:31,1:23:33,I sada tko sada kontrolira te dvije točke ključne?
1:23:34,1:23:35,Iran.
1:23:37,1:23:39,Što su Huti napravili?
1:23:39,1:23:53,"I sad ovi da bi, jer je zatvoren Hormus, ne mogu izvoziti naftu sa istočne obale Saudijske Arabije ili poluotoka Saudijskog i moraju kroz Crveno more prebaciti sve ostalo."
1:23:55,1:24:00,"Imaju plinovod, pardon, naftovod, a naftovodi u zemlju zapad."
1:24:01,1:24:07,"I sad ne mogu više kroz istog, sad idu kroz zapad, što je normalno, logika."
1:24:07,1:24:29,"Međutim, on je pod zemljom, ali svako određenog vremena na tom, jer to dugačak preko cijele Saudijske Arabije, od istoka do zapada, imaju ove crkve, one moraju pumpati naftu da bi ona išla dalje, od jednoga dijela, pa onda se pumpa, pa ide u drugi, pa onda tako dođe."
1:24:29,1:24:40,"One su vani, ima ih šest takvih na tom naftovodu i ove dvije zapadne one unište, rakete i ostaloga i nema više nafte ni na zapadu."
1:24:40,1:24:42,I tko će prvi nastraditi?
1:24:43,1:24:43,Europa.
1:24:44,1:24:49,A ta Europa prekrila na plin i neće rusku naftu koja je jeftinija.
1:24:49,1:25:14,"Sada je ruska nafta, nema imaš manjak nafte, Amerika već troši rezerve nafte sada svoje, pričuvaju ona još jako i kontrolu ima, to je opet od Kissinger, sada je ruska nafta jer oni su davali po povoljnoj cijeni, sada je ruska nafta prešla sto pet dolara po berl vode rat u ukrajini i samo sa toga mogu ga financirati a što što to sad znači?"
1:25:14,1:25:28,"Znači dvije ključne geostrategijske točke, od sedamnaest ključne, recimo ne trebaju vrednovati, jedan od nas je otran, to smo govorili, su pod kontrolom Irana."
1:25:28,1:25:28,Irana.
1:25:28,1:25:31,"Ne više Sjedinjevičke države, nego kontrolom Irana."
1:25:32,1:25:37,"E sad jedan bitni točaka, znači više izbašen je Suez, ne trebaš voditi bitku za Suez."
1:25:39,1:25:40,Koja je ulazna točka?
1:25:41,1:25:43,"Gibraltar, tako je."
1:25:43,1:25:44,Od Atlantika.
1:25:44,1:25:45,"E sada, tko tamo igra?"
1:25:45,1:25:47,Tko sad igra na Maroku?
1:25:48,1:25:48,Izrael.
1:25:48,1:25:53,"A sad dolje u emisijalstvo, tamo je sve ostalo."
1:25:54,1:25:55,Tko kontrolira Gibraltar?
1:25:57,1:25:59,Sami rekli: Išli su od Afrikanaca.
1:26:00,1:26:03,"Smanjili su na druge strane, ukako u Moravku."
1:26:04,1:26:11,"Ano, znači nastaje bitka za tu gravitacijsku točku koja ulazi za ove dvije točke."
1:26:11,1:26:17,"Ako se preuzme ta točka, tada ti nemaš ni Evropu, ni Aziju, ni Afriku."
1:26:17,1:26:19,Ne možeš dobro razumjeti ovdje što su strateške države.
1:26:19,1:26:21,"Tri točke, samo tri točke."
1:26:22,1:26:27,"Izrael, budući da je izgubio Ovani, ide preko Maroka napraviti kontrolu na tom točkama."
1:26:27,1:26:28,Zašto?
1:26:28,1:26:32,Zato jer Britanija gubi moć sutra i može je preuzeti Španjolska.
1:26:33,1:26:47,"Ako Španjolska postane, preuzme tu točku od Britanske što ima najviše izgleda jer je tu ona s jedne i s druge strane, a Englezi gotovi, tada Španjolci ponovno počinju biti osmijeni geopolitički igra što su bili."
1:26:48,1:26:50,I kolonijalna sila nekadašnja.
1:26:50,1:26:51,"Ali dobro, sad u drugim okolnostima."
1:26:52,1:26:53,Kako ćeš ti to spriječiti?
1:26:53,1:26:55,"Ako digneš Maroko, ideš u Skukuku."
1:26:55,1:26:57,"Čekajte, zašto je Ceuta bila?"
1:26:59,1:27:00,"Ceuta, da, ova je bila."
1:27:00,1:27:01,Ceuta je je bila.
1:27:01,1:27:03,Evo ta je enklava u javnom teritoriju Maroka.
1:27:04,1:27:05,Španjolska je enklava.
1:27:05,1:27:08,"Kako ćeš ti nju sada, Španjolsku, destabilizirati?"
1:27:09,1:27:23,"Preko tih migranata, košto su destabilizirali Europu, košto destabilizira Hrvatsku, Plenković, sa isjeravanjem 500.000 Hrvata, u najboljem dobiju 500.000 Hindusa dolazi."
1:27:23,1:27:30,"Znači sve se, brusilski, radi se bitke za stožene gravitacijske točke."
1:27:30,1:27:35,"E sada preko Maroka, tko će izbaciti Španjolsku?"
1:27:36,1:27:51,"I sad I sada, ako, a tu je i Alžir, Alžir je vrlo ključan, Alžir, Alžir nije tamo, Alžir je htio vidjeti i šlan Brixa, preko Alžira hoće Rusija, odnosno Kina da projicira i oni svoju moć na Gibraltar."
1:27:51,1:28:04,"Dakle, Gibraltar je sad postao velika, kako bi rekao, jedan od determiniranih kaosa, a ne zaboravimo da iduće svjetsko prvenstvo, gdje, ni to nije slučajno, gdje je iduće svjetsko prvenstvo?"
1:28:04,1:28:05,"Tri zemlje, koje su?"
1:28:06,1:28:06,Nakon ove tri.
1:28:07,1:28:08,"Ne, mi uopće sad u pamet."
1:28:08,1:28:10,"Španjolska, Portugal i Maroko."
1:28:10,1:28:11,"Evo, da, da, bravo."
1:28:13,1:28:51,"vidimo i šta hoće, hoće još proširiti u ovih koliko je bilo sad šezdeset četiri reprezentacije nema pojma da će možda biti i nešto povijesno da će se sve vidjeti da kaos bude što veći znate da uopće nisam ovo svjetsko prvenstvo gledala ne znam zašto baš mi je bilo bez svega pametno jer ono ovakve pljačke to je nezamislivo sve je unaprijed bilo definirano ali međutim ipak ih nije uspjelo koja je pobijedila španjolska eto je jer oni su predvidjeli sve da bude ponovno argentina argentina se zna tko je Javier Miley argentina je masonska država kao što je švicarska samo u afričkoj u Africi, tamo, u Južnoj Americi."
1:28:51,1:28:52,"Dakle, ovdje je bitka za to."
1:28:53,1:29:00,"I drugim riječima, Izrael hoće da ići jer ako preuzme, prekoljira kontrolu."
1:29:02,1:29:11,"I zato je Španjolska napala odnosno to što prosudila što su ratovi u Gazi, to je genocid, kako god govorili, to je genocid."
1:29:11,1:29:16,"Zato se taj sukob između Izraela i Španjolske sada odvija, to je onaj dio."
1:29:17,1:29:18,Jer što su oni htjeli?
1:29:18,1:29:36,"Oni su htjeli sa tim migrantima jer je to najkraći prijelaz između jednog kontinenta i drugoga, kao što su Island prodro u Španjolsku, pa koliko im je trebalo godina da su oni, stotine godina da se oni i više da se oni oslobode toga."
1:29:36,1:29:52,"E sad isto ta strategija se ponovno ponavlja, bitka, bitka nakon sumraka Engleskog imperija koja gubi točku po točku od ovih sedamnaest orbitalnih točaka i netko drugi ih uzima."
1:29:52,1:29:57,"Dakle, to je jedna nova neuralgijska točka koja se može recimo izroditi."
1:29:57,1:30:10,"Naravno, ostaje dalje otranti mitu, ostaje to val balkansko bure Baruta, ostaje igra Engleska na stranu Srbije, zato je sada njezina rehabilitacija, zato su sada Srbi totalno poludili."
1:30:11,1:30:20,"Oni su digli taj narativ svojih iščašenosti, prikazivanje drugih njih, oni su jedini ispravni, sve je Srbije, sve je Egipat."
1:30:20,1:30:22,"Egipatske piramide, nema reda, nema reda."
1:30:23,1:30:24,To su Srbi.
1:30:24,1:30:27,"Ako nismo znali, japanski jezik je srpski jezik."
1:30:28,1:30:31,"Tako da znamo da se odmah znamo, sve su unutar srpske rede."
1:30:31,1:30:34,"Ajde, danas ste šao."
1:30:34,1:30:35,"Da, nije, ali ne vidim."
1:30:35,1:30:36,"Ne, u redu je, ali slušati?"
1:30:37,1:30:38,"Dajte vi, dajte vi."
1:30:38,1:30:41,"Mislim, došli ste do ovoga koja je to igra."
1:30:41,1:30:42,I sada idemo.
1:30:42,1:30:45,"Čekaj, mogu vas još samo još, dajde da završimo sa Srbima."
1:30:46,1:30:49,Sjećate se one vaše ideje o vojnom sporazumu sa Srbijom.
1:30:50,1:30:51,Što sad o njoj govorite?
1:30:51,1:30:51,Pa zašto?
1:30:52,1:31:05,"Ako smo ovo sada razumjeli Srbijcem, ako Englezi igraju neprekidno i rehabilitiraju srpsku i srpsku politiku od Viloševića do Vučića, kako ćeš ti pobijeti tu?"
1:31:06,1:31:08,To je isto oblik asimetričnog rata.
1:31:08,1:31:10,Pobijediš asimetriju.
1:31:10,1:31:14,"Nećeš ga pobijeti vojni savezom sa Albanijom ni sa Kosom.ovom, to nikako."
1:31:15,1:31:20,Jer su onda Srbe natjerali da oni krene u savez sa Mađarima i Talijanima.
1:31:21,1:31:27,"A imaš ove nesretne muslimane u Bosni i Hercegovini koji su totalno iznudili, umišljaju se nešto i sve ostalo."
1:31:28,1:31:33,"Prema tome ti moraš ponuditi takav da s njima stručništvo, a to je savez."
1:31:34,1:31:49,"Ako su oni nepretkino stvorili od Kneževne kraljevine i Tito u Jugoslaviji jer je Tito bio engleski igrač, kao što je bio i Pavelić, kao što su danas Vučić i Plenković igrači Brisela, dragi moji gledatelji, podcast Režnice."
1:31:49,1:31:50,E tako sam i bio.
1:31:52,1:31:53,Kako se šti njih boje?
1:31:53,1:31:55,"Amo sad, zašto ćemo mi ginut?"
1:31:55,1:32:01,"Ja ne mogu liječiti srpsku ludost i srpske laži, to mogu oni sami sebi, mogu i ja ili netko bilo tko drugi."
1:32:02,1:32:04,"Amo mi, zašto mi ratovati?"
1:32:04,1:32:13,"Zašto bi mi vodili englesku politiku da mi ginemo i sve ostalo da bude taj Balkan bude barat, amo da ne bude Balkan bude barat, amo napraviti da ne bude Balkan bude barat."
1:32:14,1:32:20,"A to znači da mi nećemo ratovati Srbi da vas Engleze ne bure protiv nas, a mi se moramo braniti."
1:32:21,1:32:27,"E ili se u nekom stvaranju Hrvatske države, pa mi Pavelić veže za pogrešnu stranu."
1:32:28,1:32:30,I mi do danas nosimo tu hipoteku.
1:32:30,1:32:33,"Ona nije takva, ali vojni narativ se uvijek drži."
1:32:33,1:32:35,Prema tome idemo u savjest.
1:32:36,1:32:37,To je jedno.
1:32:37,1:32:37,Drugo.
1:32:38,1:32:39,To je ono što ljudi znate ne mogu razumjeti.
1:32:39,1:32:45,"Pa nema, nema, nema da oni to ne mogu, oni ne mogu razumjeti ove razine strategije, ne mogu to, to ne treba ljude ništa."
1:32:46,1:32:46,"Da, da, da."
1:32:47,1:32:47,A zašto?
1:32:47,1:32:48,Zato da oni imaju.
1:32:48,1:32:51,"Iznanadi ga, to bi trebala zapravo biti strategija, iznenadi ih."
1:32:52,1:32:55,"Ali ima još nešto, nitko nije napao tu moju ideju, ste to primijetili."
1:32:56,1:32:58,"Nitko nije u notarima, ne može ih napasti."
1:32:58,1:33:00,"Pa dobro, ima ovih dušmanih."
1:33:00,1:33:02,"I dobro, ja te ne računam troškove, nećemo to tako."
1:33:02,1:33:05,"Tako ste rekli, moramo biti duhovno čisti, onda se izdignemo iz smeća."
1:33:06,1:33:08,"Tako je, tako je iz determiniranog kaosa."
1:33:08,1:33:12,"Dakle, mi svi moramo probiti sami osobno stohastički šum."
1:33:13,1:33:27,"Kad probiješ tu granicu determiniranoga kaosa, koji onda ti dođeš gore i nema kaosa, imaš samo gore zvijezdu, imaš svjetlo, a svjetlo znamo suprotno tamije, a tamo objektivno ne postoji, kao objektivno ne postoji ni zlo."
1:33:28,1:33:33,"Zlo je samo sustav dobra, a dobro je Bog, pa prema tome zlo je sustav Boga."
1:33:34,1:33:36,"Tamo, to mi zovemo tamo, ona objektivno ne postoji."
1:33:37,1:33:42,"Tamo ne možeš izmjeriti valnu dužinu tame, nego mjeriš valnu dužinu svjetla."
1:33:43,1:33:51,"Čim uđe malo svjetla u tamo ona se razdvaja, već imaš svjetlo, već možeš mjeriti, ali ne dalje ne mjeriš tamo nego mjeriš svjetlo u tom tami."
1:33:51,1:33:56,"Tako je, mislim da se odmah razumijemo na kojim tehom, tako i ovdje."
1:33:57,1:33:58,"Dakle, zašto bi mi ratovali?"
1:33:58,1:34:02,"Zašto mi, jer će u ratu oni sada imaju iluziju da će od nas pobjediti."
1:34:03,1:34:06,"Pa nećete dragi moji Srbi, ovako ću, ali evo sad se vama obraćam."
1:34:08,1:34:13,"Dobro, daj, pustite tu narative više o ustašama i o ostalim jel se novci."
1:34:13,1:34:28,"Pa evo gdje je to tako, ajde ako ste vi sigurni, ajde da se iskopaju JSN-ovi pa ćemo vidjeti da je to sasvim nešto drugo, da ste na površini naših hrvatskih vojnika i hrvatskoga naroda koji je pobijen između ostalog i nakon Blagourna."
1:34:28,1:34:31,"Nemojte o tome, ajde za njega pa ćemo se kajati."
1:34:32,1:34:34,Vidite kako se brutalno se naoružavaju.
1:34:34,1:34:38,"A to oni umišljaju, oni su opet brutalno to je sad narativ."
1:34:38,1:34:40,Pa kakva je brutalnost bila i na?
1:34:41,1:34:43,"Imali su sve oružje, a mi nismo ništa, mi pobjedili."
1:34:44,1:34:44,Znate zašto?
1:34:44,1:34:47,"Odluja četvrta dimenzija rata, oni su ratovali u drugoj."
1:34:48,1:34:58,"Ja njima poručuje, Hrvati jer imako će ratovati, budite sigurni jer Hrvati su ratnički narod, pobjedit ćemo vas, a vi niste ni znati jer ćemo ratovati u šest dimenziji."
1:34:59,1:35:24,"Dakle, ostavimo te narative srbskim, raketa će šovjet raketove, treba imati raketa, ali nisu rakete samo u poruže, ne ratuje tank protiv tanka, raketa protiv rakete, nego ratuje vojnik, časnik sa raketom i časnik s druge i vojnik s druge strane, ali u rat je vojnik, e to je doktrina, to je duh, mislim ostalo, mi smo ratnički narod, a šta ste vi, sve ste ratove imali, sve izgubili."
1:35:24,1:35:31,"Oni a oni pobjednici, znači oni, zamislite ti narativ srpski, oni su pobjednici u ratu, ali su gubitnici u miru."
1:35:32,1:35:35,"Ništa svoga nemaju, prisvajaju tu žiju, ništa svoga nema."
1:35:36,1:35:44,"Stokarsko nareće, oni su ukrali, su izobličili stokarsko nareće, to je srpski jezik, izobličeno stokarsko nareće hrvatskog jezika."
1:35:44,1:35:46,Pa vidi siromaštvo njihovoga jezika.
1:35:47,1:35:49,A koje je bogatstvo hrvatskih riječi?
1:35:49,1:35:54,"Pa bogatstvo hrvatskih riječi duh je naroda što stvaraš nove riječi, nove riječi."
1:35:54,1:36:04,"Evo, pa Hrvatska, Bogu hvala da ima jezikoslovaca, Bogu hvala da ima dobrih jezikaoslovaca koji gaju tu hrvatski jezik i njegovo bogatstvo izričaja."
1:36:06,1:36:08,I zato odatle i ostajem i danas.
1:36:09,1:36:10,Nećemo giniti ni vi ni vi.
1:36:11,1:36:16,"Ono sam rekao i sad ponavljam, ne možete nas promijeniti, ne možete, ne možemo ni vi vas."
1:36:16,1:36:18,Pa zašto onda ratovali?
1:36:18,1:36:19,Za čije interese?
1:36:19,1:36:22,Engleske interese čiji imperij su mrtvi.
1:36:22,1:36:28,"Ali zašto oni više ne igraju na Engleze, nego i oni igraju u Učest, nije to tek tako bezazleno."
1:36:28,1:36:35,"Igraju na Kineze, igraju na Ruse, igraju na Francuze i ti nesretni Francuzi odmah se priklonili i Macron za tom grlu jer je to njihovo."
1:36:36,1:36:42,Pa Srbija je uz englesko-francusko djelo.
1:36:42,1:36:43,Gdje je prvi svjetski rat?
1:36:44,1:36:56,"Nigdje su pobjegli tamo na krv, ništa i onda se na repovima konja, da tako se izravno i figurativno se, francuski se vratili i onda stvorili Kraljevinu Jugoslaviju."
1:36:57,1:37:00,"A vi, koga oni više vrište?"
1:37:02,1:37:03,Pamet u glavu svi.
1:37:04,1:37:05,"Pamet u glavu, ja i Kajn i ostali."
1:37:06,1:37:07,Nemojte se igrati sa Hrvatima.
1:37:08,1:37:33,"Rečeno je vaš jedan dužnosnik prije, Milošević je rekao, ovaj presmrt, nemoj kaže Sloboda ne ići samo na Hrvate i izgubit ćeš, vi mu je dobro, pa ja isto ka nemoj, ne moramo živjeti, možemo vi doći ovdje, pa evo, kao što dolazite, ne možete, ne možete dolaziti paliti šume, ne možete paliti Hrvatsku što su radili i to sam dužan ovom prigodom reći."
1:37:33,1:37:36,"Ja vas nisam pitala vezano za Hrvatsku, ali i gorjela je Hrvatska u ovom trenutku."
1:37:37,1:37:44,"Još uvijek ne znamo tko je napadnuta, dakle, napadnuta su, rekli smo to, ponovit ćemo još jer je to vrlo bitno."
1:37:45,1:37:53,Najveća razina interesa održivog opstanka to je ekološko dobro i to je demografija.
1:37:54,1:38:02,"Demografija se napada izvozom vani, uvozom drugih rase i napada su vitalni ili životni nacionalni interesi."
1:38:02,1:38:33,"Napadnu se požarima i napadnu se ovim kojekakvim izmišljenim svjetskim, afričkom kugom itede Dakle napadnuti su u svim elementima ovih najvažnijih hrvatskih nacionalnih interesa, dakle napadnuti su sa ovim ekološko dobro, voda, smeće, napadnuti su demografijom, iseljenjem i useljenjem, napadnuti su požarima i napadnuti su izmišljenim laboratorijskim bolestima."
1:38:34,1:38:37,"Dakle, u svim tim elementima je napadnuto."
1:38:37,1:38:38,Ali to treba se osvijestiti.
1:38:40,1:38:51,"Kad vam nešto kažu da je ovo, pojavilo se ovo, pojavilo se meni pa posao istu mantru, pa onda uvijek isti ti radmanovih nekompetentnih cirkusanti se pojavljuju."
1:38:51,1:38:53,Pa te ljude treba odmah zatvoriti.
1:38:54,1:39:00,"Pa zašto ne pozovu relevantne znanstvenike koji to neće oni njih, oni njih preskribiraju."
1:39:01,1:39:07,"Pa dobro, danas je svatko tko nije ni zglaku mainstreamu napadnuo."
1:39:07,1:39:08,Pa gdje je?
1:39:08,1:39:11,"Pa to je ta determinirani kaos, to je taj kojega govorimo."
1:39:11,1:39:18,"E sada, iz ovih stanja koje smo opisali, ona će ići još gore, ona mora ići, ona mora doći u svojom kraju."
1:39:19,1:39:26,"Mora doći, moramo doći do trenutka pojave ove svetoga Benedikta dva, da zovemo ga tako."
1:39:27,1:39:29,"Dakle, duhovno uzdignuće Evrope."
1:39:30,1:39:31,Ko je taj trenutak?
1:39:31,1:39:34,"Po mom razmišljanju, neka me ne predviđem, ja ništa neću."
1:39:34,1:39:40,"Dobro, danas stalno iznosite svoje razmišljanja, govori svoje razmišljanja, nikoga ništa."
1:39:40,1:39:42,"Ovaj dan slobodna država, da."
1:39:42,1:40:00,"Ako je slobodna, možemo govoriti još dok, ali i to nastoje zabraniti, a zabranili su već, ima kontrola, dezinformacije, zamislite, kontrola dezinformacija, a oni najviše dezinformiraju jer svaki dan od deset informacija devet su lažnih polažaja, a jedna tek možda vjerodostojna."
1:40:00,1:40:06,"E, a onda kad ti otkriješ tu jednu vjerodostojnost, e to je onda dezinformiranje, kad ti govoriš istinu."
1:40:06,1:40:17,"Dakle, laž je premjetnuta, to je najveći vrhunac okultizma, n na minus jedan, laž pretvaraš u istinu, a istinu prikazuješ kao laž."
1:40:17,1:40:18,I to ti je to danas.
1:40:19,1:40:24,"Dakle, mi moramo, ovakve emisije moraju biti gore, a sad je došlo vrijeme, zašto ja ovako govorim?"
1:40:24,1:40:31,"Zato da se spriječi, strategija uči, da moraš spriječiti rat."
1:40:32,1:40:40,"Najbolja je ona bitka koja se nikada nije ni vodila, to je najbolja bitka jer tada nema mrtvih ni tvojih vojnika ni protivničkih vojnika."
1:40:40,1:40:50,"Ali ovdje više nisu vojnici u onome jer ovaj rat asimetrični, bez početka, bez kraja, bez vojnika, bez bojišnice, bez bitke.ke, a rat."
1:40:51,1:41:00,"Dakle, sačuvati živote ljudi, to je umijeće ratovanja, to je umijeće ratovanja koje između ostalog govori i ova knjiga, suvremeno umijeće ratovanja."
1:41:00,1:41:04,Svaki rat spriječite u početku jer on ima uzrok.
1:41:04,1:41:07,"Imaš još danas narativ, nitko ne govori o uzroku."
1:41:08,1:41:09,Otko je to smeće?
1:41:09,1:41:14,Pa smeće je zbog toga zato jer se sustavno uništila suverenost svih država Europe.
1:41:15,1:41:21,"Preuzeli su nekakvo biće, nekakav sustav koji sjedi u Briselu, kojega nitko nije birao."
1:41:23,1:41:25,"Država je uhodna, su svi prekurativi suverenienosti."
1:41:29,1:41:31,"Ima još nešto, moram to reći."
1:41:31,1:41:32,"Zašto, koji je danas datum?"
1:41:33,1:41:33,18.
1:41:34,1:41:34,Da.
1:41:35,1:41:35,18.
1:41:36,1:41:38,"E, 14."
1:41:39,1:41:44,"Samo u Domovinskom ratu su bile dvije operacije strateške razine, ne taktičke razine, strateške."
1:41:45,1:41:47,"Dakle, cijelokupni prostor Hrvatske."
1:41:47,1:41:48,Jedna je uluja.
1:41:49,1:41:49,Koja je druga?
1:41:50,1:41:51,To je 95.
1:41:51,1:41:52,91.
1:41:52,1:41:55,"to je napad na vojarne, nismo imali oružja, oružja nismo."
1:41:55,1:41:57,"Evo, to je poruka Srba."
1:41:57,1:41:59,"Nismo imali oružje koga, otel."
1:42:01,1:42:21,"Ja znam, ja se sjećam tih vremena, malo nas je bilo u Zboru Narodne garde, tada je Zbor Narodne garde, tada još nije bio glavni stožer, tek poslije toga će se on osnovati u krajem, mislim dvadeset jedan rujna a ovo je bilo četrnaest rujna bila je operacija trebala biti trinaest rujna."
1:42:22,1:42:27,"Ako Tuđman nemaš oružje pa da, Kostajnica pa da sve, bilo nas je vrlo malo, vrlo malo."
1:42:28,1:42:38,"E kad predsjedniče, šta onda radimo u embargu, razmišljaju ne daju ti oružje, nemaš ništa šta u rat bio je vrlo jednostavanno, kako jednostavno?"
1:42:39,1:42:51,"Otete od Dušmana, ne znam, što to znači, a tu je otvoreni rat, pa otvoreni rat, došlo je vrijeme, imaš puzajući agresiju, sad će biti otvoreni rat, otvorena agresija, ne može se ići, dobiti rat ako se ne ide."
1:42:51,1:43:13,"I on donese odluku i pošalje mene, prvo pita, gdje da počnemo, gospodine predsjedniče, počet ćemo u operacija koja je poslije nazvala zelena tabla, mali vare u pločama, jer je tu najuže Hrvatska, zašto najuže Hrvatska, trebamo tu prije na rezerv, da nas tu ne presijeku."
1:43:15,1:43:32,"Ajde, ja u mali zrakoplovno poštanski jer je bio zatvoren sa ove, kako se zove, zračne luke u Zagrebu, Preso tada i Splitsku luku, ovaj Resnik i samo se nađe da su ljudi već organizirali, ja se vratim nazad, vidim da će to uspjeti."
1:43:32,1:44:25,"Gospodine predsjedniče, operacija može uspjeti, naravno ne svaka, ne, ali recimo, ovaj je tu negdje oko devedeset posto deset posto su uvijek vole, nitko nema sto posto to je teorija vjerojatnost idemo i tada je trebala prva operacija međutim izdali su dole u metkoviću policija i nije krenula trinaest nego četrnaest operacija je uspjela i tada je krenula osamdeset posto je uspjela osamdeset pet posto uspjela je gotovo deset i onda je krenula otvorena napad na cijele vojarne dakle napad na vojarne a tu je operacija evo ja govorim sad i naslov osmišljena pod nazivom alat jer tu imaš alat majstor mora imati alat mi ne možemo ratovati jer nemamo alata to je oružje zato je nazvan alat i krenula je i nitko više ne slavi tu operaciju nitko je i kako ćemo mi imati svoj identitet ako mi jedno od dvije jedno slavimo."
1:44:25,1:44:30,"Sad postavimo pitanje, možemo i o tome diskutirati ali nećemo u ovom misiji, a drugo uopće ne spominje se."
1:44:30,1:44:39,"Ja sam baš sad gledala jer se spominje ništa, ništa, ne može, kakva nacija ne može opstati, ne može opstati, ne može, ona sama sebe uništava."
1:44:39,1:44:43,"Ne treba nama vanjski dušman, ima mi unutarnji dušman."
1:44:44,1:44:45,"Evo, to je ono."
1:44:45,1:44:50,To je najviše onih koji najviše možda drže ruku na srcu i glume velike stvari.
1:44:50,1:44:53,"Ne, to je posebna priča, to je posebna priča, to je."
1:44:54,1:44:57,"Dajte molim vas, moram vas nešto pitati, spomenuli ste Saudijsku Arabiju."
1:44:57,1:45:02,Saudijska Arabija je ovog ljeta potpisala sa Pakistanom i Turskom onaj trojni pakt.
1:45:03,1:45:05,Što im sada Turci ne pomažu malo?
1:45:06,1:45:06,Neće nitko?
1:45:06,1:45:07,Neće.
1:45:10,1:45:19,"Ovako, evo sad je kada su kuti, ajde maću malo upraviti jednu riječ koja mi nije baš svojstvena, meni, ali moram malo opustiti se na kutu."
1:45:19,1:45:21,"Da, pa moramo, da."
1:45:21,1:45:23,"Čekaj, imamo još jednu pitanje."
1:45:24,1:45:38,"Kuti uspjeli dobro nadmudrati, ajde ipak neš neku drugu riječ nego su uspjeli nadmudrati vojno, naravno s pomoći Irana da su oni, pa to svak ima svoje saveznike, još ima saveznikeika, ja ne mogu imati."
1:45:38,1:45:41,"Evo, ako ja imam saveznika, to već nije u redu, ma ne bude."
1:45:42,1:46:01,"Ovaj, jedne druge strane uspjeli su dobrano uzimati Saudijsku Arabiju i onda su oni tražili sada, kad su ovu napravili operaciju, zauzeli prolaz Suze, Maddal Mabde, od Pakistana po tom savezu, po kruhu na, mi nećemo u to ići."
1:46:02,1:46:16,"Turci, Turci čekaju, Turci formalno, Saudijska Arabija, Turci čekaju, itekako čekaju, oni već Siriju, oni se trebaju konsolidirati u Siriji, sve ostalo."
1:46:17,1:46:26,A zato sa juga Izrael i dalje napreduje dok se mir više to u zapadni nema do rijeke Litani u Libanonu.
1:46:27,1:46:37,"I oni sada neće, taj je proforme savez, savez zašto to su, on ima naznaku jer su sve tri sunitske zemlje, je li tako?"
1:46:38,1:46:40,A Iran je šiitski.
1:46:40,1:47:00,"I sad ovdje govorim i analitičar odmah, to možda i bila namjera tog saveza, zapada prije svega da stvori savez sunita protiv šita, košto uvijek rade da Poljake katolike gurne na pravoslavne ruse ili pravoslavne Srbe na nas katolike Hrvate."
1:47:00,1:47:10,"Ista je mantra, ista ništa nije novo, tako je to možda ideja, ali ni u Turskoj, ni u Saudijskoj Arabiji, ni u Pakistanu ne sjede baš tako naivci da će oni ići te o mantrama koje oni imaju."
1:47:11,1:47:17,"E, napraviti se, ima taj savez ovako, došlo je vrijeme jer globalizam pada."
1:47:18,1:47:23,"Jedno polarno svijeto je pala, nastaje više polarnost, svaki za sebe traži prostor."
1:47:24,1:47:28,"Ništa nije vječno, pa ni savezi, nijedno drugo."
1:47:28,1:47:34,"Pa i mi smo evo napravili ovaj savez sa Kosovom i ovo šta to služi ničemu, samo na šteti, ne koristi."
1:47:34,1:47:40,Tako i taj savez šteti i ovim trim državama sunitskim svaka na svoj način.
1:47:40,1:47:47,"I onda kada je došao prvi ispit, ajde mi Saudijska Arabija sabi, mi nećemo ići tako, pa neće, sigurno da neće."
1:47:50,1:47:51,"Hoćete, mogu."
1:47:51,1:47:51,Možemo.
1:47:52,1:47:52,"Da, okej."
1:47:54,1:48:04,"Ajde da se, molim vas, prebacimo malo tu na ovo, na ovaj naš kontinent nesretni, gospođa Ursula von der Leyen imala je govor o stanju Evrope."
1:48:05,1:48:18,"S druge strane, pa Rusiji se stalno prijete, gađač legitimni su za njih ciljevi oko vojnih tvornica, tamo gdje se proizvode dijelovi za Ukrajinu."
1:48:18,1:48:21,"Pa onda prijete Britancima, sad ću ja dati malo uvod."
1:48:21,1:48:27,Pa je onda čak i ruski veleposlanik u Hrvatskoj pozvan na razgovor u Ministarstvu vanjskih poslova.
1:48:29,1:48:34,Otvoreno se govori o ratu Evrope i Rusije sve više i više.
1:48:34,1:48:36,"Pa sad ja pitam, pa kud će to onda."
1:48:37,1:48:40,Ovako ispravnije bi bilo reći da Europa hoće i rad s Rusijom.
1:48:41,1:48:44,"Europa želi rad s Rusijom, a ne Rusija sa Europom."
1:48:44,1:48:52,"Nema nikakvih interesa, nikakvih interesa nema, ako ćemo vrlo malo, ne navijački, hladno."
1:48:52,1:48:52,Dobro.
1:48:54,1:49:00,"Nikakvih interesa nema Rusija prema Europi, ovako kako je sada stanje."
1:49:01,1:49:04,"U nekim drugim okolnostima možemo govoriti, ali ovim sad ne."
1:49:05,1:49:24,"Imaš te takve nebuloze, to govori o pomanjkanju uopće neke ozbiljne smislenosti sa tim kako je kako oni kažu dronovima, bespilotnim leteljicama koje su došle tu, pa pale, pa imali eksploziv u ovome, pa se pojavile kod donje zračne luke, pa ovo, pa njemačka na nogama."
1:49:24,1:49:40,"Pa njemačka je na nogama, pa onda zamisli ovo u Latviji gore, italijanski borbeni zrakoplov, on je borio bespilotnu leteljicu, italijan i njihove hrabrosti, oborili u Latviji bespilotnu leteljicu, nema čija biti Ruska."
1:49:41,1:49:52,"Pa ljudima ili neko može razmisliti, ali Rus, ako ima ikko sada bespilotnu leteljicu od Gerana, zanimljivo to, to su iranske, to ćete mi objasniti."
1:49:52,1:49:54,"Iranske su, koje su oni razvili."
1:49:55,1:50:05,"Sad ima Geran dva, tri, četiri, pet, ima još koji su razvili isto je bespilotna letjelica ali ona se ponaša kao krsnačka raketa Banderov."
1:50:06,1:50:18,"Naime, ima ove četiri i pet, sad najviše gađa ovo po Kijevu, mogu gađati kako god hoće, svaki dan, lansirati i voilà, oni imaju mlazni pogon, dakle oni lete brzo."
1:50:18,1:50:22,Znači droni na mlazni pogon odnosno bespilotne letjelice da budem ispravan.
1:50:22,1:50:34,"Dakle, to su bespilotne letjelice, nikakvi to dron nije, to je bespilotna letjelicaica na blazni pogon u kojem čak i ova iduća, taj banderov ide brzinom prema i upravlja se kao krstareća raketa."
1:50:34,1:50:39,"Krstareća raketa leti brzinom od 900 km, tu 950."
1:50:39,1:50:45,"Recimo, krstareća raketa je raketa Homo sapo američka ili ruska raketa kaliber, one su pandemijama jedna drugoj."
1:50:46,1:50:59,"Znači, to je 2000 km, prati terkom sistem u niskom razini, moraš uništavati odgore jer se kratko otkrije, ali je njezina slabost, nazovimo to tako što ide po zvučnim brzinama."
1:51:00,1:51:05,"Dakle, ide nekom brzinzinom nešto više od zrakoplova putničkoga."
1:51:06,1:51:41,Ali sad već te bespilotne letilice dolaze u fazu krsarićih raketa i cijena koštanja te rakete Geran četiri i pet ili Banderov kreće se između sto dvadeset i sto pedeset tisuća dolara a jedan presretač sustava patriot jedan raketa taj presretač košta dva i pol milijuna dolara i sada što ti može samo samo da gledaš te rakete ovaj mora ispaljivati i zato je Amerika ostala bez raketa.
1:51:42,1:51:56,"Evo u zadnjem bombardiranju Irana baze u Jordanu američke, oni su u vrlo kratkom vremenu ništa nisu napravili, borili ne znam, lansirali neki tridesetak četrdeset presretača pa sad pomnožimo sa dvapet milijuna."
1:51:57,1:52:08,"Dakle, i razvili su se poslije novi odnosi snaga i Rusi pored tih raketa oni će slati nekakve papirnate i sa konzervom eksploziva unutra."
1:52:08,1:52:10,"Mislim, to čovjek mora biti bolesan u."
1:52:11,1:52:26,"Ono što postoji točno, i Zapad se stvarno toga treba plašiti, ali sam kriv za to, a to je jer je Putin rekao mi nećemo gađati ni gradove ni ljude, nego ćemo gađati naručitelje rata."
1:52:27,1:52:42,"Pa jeste, tamo gdje se proizvodi bespilotne letjelice drugoga dometa koji se lansiraju na staru Rusiju, ne govorim na novu Rusiju što je nekada i bila, nego staru Rusiju."
1:52:43,1:52:49,"Po ratnome pravu, taj koji je napad na takav način ima pravo odgovoriti odakle dođe njegovoova ugroza."
1:52:52,1:52:55,Pa je li ruske rakete lete na evropski gradove?
1:52:55,1:52:56,Ono su te baze.
1:52:56,1:52:57,Nadam se da ni neće.
1:52:57,1:52:58,Nisu.
1:52:58,1:53:01,Jer ako polete to će biti nešto.
1:53:01,1:53:10,"Jednoga ću morati našega ovoga, tog vječnog analitičara koji spava po televiziji, on mora negdje, tako je smiješnu glupost rekao da je to nešto zastrašujuće."
1:53:10,1:53:13,"To govori koliko je on jednostran, jednostavno."
1:53:14,1:53:17,"Dakle, ona ima pravo."
1:53:17,1:53:22,"I sada, pitanje je samo oni nek Boga molite što je Putin na čelu Rusije."
1:53:23,1:53:25,Da vam ono bilo što ja sad govorim da je netko drugi.
1:53:26,1:53:28,Mislite medvede već bi ispalio?
1:53:28,1:54:04,"Lako je za medvede vodio on, on je vodio on, on je vodio on, on je vodio on, on je vodio on, on je vodio on, on je vodio on, on je vodio on, on je vodio on, on je vodio on, on je vodio on, on je vodio on, on je vodio on, on je vodio on, on je vodio on, on je vodio on, on je vodio on, on je vodio on, on je vodio on, on je vodio on, on je vodio on, on je vodio on, on je vodio on, on je vodio on, on je vodio on, on je vodio on, on je vodio on, on je vodio on, on je vodio on, on je vodio on, on je vodio on, on je vodio on, on je vodio on, on je vodio on, on je vodio on, on je vodio on, on je vodio on, on je vodio on, on je vodio on, on je vodio on, on je vodio on, on je vodio on, on je vodio on je vodio on, on je vodio on je vodio on, on je vodio on, on je vodio on, on je vodio on je vodio on, on je vodio vodio on, on je vodio vodio on, on je vodio vodio on, nekoliko tisuća ranjenih dnevno."
1:54:06,1:54:06,Za koga?
1:54:07,1:54:41,"Jer se priprema čak kažu Rusija bi mogla napasti NATO dvije tisuće dvadeset devet eto sad kad je pa je dvije tisuće dvadeset devet godine to idu pa oni su to javno govorili imaš ja znam ljudi koji su inženjeri građevinarstva koji imaju svoje građevinske firme idu u njemačku graditi bunkere u njemačkoj gradi bunkere sve ostalo pa u kakvom je to sve dobro zašto pa ono što sam lijepo rekao lijepo rekao prvo su išli, misle da će preko Ukrajine posredničkog rata slomiti Rusiju."
1:54:43,1:54:53,"Na posredničkom ukrajinskom ratu, na tim poljanama smrti ginu pravoslavni i pravoslavni, to je njihov cilj okultne oligarhije da kršćanstvo ode pravoslavni i pravoslavni."
1:54:54,1:55:00,"Budući da su izgubili tamo rat na strateškoj razini, te operacije rekli smo, sada ne idemo u vojnu miješnju, zašto dugo traje?"
1:55:01,1:55:03,"Zato jer Rusija ne srka kako ste rekli, završava se."
1:55:04,1:55:10,"I sada hoće u drugom dimenziji rata, to je njihov plan, zapamtite dragi, evo danas se puno obraćam gledateljima."
1:55:11,1:55:41,"Hoće gurnutika, dakle od Katoličke Poljske do Jadrana, Hrvatske Katoličke i ovo sve što je između i one dvije zemlje, Bugarsku, Pravoslavnu i Rumunjsku, u drugom ili on se rata protiv Ratala, za taj narativ, protiv Rusije, za to je taj narativ, misleći da će u dugoročnim uzastopnim ratovima slomiti Rusiju, to je njihova bolesna umovi su u takvom smislu okupne oligarhije."
1:55:41,1:55:51,"Onda ima šta tu, ja je ne želim izgovoriti ime jer to jadnica nema pojma ničemu, ta predsjednica Europske komisije, Ursula von der Leyen."
1:55:51,1:55:53,"Evo izgovorio sam, a nisam."
1:55:53,1:55:54,"Evo, izgovorio sam."
1:55:54,1:55:57,"E, to su besmislene, ništa, ni tko je njih izabrao?"
1:55:58,1:56:09,"Još će gurnuti te Poljake i Katolike i sad mantaju nadi kako je Poljska najvoćnija i pumpaju nju sa oružjem, misleći da će ona napraviti Rusiju."
1:56:10,1:56:19,"A onda i Lavrov lijepo odgovori, taj rat neće trajati ovako u Ukrajini, vrlo kratko će trajati, vrlo jednostavno rečeno."
1:56:19,1:56:29,"I sad moram se ovoga pozvati, fizičara, atomskoga, koji kažu, ako šta Rusija?"
1:56:30,1:56:34,"Engleska podmornica ispali svoju salu raketa, Rusije nema."
1:56:35,1:56:38,"Sve ka, doktore znanosti, lijepi mu je."
1:56:40,1:56:42,"Dobri, a s čim će ona ispaliti?"
1:56:43,1:56:45,Koje je to nuklearno oružje?
1:56:45,1:56:46,"Ima i Francuska, ima i Engleska."
1:56:47,1:56:51,"Koje je to nuklearno oružje, može je ispaliti na Rusiju, a da Rusija nestane?"
1:56:51,1:56:53,"E Rusija, koja ima jedanaest sremenskih zona."
1:56:54,1:56:59,"Da Amerika ispali svoje oružje što ima, ne može uništiti Rusiju sa atomskim jer je velika toliko."
1:57:00,1:57:15,"A Rusija ima mrtvu ruku, a mrtva ti je ruka kada imaš preventivni nuklearni urad, sve ti je uništeno, ali imaš raspoređene podmornice i silose, mrtva ruka da zapovjed i imaš uzvratne udare."
1:57:16,1:57:17,I nema više ništa.
1:57:18,1:57:43,"Ima li, zna da može torpedo, ovaj, ono je torpedo, Poseidon, plimne valove koje, evo sad je povrnuta podmornica Habarovsk koja nosi šest torpeda takvih, a ono ima nuklearnu boju u glavu od sto pedeset mg 150 megatona, a kerošimo je da ga svaki bace da je bomba od 20 megatona, kilotona."
1:57:43,1:57:44,Znaš što je to?
1:57:44,1:57:46,Stvara flimni val samo uz obal.
1:57:47,1:57:56,"Išla je prije neki godinu i pol dana, a Engleska sa svojom podmornicom, ona nema triadu, ona nema silos, oni imaju bombe."
1:57:56,1:58:00,"Od bombe ti moraš doći sa bombarderom, to će ga strošiti, danas su na ovom vrtovanju."
1:58:01,1:58:04,Možeš jedino sa podmornice i to je zaranjeno ga stanje.
1:58:05,1:58:07,"Jer ako se na površini umišti, već bi se ti umišteno."
1:58:09,1:58:14,"I onda se oni imaju rakete, trajdenta, rakete, tradicije su američke rakete."
1:58:15,1:58:18,Protokoli da bi se one lansirale su u Americi.
1:58:18,1:58:21,"Dobro, oni su savjesni pa će dati recimo to."
1:58:21,1:58:25,"Stižu su testirati, ta raketa lansirala pala u more, znači neodržavanje nema."
1:58:26,1:58:31,"Srednja Engleska ima pet razarača, četiri ne plove."
1:58:32,1:58:43,"I onda su sad kad bi ovi ratovi sa Izraela i Amerike i protiv Irana poslali taj a razarač on se tamo pokvario i to na osovinama, na pokrovskom sustavu."
1:58:44,1:58:45,Pa mislim da li još čovjek vjerovati.
1:58:45,1:58:47,I onda on kaže uništi Rusiju.
1:58:47,1:58:52,"To ti govorim, a on sve A on svaki dan vedrinu oblači u hrvatskom medijskom prostoru."
1:58:53,1:58:54,I zavarava se ljude.
1:58:54,1:58:57,Ovdje rat treba zaustaviti i ostalo mora biti.
1:58:58,1:58:59,Tko će ga zaustaviti?
1:59:00,1:59:01,Je li Trump još uvijek Putinov prijatelj?
1:59:02,1:59:04,Ma vraga tko će to više znati tko je čiji je više prijatelj?
1:59:06,1:59:18,"Ako su njega psiholozi definirali, ja sam uporabil neku od ovih priče da ne ponavljam onu venigni, ovaj maligni narcisoid onda je to dovoljno govori sam po sebi."
1:59:18,1:59:24,"On izvršio je, njega je dovela ta cionistička Amerika i on ispunjava njihove ciljeve."
1:59:25,1:59:33,"Vrlo jednostavno rečeno, ali on je, nakon onih, Amerika će se teško oporaviti nakon ovoga izgubljenoga rata protiv Irana."
1:59:34,1:59:38,"Da, sad mu slijede i ovi među izbori koji su baš anketen im naklonjeni."
1:59:38,2:00:00,"Neće biti, a ne može biti naklonjeni, on će doći u jednu vrlo poziciju, ako izgleda da kongres, senat može još nekako i zadržati, ali kongres to će ono, njegovo, prozivat će ga, ne znam, ovaj, poziv, onaj opoziv itede i to Amerikanci, itede Osim toga Amerika, sve više poglavito Europi, ona ostane bez pogona, bez"
2:00:00,2:00:03,"Hrvatska, tko kontrolira naftu, kontrolira ljude."
2:00:03,2:00:04,"Ba to je, završena priča."
2:00:05,2:00:13,"Tko kontrolira hranu, kontrolira, tko kontrolira naftu, kontrolira države, tko kontrolira pitku vodu, kontrolira život."
2:00:14,2:00:14,Evo ga.
2:00:15,2:00:16,I još nešto drugo.
2:00:17,2:00:27,"I nadragi moji Hrvatice i Hrvati, država Hrvatske nije prodana isključivo zbog nafte i ostaloga nego zbog pitke vode."
2:00:28,2:00:39,"Zato je MOL kupio Mađari, vidite kako oni osvajaju, zato jer ima sve bušotine, pitke vode i ostale i sad te istraživanje negdje je sklonjena i tako, zbog pitke vode."
2:00:40,2:00:42,Zato je INA prodana.
2:00:43,2:00:49,"Nedavno sam srela, je Poljake upoznala, Poljake pitam ih iz Gdanska su."
2:00:49,2:00:50,"Dobro, iz Gdanska su."
2:00:50,2:00:52,"Pitam, bojite li se Rusa?"
2:00:52,2:00:59,"Okrenuli su ovako očima kao ono, smijali su se mom pitanju kao ispala sam jako blesava jer ih pitam."
2:00:59,2:01:01,"U kojem smislu su, dakle ne boje se?"
2:01:02,2:01:12,"Pa ne kao, znaš, mi smo čak fino smo razgovarali, glupo je da ja sad prepiričavam kako sam ih upoznala, nije uopće bitno, nije bitno nego šta je."
2:01:13,2:01:20,"Divan gospodin i divna gospođa, što je poanta onoga što su mi htjeli reći, a znaš ti, Veli, to ti je sve Evropa."
2:01:21,2:01:22,"Ne znam, ne kušam ju."
2:01:22,2:01:24,"Dakle, to ti je sve Evropa, evropska politika."
2:01:25,2:01:26,"Ja, ali nije Božja."
2:01:27,2:01:29,"To je, dakle, nije politička politika, nego evropska."
2:01:29,2:01:30,To je točno.
2:01:30,2:01:34,"U Dubrovniku, onda su išli ovim putem natrag preko Mađarske do Gdańska."
2:01:34,2:01:42,"Druga stvar, kad smo već kod Ukrajine, ljeto su poznali jednu Ukrajinku, već dvadeset godina živi u Italiji, ona i brat."
2:01:43,2:01:46,"Kažem, hoćete se vratiti, ne, ne dolazi u obzir."
2:01:46,2:01:48,"Zamislite vi, zašto ovo sad pričam?"
2:01:48,2:02:30,"Kao uvod u Ukrajinu, otac i majka su i kako bi se tu reklo rusofili, otac ju je čak poginuo, borio se tamo na početku dvije tisuće četrnaest na ruskoj strani ona i brat su prozapadni kako ona meni kaže kako se ona zove darija e da darija se zove ja pitam dobro hoćete se vratiti ne ali i dalje podržavaju sve borbu do kraja e sad koliko ukrajina dakle borbu ukrajine do kraja protiv rusije koliko ukrajina po vama još može izdržati i može li netko iz zalenskog i putina natjerati da sjednu za stol ne može to ne da ne to sjedenje za stol to priča o primjerima o šta ne mora se tu biti pobjeda mora biti čista i jasna jer lopu nakon nekog vremena imat ćeš ponovni rat."
2:02:32,2:02:34,"Znači vi ne vidite, ne naslijedi se kraj rata."
2:02:34,2:02:35,"Nema, ne, to ne mora."
2:02:36,2:02:40,"Onda dolazimo do onoga, dolazimo do onoga ključnog, ja bi tu završio emisiju."
2:02:41,2:02:42,"Dobro, završite, ajde."
2:02:42,2:02:53,"Dakle, završava petsto godina, završava zadnjih stotinu i više godina, završava jednopolarno svijeta, završava kolonijalni eurovlasnički sustav."
2:02:54,2:02:57,I našta je više polarno svijeta koja će biti višerazinska.
2:02:58,2:03:03,"Na čelu su SAD-a, ona se mora povući na branjene granice i to upravo sada radi Trump."
2:03:05,2:03:09,Rusija će imati svoj znovni utjecaj i kreća je Kina.
2:03:09,2:03:23,"Iduća razina je Indija koja ima predispoziciju, ali nije još uzdignuti se na taj kao četvrti recimo dio tog gore pa od tronošca postaviti sa četiri noge."
2:03:24,2:04:18,"Ta druga razina su Afrika koja se budi, to je islamski svijet općenito i to je Latinska Amerika i Europa je još ispod doli i ona će kao takva nestati jer će se u Europi ovakva EU ako to bude tako, a trebalo bi biti utišana do sredine ovog stoljeća, bit će utece Amerike, to je zapadni dio, od Baltika do Jadrana, plus Finska, švicarska, plus Finska, sino i švicarska, ex Jugoslavija, istočna Njemačka i Austrija će biti pod utjecajem Ruskom, ovaj dio Bliskog i Srednjeg istoka i Afrika, veliki dio neobale Sredozemlje pod utjecajem Kine, to će biti."
2:04:18,2:04:25,"U sljedećem vremenskom perikom periodu, iako to neće biti od prilike, to je više polarno svijeta."
2:04:26,2:04:37,"Postojeće te sive zone između tih utjecaja, ovih velikih sila ili imperija ili carstva, a sada dolazi vrijeme carstva, a sada dolazi vrijeme civilizacija."
2:04:38,2:04:56,"O tome smo mi govorili u jednoj emisiji za ovo: nečemu smo mi civilizacija, Kina je civilizacija, Iran je civilizacija, najstarija, 6000 godina, Kina je 5000 godina, Rusija je civilizacija i ona se tako gradi i ponaša, Turska hoće napraviti svoju civilizaciju kao takvu, evo."
2:04:56,2:05:03,"E, a mi možemo jer smo mi pripadnici Rimskog, zauzelišeno jer nismo nikada imali ni robove, ni kolonije."
2:05:03,2:05:20,"Nismo mi isti, mi smo različiti od Zapada, oni su to, mi nismo nikoga ni pljačkali, ni oduzmali, još od Agatona, nećemo papi rimskog prisega, svoje ćemo braniti, ali tuđe nećemo napadati, dakle to je to."
2:05:20,2:05:33,"I prema tome će i mali narodi, imaju sada mogućnost s ovim tehnologijama šeste dimenzije rata, od pete, šeste dimenzije rata, imati takvu projekciju moći da će se moći obraniti."
2:05:33,2:05:48,"anti, vrijeme velikih brodova, vrijeme velikih postrojbi brojni je prošlo i završeno, danas će duhovna snaga biti, to ću samo naznačiti na kraju, da će doći ponovno ova knjiga što piše, a to je rat mreža, sve je mreža."
2:05:50,2:06:09,"I tako treba stvoriti novu mrežu, mi iz determiniranog ovoga kaosa, ove doline suza kako govorimo, ne možeš izići, ti su u kaosu, unutra su u granicama ograničene, a iz vanjskog glavni ugrađ upravitelja on uvijek to mu je, a glavno njihov operator je nasilje."
2:06:09,2:06:16,"Nasilje imaš fizičkoga, imaš duhovnog, imaš kulturnog, imaš informacijskog, imaš sve nasilje, to se kontrolira i oni kontroliraju kaos."
2:06:16,2:06:22,"Da bi ti izašao iz kaosa, ne možeš tražiti rješenja unutar ovih koji sjede u Saboru, ništa neće riješiti."
2:06:23,2:06:40,"Zato sam ponudio izlazak taj novu duhovnu snagu obraćajući se molitvenim skupinama, izađite iz te tame, odnosno bolje rečeno iz katakombe, bolje rečeno iz katakombe na svjetlo dana, na Krista, izađite u arenu, evo jednostavno rečeno da idemo tim fugurativnim jezikom se govoriti."
2:06:40,2:06:51,"Tako će i ovdje, svaki pojedinac mora početi od sebe, duhovno se izlići iz toga kaosa, da se on duhovno izdigne, on je iznad njega i on postaje jedna zvijezda."
2:06:52,2:06:54,"Drugi se digne jedna zvijezda, to je čvor."
2:06:55,2:07:03,"Treći, četvrti, peti entit, vrijeme kolektiviteta je prošlo, kolektiviteta veliki broj, od toga pa onda vi i vi, ne."
2:07:04,2:07:17,"Sad je dolazi vrijeme potpune simetrije, dolazimo već u kvantno razmišljanje, dakle jedan, jedna ta zvijezda gore, tvorit će nebesku zvijezde gore, ali ti si duhovno se uzdi ga, bliže se gore Bogu, tako jednostavno da kažem."
2:07:18,2:07:23,"I onda će oni stvarati kolektivitet, a ne kolektivitet da te netko iskoristi jer ti uvijek si svoj."
2:07:24,2:07:27,"Moramo svi postaviti sebe, u sebi moramo ići pročišćenje."
2:07:28,2:07:52,"Nije slučajno što nas vjeručitelji, propovjednici crkveni koji su dobri govori da moramo krenuti od sebe, od svojih se grijeha očisti, prepusti se, prepustimo se gore, prepusti se gore pa ćete nikad nećeš pogriješiti jer nas obasjava energija, duh sveti, to je taj duh sveti, a mi imamo zvijezdu koja prima to, eto ga."
2:07:52,2:08:01,I zato su naše oči ogledale od uše jer se ta zvijezda ovdje koja je duhovna zvijezda hrani svjetlom koje prolazi kroz naše zjenice.
2:08:01,2:08:03,"naše zemljište, evo tako da bude."
2:08:03,2:08:17,"A mi Hrvati imamo, imamo mi svojih svetaca, imamo svoju tradiciju, mi smo marijanski narod, mi smo pobjednici u ratu, ali se ne znamo ponašati pobjednički, pa onda se ponašamo pobjednički."
2:08:18,2:08:26,"Gospodine Plenkoviću ako hoćeš promijeni udžbenike povijesti o Domovinskom ratu, nemoj da tu bude tri strance sve krivo."
2:08:26,2:08:27,I u osmom razredu te gluposti.
2:08:28,2:08:29,I u osmom razredu gdje sve ostalo.
2:08:30,2:08:31,More upsti sve.
2:08:31,2:08:46,"U dječjem vrtiću moraju se djeca igrati sa igricama sa ovim, slojevima glegoljice, moraju se od početka kada uči latinicu mora učiti glagolicu pisati i tek onda ćemo mi biti ono što jese duhovno su uzdigli, sve je to dio toga."
2:08:47,2:08:58,"Dakle ima prostora dragi gledatelji, oprostite mi na kraju ako sam malo bio oštar moram biti jer ja moram upozoriti kad je Bokivel tu nema više Stani Pani."
2:08:59,2:09:08,"Ne, ne, Stani Pani ima, ali mora se upozoriti na to da bi ono što uvijek govorim da mora poginuli biti što manje ako već mora biti bitka."
2:09:08,2:09:47,"Ne da Bog poginulih i ne da Bog ratova admirala ako je suditi po svemu što ste napisali u knjigama prije deset i petnaest dvadeset i više godina i što se sada zapravo događa, a onda sve ovo što ste vi sad rekli, ako nam podcast preživi za dvadeset i trideset i četrdeset godina reći gleda kako je onaj loš, onaj loš će govoriti ne, ne, recimo nećemo sve ovako, nećemo sve nećemo nećemo nećemo nećemo nećemo nećemo nećemo nećemo ne, ja mislim ovako, ovo je moj stav gledatelji, evo lijep pozdrav još jednom, bio sam otvoren, ništa od mene možete me napadati koliko god hoćete, moje je reći ono što znam sa znanje je li vam lakše sad, admiral molim, je li vam lakše srcu sada?"
2:09:48,2:09:55,"Vidite da se sada opušteno, vidite da se sklopio, sklopio ruke ako nešto vam nije, oprostite mi, ali mu je bilo reći."
2:09:55,2:10:06,"Svima sam rekao što ih ima, svi se mogu naljutiti na mene, ja neću na nikoga, ali i ne moraju se naljutiti, bar nešto da poslušaju, jedan mali konvenčić."
2:10:06,2:10:08,I za to riječi Tuđmajan će završiti.
2:10:09,2:10:13,"Za svakoga se on oslanjao, šta vi hoćete?"
2:10:14,2:10:14,Šta vi hoćete od mene?
2:10:15,2:10:24,"Ovaj ovakav onaj onaj, svatko može pogurnuti mali konvenčić ovoga hrvatskoga kotača da idemo naprijed i osvojimo državu, dobro je došao."
2:10:25,2:10:36,"Neću ja brojati grijehe ovoga, to su njegove riječi koje nama na početku stvaranja Hrvatske države u zboru Narodne garde, vrlo uskom skupini nas, jer nas je bilo malo, rekao to."
2:10:37,2:10:43,"Svaki je dobrodošao koji može jedan mali, mali, mali koračić, mali napraviti."
2:10:43,2:10:44,Svaki je dobrodošao.
2:10:44,2:10:44,Već od sad.
2:10:45,2:10:45,Admiral.
2:10:46,2:10:46,Hvala vam.
2:10:47,2:10:47,Molim.
2:10:47,2:10:54,"Čekali ste, čekali ste dugo, više od dva mjeseca na novu sezonu podcasta Mrežnica, čekali ste i na admirala i dočekali."
2:10:54,2:10:55,Hvala vam lijepa.
2:10:55,2:10:56,"Vidimo se, valjda."
2:10:56,2:10:57,Lijep pozdrav.
