Start (HH:MM:SS),End (HH:MM:SS),Segment
0:00:00,0:00:06,"Ti kad si bio dole u Janjevu, ti si Hrvat, dođeš ovdje, pa nisi baš Hrvat."
0:00:06,0:00:13,"Znači zadnjih četiri godine sam imala toliko puno angažmana da sam već mislila, ok, ja možda više i ne želim pjevati."
0:00:13,0:00:15,"Pa reko, pošto ti ne znaš neku glumicu za to?"
0:00:15,0:00:18,"Pa kaže, imam, ali neću glumicu."
0:00:18,0:00:20,"Ja reko, kako ću se ja rasplakati?"
0:00:20,0:00:22,Kao u scenariju je bilo kao da ću se rasplakati.
0:00:22,0:00:28,"Kaže, ne brinim vam ja svoje metode, kaže, plakat ćeš i skrižotala sam ju."
0:00:29,0:00:30,I stvarno je tako bilo.
0:00:31,0:00:33,"Hippodrom, pola milijuna ljudi."
0:00:33,0:00:34,Ti trudna.
0:00:34,0:00:34,Oof.
0:00:34,0:00:38,"Joprom je najfascinantnija ta zadnja činjenica., ti si trudna na hipodromu."
0:00:39,0:00:40,Je li te brinulo?
0:00:41,0:00:42,"Kako ćeš iskrendljati to, mislim?"
0:00:43,0:00:46,Pa lagala bi kad bi rekla da me nije brinulo.
0:00:46,0:00:48,Hoće li se djeteto oštetiti sluhu?
0:00:48,0:00:49,"Mislim, to su decibeli."
0:00:49,0:00:51,"Mislim, ja ću ga svakako pitati."
0:00:51,0:00:56,Ali ja sam sigurna da on nije imao trudnicu koja je pjevala pred 500 tisuća ljudi.
0:00:57,0:01:01,"Tijan dana pred hipodromom se beba spustila, malo previše."
0:01:01,0:01:04,"Taj dio koncerta je zamišljen kao, ajmo reći, duhovni."
0:01:04,0:01:09,"Ja to gledam kao određeno poslanje, kao neki mir koji se treba spustiti."
0:01:09,0:01:23,"Ja mislim da ono to skrolanje uništi svaku osobu., a posebno majku, ti onda gubiš vrijeme na tim ljudima kako ima čistu posteljinu, savršeno ištirkano i su se kad sam zadnji put pegla majkom."
0:01:23,0:01:30,"A vidi ovaj interijera, kako je lijepo stavila svijeće na stol, a cvijeće, a ovo, a ono uspoređivanje tat."
0:01:30,0:01:41,"Ja mislim da općenito biti roditelj je super moć, ali nije super moć zato što, eto, mi smo super heroji, nego možda zato što imaš neko povjerenje."
0:01:41,0:01:49,"Ja sam se zapravo ostvarila u majčinstvu ne zato što sam super mama, nego zato što sam sve talente koje."
0:01:49,0:01:53,"koje sam ostvarila uz majčinstvo, koristila u majčinstvu."
0:01:54,0:01:56,"Bog, ja sam Iva Kraljević i dobrodošli u podcast."
0:01:57,0:02:06,"Moja današnja sugovornica je Kornelija Palić Papa Fava, jedna od sestara Palić, prateća vokalistica, majka četvoro djece, supruga."
0:02:06,0:02:18,"A u današnjem razgovoru dotaknuli smo se zapravo razno raznih tema, od majčinstva, karijere, novih uloga, izazova i svega što život nosi."
0:02:18,0:02:23,Bio je to vrlo zanimljiv razgovor i nadam se da ćete ostati s nama do kraja.
0:02:30,0:02:32,"Draga Kornelija, dobro mi je došla."
0:02:32,0:02:34,Hvala još bolje te našla.
0:02:34,0:02:34,Kako si?
0:02:36,0:02:40,"Dobro, umorno, ali dobro i zahvalno."
0:02:41,0:02:43,"Umorno zbog škole, pretpostavljam koja je tek počela."
0:02:43,0:02:45,Ili od života općenito.
0:02:45,0:02:46,Od života općenito.
0:02:47,0:02:54,"Umorno jer sam imala neprospanu noć za početak, ali dobro, to je kad imaš malu bebu kao, ajmo reći, nešto normalno."
0:02:55,0:03:06,"Ali da, škola je krenula, velike su odgovornosti, puno je to tu organizacije, puno je i iznenađenja i možda nekih strahova koje podcesto negdje skrivamo zbog naše škole."
0:03:07,0:03:09,"I tako, ali dobro, ide nekako."
0:03:09,0:03:13,"Dobro, ne viditi se na licu da je bila neprospavana noć."
0:03:13,0:03:14,"Lijepo sam se našminkala, evo."
0:03:16,0:03:20,"Odmah se sjetim kad sam ja imala malu bebu i onda mi dođe sestra ujutro, izgledaš umorno."
0:03:22,0:03:27,"Najgori antikompliment koji žena može dobiti, ne izgledaš umorno, niti ne naspavano."
0:03:27,0:03:28,Hvala ti lijepa.
0:03:28,0:03:31,"Možda zato što su ljudi navikli vidjeti mene umorno, pa kao to je sad."
0:03:32,0:03:34,"To je tvoj i normalni, jeste svoje i među umorne mame."
0:03:36,0:03:39,"Evo, jedno onako., fora pitanje za početak."
0:03:40,0:03:48,"Kad bi morala svoj trenutno, svoj život, obavezi, svoju dinamiku opisati u jednoj riječi?"
0:03:49,0:03:51,Je li to možda biti lijepa riječ ili može.
0:03:51,0:03:52,"Ajde, evo, prošlo ti padne na pamet."
0:03:54,0:03:54,Kaos.
0:03:54,0:03:55,Kaos sam.
0:03:56,0:03:59,"Ali dobro, to je zapravo onako, može biti pozitivno."
0:03:59,0:04:10,"Znaš što, sad kad sam se vraćala sa šminkanja, ono, istračavam s vrećicom, joj čeka i cipele, još ovo, još ono, i Valentina me poznaje već jako dugo."
0:04:11,0:04:12,"Ja kažem, ali meni ti je stalno to tako."
0:04:13,0:04:16,"I kaže ona, znam, ja već mislim da ti u tome uživaš."
0:04:17,0:04:33,"I stvarno, zapravo, ja čeznem i žudim za onim danima kad ću stvarno imati redu u životu, ali i sigurna sam da će doći do toga, ali zapravo najbolje funkcionira u kaosu."
0:04:33,0:04:45,"Jer onda jednostavno, valjda u mom mozgu se stvari poslože ovo, ovo, ovo i ovo, trebaš, moraš to, jednostavno to su ciljevi i nema prostora za overtinkanje."
0:04:45,0:04:49,"A mi žene volimo overtinkati, dok je neke više ne mogu."
0:04:49,0:04:56,"Makar da, ima ljudi, ja sam isto jedna od tih koja je kao u kaosu, odnosno kad imam puno obaveza, puno bolje funkcionira."
0:04:57,0:05:04,"Može ti to isto vučeš još ono od škola, glazbena škola, vjerojatno i neki sportovi, druženja i sve se nekako stizalo."
0:05:05,0:05:16,"Ne znam kako kod tebe, ja kad sam došla na faks gdje više nisam imala dvije škole nego samo jednu, kao da mi je malo počelo tlo pod nogama biti nesigurnije zato što imam više vremena."
0:05:16,0:05:17,"Ne znam, ili je to samo."
0:05:18,0:05:21,"Da, imaš više vremena za razmišljanje."
0:05:21,0:05:26,"Da, i to stvarno zna biti problem kod ljudi, pogotovo kažem žena."
0:05:27,0:05:33,"Ali kad je kaotično, jednostavno nekako stvari se neke moraju odraditi."
0:05:33,0:05:44,Ja imam stvarno tu sreću da mi se fokus poboljša i ja to vidim kao stvarno dar jer ne znam kako bi to inače sama sebi sredila.
0:05:45,0:05:59,"Da jednostavno kao da se fokus centrira, bude bolji i stvari koje moraju se napraviti, koje moram vidjeti i koje moram odraditi, jednostavno, odradim ih."
0:06:00,0:06:00,A da.
0:06:01,0:06:15,"Znaš ono kad se voziš 130 na sat, ne možeš vidjeti sve što je oko tebe, nego vidiš auto ispred tebe i cestu i one trake, oznake za punu praznu crtu i to je sve što je važno u ovom trenutku."
0:06:15,0:06:18,"Da, jel ti se omakne nekad 130 na sat?"
0:06:18,0:06:19,Šta je li mi?
0:06:19,0:06:21,Jel ti se omakne nekad 130 na sat?
0:06:22,0:06:22,Misliš u autu?
0:06:23,0:06:23,Da.
0:06:23,0:06:24,Absolutno.
0:06:24,0:06:28,"Jer meni isto, a kad sam ja suvozač, onda onako gledam, o, o, ne."
0:06:28,0:06:33,"Govorim Ivanu, a trudim se ne biti ona žena kakvoca, stvarno."
0:06:33,0:06:34,I onda doziram.
0:06:34,0:06:39,"Ja kažem, svako peti put kad mi napamet padne mu reći da možda malo ok on vozi."
0:06:39,0:06:41,Sada ako me mama sluša pa će se zabrinuti.
0:06:41,0:06:43,Ali mislim 130 je ograničenje za ženu.
0:06:43,0:06:56,"130 je ok za ženu pogotovo, ali kad malo pređe ili kad ja se ne osjećam sigurno, ja njemu znam malo, a kad sam ja za volanom, baš to koncentriraš se i osiguran si jer je volan u tvojim rukama."
0:06:56,0:07:11,"No dobro, ajde, prije nego što dođemo na taj zapravo dio koji mi se veže jako na majčinstvo, kako mi majke nekad moramo handlati i držati volan u rukama, idem se još malo zadržati na tebi prije nego si bila mama, odnosno puno prije, što si htjela biti kad si bila mala?"
0:07:12,0:07:14,"Jako dobro pitanje, baš sam razmišljala o tome jučer."
0:07:16,0:07:19,"Pjevačica, policajka i frizerka, tim redom."
0:07:20,0:07:22,"Pjevačica, policajka i frizerka."
0:07:23,0:07:24,"Mislim, pjevačica jesam?"
0:07:24,0:07:24,Da.
0:07:25,0:07:26,Frizerka si moram biti vrlo često.
0:07:26,0:07:28,I policajac si nekad ja.
0:07:28,0:07:31,"Iako ovo nisam radila sama, a policajka mi je valjda ono."
0:07:34,0:07:44,"Čak vjerujem da mi je to neki skriveni talent, jer volim onako promatrat kao skrivenu stranu priče koja je kao ona van."
0:07:45,0:07:48,"S te strane, ja sam mislila da će reći kao red, rad, disciplina."
0:07:48,0:07:48,"Ne, čak to."
0:07:49,0:07:56,"Mislim možda i to negdje, volim red, ali funkcioniramo u kaosu pa to baš ne ide."
0:07:58,0:07:59,"Ne funkcioniraš, gleda, funkcioniraš."
0:08:00,0:08:00,Ide.
0:08:01,0:08:02,Znači htjela sam biti pjevačica otkad si bila.
0:08:03,0:08:03,"Jesam, da."
0:08:03,0:08:08,"To baš lijepo, baš mi je drago čuti kad je on neki dječji san, na kraju čovjek i živi."
0:08:10,0:08:13,Inače si podrijetlom Janijevka.
0:08:13,0:08:14,Jesam.
0:08:14,0:08:15,"Da se to kaže podrijetlom, da."
0:08:15,0:08:18,"Da, mislim, Hrvatica Janijevka."
0:08:18,0:08:25,Bilo mi je baš lijepo čuti sad krajem ljeta u Vukovaru na koncertu kako vas je Thompson najavio.
0:08:25,0:08:30,"sestru i tebe, naše Janijevke, naši Hrvati iz Janijeva."
0:08:30,0:08:32,Kako si se ti osjećala u tom trenutku?
0:08:34,0:08:36,Jeste li znali da će to tako ići?
0:08:37,0:08:40,On je zapravo nas pitao kako želimo da nas predstavi.
0:08:41,0:08:57,On stvarno ništa ne radi na svoju ruku i uvijek ono iskomunicira s nama i čak i neke stvari koje on zapravo želi na svom vlastitom koncertu uvijek na neki način s nama iskomunicira je li to nama moguće izvesti tako.
0:08:57,0:09:00,On uvijek ima onaj moment ako ti to paše.
0:09:01,0:09:17,"Tako da to mi je bilo baš jako lijepo jer ne znaju ljudi puno o Janjevcima i mislim da je to kao bila, ja bi rekla neka svojevrsna potvrda našeg identiteta, a mi smo Hrvati."
0:09:17,0:09:29,Mi smo Hrvati koji smo se u jednom trenutku u povijesti iz Dubrovnika preselili u Janjevo koje je malo selo na Kosovu.
0:09:30,0:09:36,"I to je zapravo prva Hrvatska, odnosno jedna od najstarijih hrvatskih dijaspora, ljudi to možda ne znaju."
0:09:37,0:09:46,I onda je zapravo s vremenom na neki način i došlo do potrebe za dokazivanjem identiteta.
0:09:46,0:09:57,"Tako da je nama to predstavljanje zapravo došlo kao ono, bila sam stvarno zahvalna i sretna da ne moram ja ljudima objašnjavati vući ih za rukave."
0:09:57,0:10:11,"I općenito, hipodrom, poziv na hipodrom nam je bilo ono stvarno trenutak u kojem je možda kao se ostvarilo neko Božje obećanje."
0:10:12,0:10:13,Da ono.
0:10:13,0:10:15,da ono napokon budemo u miru.
0:10:16,0:10:28,"I mi kao Janjevke i generalno naša zajednica, jer jako puno ljudi nam je javljalo porukama da je doživjelo kao nekakvo dubinsko priznanje i ozdravljenje."
0:10:29,0:10:30,Ja sad ježim dok ne.
0:10:31,0:10:32,"Ne, stvarno predivno."
0:10:32,0:10:46,"Jer ja se slažem s tim da vrlo često ljudi uopće nisu svjesni, ne znam zašto Janjevci općenito imaju nekakvu, kad, negativnu, ne znam ono."
0:10:46,0:10:47,Konotaciju nekakvu.
0:10:47,0:10:52,"Konotaciju, možda čak ne nužno negativnuno koliko pod nekakvim upitnikom, recimo."
0:10:53,0:11:01,"Ne znam jeste li to sami sebi skrivili ili jednostavno s pletom nekakvih stereotipa, ne znam pojma."
0:11:01,0:11:09,"Jer ja sad kad sam istraživala pred ovu epizodu, baš sam ostala ovako: pa čovječe, pa to je zajednica Hrvata katolika."
0:11:10,0:11:12,Prvo spominjanje je 1303.
0:11:13,0:11:24,Znači ono fakad davno i da ste se između pravoslavaca i muslimana i to kroz godine i godine osmanskih.
0:11:24,0:11:26,Hrvatskih osvajanja održali.
0:11:27,0:11:32,"I evo, ako se ne varam, to je trajalo do 90-ih, a onda je najmasovniji bio povratak nazad."
0:11:34,0:11:38,Ono zapravo treba skinuti kapu toj zajednici da je očuvala se.
0:11:38,0:11:42,I vjerojatno zato se i dalje držite tako zajedno jer drugačije ne bi opstali.
0:11:42,0:11:43,Ne bi opstali.
0:11:43,0:12:01,"I ja mislim da je to zapravo kako smo bili okruženi raznim i vjerama i ljudima i općenito mentalitetima, ti malo iskupljaš njihov način i možda zbog toga kad."
0:12:01,0:12:17,"dođeš u neku sredinu koja je čista, skroz, mislim po Zagrebu, ja ne bih rekla da ima skroz autentičnih ljudi, naprosto ti si kao čudan, možda malo, pogotovo u to vrijeme kad smo došli iz Janjeva."
0:12:17,0:12:39,"Jer to je ono što, ja bi rekla da je nas možda malo mučilo negdje jer ti kad si bio dole u Janjevu, ti si Hrvat, dođeš ovdje, pa nisi baš Hrvat kao, ljudi ne poznaju, mi smo kao djeca u školi imali možda nekakva izrugivanja."
0:12:40,0:12:42,Djeca su nekada u djeca.
0:12:43,0:12:49,Okrutna su ne zato što su okrutna nego zato što možda neke stvari ne znaju pa ono ispale ono što im prvo padne na pamet.
0:12:51,0:13:06,"Ali generalno naš govor je možda malo drugačiji, malo više drugačiji od standardnog književnog hrvatskog jezika, ali ti kad odeš u Bednju, mislim ajde ti spoji jednog hvaranina i bednjanca jel bi oni se uopće sporazumjeli."
0:13:06,0:13:08,"Ne, znaš."
0:13:08,0:13:13,Ali jednostavno vrijeme u koje smo došli je bilo onako škakljivo.
0:13:13,0:13:26,"I možda je više to bio nekakav nama nesigurnost, ali eto, opet s druge strane, bilo je jako puno janjevaca koji su još i prije rata došli, bilo je ono sedamdesetih godina, ja bi rekla."
0:13:26,0:13:33,"I onda smo imali tu već neke ljude koji su, ajmo reći, bili ufurani i mogli smo se osloniti jedne na druge."
0:13:33,0:13:45,"To je zapravo, ja bi rekla, najveća pozitivna slika janjevaca što bez obzira što se možda međusobno ne poznajemo, možemo se osloniti jedni na druge."
0:13:45,0:13:54,"Ja vrlo često se znam naći u situaciji da ne znam ljude, ali kad kažu da su janjevci ili kad ja kažem da sam ja, e odmah, a ti si naša."
0:13:55,0:13:57,Ili samo čuješ prezime već tjedno.
0:13:57,0:13:58,"Da, da, da."
0:13:59,0:14:12,"Ja imam taj stvarno problem, ne pamtim ljude, imena i te naše loze, treba mi malo vremena da povežem, ali nekako uvijek to su moji ljudi."
0:14:13,0:14:18,"Imaš osjećaj da su prošli, ako ništa drugo u duhu neke stvari koje si ti prolazio."
0:14:18,0:14:20,"A mislim, iz koliko godina si ti došla?"
0:14:21,0:14:25,"Devedeset dva, oko dvije i pol godine sam imala pril otprilike."
0:14:26,0:14:27,Da je došlo vrijeme.
0:14:27,0:14:30,"Mislim, možda je došla već u školu direktno da je to možda malo."
0:14:31,0:14:31,"Ne, ne."
0:14:31,0:14:39,"Recimo, moja sestra najstarija, ona je imala šest godina, ona je iduće godine kretala."
0:14:39,0:14:52,"Ona je možda malo više osjetila te neke stvari, a kako smo mi povezane, ja možda nisam od svog razreda doživjela kao nekakav, ajmo reći, buling, iako to nije bio buling u klasičnom smislu."
0:14:54,0:14:59,"Od nje sam osjetila jednostavno, huskužilo se da."
0:15:01,0:15:05,Jednostavno nije u potpunosti slobodna i samo preseljenje je već bilo dovoljan šok.
0:15:06,0:15:07,Mi smo se sad selili.
0:15:08,0:15:10,Seliš se s jednog dijela Zagreba u drugi?
0:15:10,0:15:12,Doslovno na 15 minuta razlike.
0:15:13,0:15:20,"Pa imaš ono, kažu da je selidba jedno od tri najstresnijih trenutaka u životu."
0:15:20,0:15:31,"E sad zamisli da se ti seliš iz nekog mjesta gdje si se rodio, prvih par godina djetinstva ti je kao najvažnije za sve, a ti u tom periodu se seliš."
0:15:31,0:15:42,"Znači, sigurnost, gubiš lop pod nogama, nisi svoj na svome, to ti nekako., ja bih rekla, možda i zauvijek ostane negdje u malom mozgu."
0:15:43,0:15:48,"Da, i još k tome se seliš u tim nesigurnim vremenima, značajno."
0:15:50,0:16:01,"A danas, je li ima nešto što čuvate iz janjevačke tradicije, nekakvu molitvu ili nekakav recept ili nešto što želiš očuvati među surovi i paziti na svoje djecom?"
0:16:02,0:16:12,"Naš zaštitnik je Sveti Nikola i onda imamo često Svetkovina i to je uvijek zbor pjeva i to ne stignemo uvijek otići, ali ono."
0:16:13,0:16:16,Kod naših roditelja dosta često se skupimo večer u Ljubavnu grobnicu.
0:16:17,0:16:18,To smo čak naučili od Crkve sv.
0:16:18,0:16:19,Nikola u Janju da je glavna.
0:16:20,0:16:21,"Da, da, Crkva sv."
0:16:21,0:16:21,Tam je ono.
0:16:22,0:16:25,To je sveti Nikola prije svjetog Ante.
0:16:27,0:16:35,"Uglavnom, ali ono što je specifično za janjevce, i ja bih to svakako naglasila, je to je da su jako muzički nadareni."
0:16:37,0:16:39,Pjevački pogotovo.
0:16:40,0:16:44,Jer pjevanje je nešto što ti je nekako iskonski.
0:16:45,0:16:49,"Možeš naučiti, svakako ja sam radila svoje dobno u školu."
0:16:49,0:17:00,"u školi pjevanja i može se naučiti, ali vokalna predispozicija i vokalna karakteristika to je nešto što se ne može naučiti."
0:17:00,0:17:00,To imaš.
0:17:01,0:17:12,"Ja se sjećam, naši roditelji su pjevali u mješovitom zboru Janjevo, ko klinke smo ih slušali, oni su zvučali kao profesionalci, a to su svi bili amateri."
0:17:12,0:17:22,"Mislim, profesionalac je vodio zbor, ali amateri u smislu školovanja, pa ja bi rekla sto posto da su bili svi amateri."
0:17:22,0:17:27,"Oni su zvučali, pa ja mislim da ja dan danas nisam čula takvu zborsku boju."
0:17:28,0:17:28,Kako je to bilo ono?
0:17:29,0:17:31,Bijeli anđeli također su poznati.
0:17:31,0:17:37,"Zapravo, to je zbor koji se zvao Vatroslav Lisinski, ali su ih kasnije proglasili bijelim anđelima."
0:17:37,0:17:41,"Ali oni su zvučali e, ali stvarno anđelski."
0:17:41,0:17:43,Da se to može negdje poslušati?
0:17:43,0:17:46,"Pa mislim da imaju oni, bum, bijeli anđeli."
0:17:46,0:17:59,"Ja sam ga doma imala, ova mi sad možda će me netko iskritizirati, ali imali smo CD na kojem je i naš otac pjevao i onda smo mi preslušavali kao čuj, tata nam je pjevao u zboru nešto."
0:17:59,0:18:04,"Ali onda kad smo poslušali kako su oni kao djeca zvučali, oni su išli na natjecanja, osvojili nagrade."
0:18:05,0:18:08,"Znači to je nešto što si naslijedila, ti i sestra."
0:18:08,0:18:09,"Pa jesam, da."
0:18:09,0:18:13,U principu i mama nam je isto talentirana za glazbu.
0:18:14,0:18:26,"U principu i s mamine i s tatine strane imam, sad ću ti reći, s tatine strane imam pet tetki, sa mamine strane imam dvije tetke i jednog ujaka."
0:18:28,0:18:30,Znači svi imaju sluha.
0:18:30,0:18:36,Ako nemaju baš onako istančan sluh onda imaju izvrstan osjećaj za ritam i to je ono što je.
0:18:36,0:18:37,Dakle kad se vi nađete.
0:18:40,0:18:43,"I onda vas je mama, vjerojatno, dala tu u glazbenu, što se krije u školu."
0:18:44,0:18:49,"Oni su primijetili da imamo glazbeni talent, čak, zapravo, ne, ovako je bilo."
0:18:52,0:18:55,"Že ožujka je bila, oni su starije od mene, ja sam treće dijete."
0:18:57,0:19:03,"Mislim, ja sam od Elizabete mlađa samo u godinu dana, odnosno bila jako vezana za mamu i tatu, pa nisam htjela valjda s njima ići još tako malo."
0:19:04,0:19:17,"Oni su još dok smo se prvi put doselili, tek doselili u Zagreb, časna sestra ih je čula, odnosno, vjerojatno sve nas kak smo glasili.no pjevale i onda je uzela njih dvije i krenuli su u zbor."
0:19:18,0:19:27,"Onda su išle na nekakve koncerte, ja sam ih pratila s vama i tatom, sjećam se kako je to meni djelovalo, kako su one dali, kako su one male, jer one to mogu, znaju."
0:19:29,0:19:40,"Jedva sam čekala da zapravo počnem s njima i onda smo došli u Dubravu, smo se doselili i tamo smo isto pjevale skupa u zboru i onda je krenula glazbena škola, obrazovanje."
0:19:40,0:19:48,"Elizabeta je završila akademiju, Đorđe i ja smo odustale na srednjoj školi, ali smo se nastavili baviti glazbom."
0:19:49,0:19:50,"pjevački, ako ništa drugo."
0:19:50,0:19:54,I u kojem trenutku ste shvatili da to sad bi mogao postati vaš posao?
0:19:54,0:19:58,"I to da vas četiri budete proizvod, ajmo tako reći."
0:19:59,0:20:00,To je dobro pitanje.
0:20:00,0:20:26,"Mi u principu, ja mislim da još uvijek nismo svjesni da mi možemo biti jako dobar proizvod, zato što je sve, mi znamo da smo kvalitetne, to je sigurno, ali nama je pjevanje kao dio života i ti uzmeš kao možda negdje kao zdravo zagotovo, jer kao to ti je dio to nešto prelako?"
0:20:26,0:20:27,To ti je prirodno.
0:20:27,0:20:33,"Znači, mi smo mislili da svi znaju pjevati, da svi znaju pjevati tercu, ali nije to tako."
0:20:33,0:20:49,"Jednostavno, ljudi idu, školuju se i nekome, neko završi akademiju da pritom nikad u životu nije otpjevao ništa u smislu pjevački, a kao vokalni aparat da zna, da ima pojam o pjevanju."
0:20:49,0:20:51,Nama je to bilo prirodno.
0:20:51,0:20:59,"Pogotovo kad bi stala jedna pokraj druge, to se boje poslože, to se frekvencije spoje."
0:21:00,0:21:01,Dan danas ono što.
0:21:01,0:21:16,"Danas, što više imamo nekih pauza između nasupa, to nam je svaki put neko veće oduševljenje i radost, jer nekako nam zatitra nešto unutar nas kad zapijemo sve skupa."
0:21:16,0:21:39,"Tako da, kad smo shvatili da bi to mogao biti proizvod, pa možda čak i nedavno, kad smo imali taj božićni koncert, zapravo prvi u Zagrebu, imali smo jako puno koncerata, znači, naš četiri smo snimale jako puno pjesama za druge izvođače za koje se uopće ni ne zna da smo mi pjevale, možda."
0:21:40,0:21:42,I kao Bek vokali i kao Lidvo vokali.
0:21:43,0:21:53,"Znači, prva dva albuma Božje pobjede smo otpjevale Đorđa, Liza i ja, pa jedno od dobrih šest sedam pjesama, kao Lidvo vokali."
0:21:54,0:22:02,"Hrpa albuma snimljeno, aranžirano, jednostavno mi smo stalno pjevale."
0:22:03,0:22:18,"A kad smo te dvije i trinaest izbacile taj cover božićni Where Are You Christmas, to je zapravo bilo jer smo htjeli sebi i našim roditeljima za uspomenu nešto kao osniviti."
0:22:18,0:22:20,I to ti je zapravo tu krenulo.
0:22:21,0:22:40,"Znači, odjednom su nas zvale televizije, novinari za intervjue, a mi onako gledamo: Pa Mihajla ima tu možda 11, 12 godina, teo, ne zna sada točno, ali mala je ono, pa nismo mi to tako mislili."
0:22:41,0:22:55,"Ivana i Marija Husar otkrile je Đorđu negdje u crkvi na misi svirala, ona je tu dosta pos potegla jer je bila i najstarija, ali jednostavno i ja vjerujem da je njoj talent da neke stvari ona probija."
0:22:58,0:23:20,"I onda su se ono krenule ponude, ona je dosta probila tu estradu, ja bi rekla prva je počela s tim bekovima, onda smo se nekako nadovezivale i paralelno s tim je krenuo, da me neko krivo ne shvati, procvat duhovne glazbe u Hrvatskoj."
0:23:21,0:23:23,Jako puno ljudi je i prije na duhovnoj glazbi radilo.
0:23:26,0:23:34,"Fidesa, žeteoca i grupa Emanuel je stara još prije 30 godina, možda ne znam sada točno brojke."
0:23:34,0:23:37,Ali je osjetilo se u jednom trenutku da se to idu u jednom smjeru nakon malo odgovora?
0:23:37,0:23:39,Nešto se konkretiziralo.
0:23:39,0:23:55,"Došli su ljudi koji su možda bili, pa ja bi rekla autentični za to nešto što se treba u tom trenutku dogoditi."
0:23:55,0:24:02,"Uz to ja volim naglasiti da je puno molitve bilo je bilo, to je izmoljeno."
0:24:02,0:24:12,"Znači nismo mi sad tu nešto specijalni bili, pa eto smo se pojavili, nego smo, naši talenti i darovi su bili u tom trenutku za to."
0:24:12,0:24:20,"Ali jako puno molitvenih zajednica je molilo za duhovni procvat općenito, a ne samo duhovne glazbe."
0:24:20,0:24:37,"A glazba je ona koja ide prva, koja otvara srca, tako da je možda to bilo više u fokusu, ali se puno molilo i puno šira slika je od samog pjevanja."
0:24:38,0:24:42,"O kojoj od prilike godine, sad govorimo dvije i možda pred koronu nekada, jel?"
0:24:42,0:24:44,"Ne, ne, ranije, ranije."
0:24:44,0:24:53,"Znači, ranije ti je to bilo, kamenita vrata su ti bila, prvi koncert na kamenitim vratima, to ti je bila dvije i četrnaesta godina, točno."
0:24:53,0:25:24,"Mi smo mi ono, pazi, skupljali smo se utorkom na molitvu Krunice, to je Alan poveo sa zajednicom srce Isusovo i organizirao se koncert, zašto ne bi, ono, uzeli profesionalni bend, ono, imamo pjevače, ono i Ivana je Marija Husar Alan, sad se ne mogu sjetiti tko je sve tu bio, svi su bili ono, više-manje utorkom dolazili i kreće koncert, znači ona ulica puna ljudi."
0:25:25,0:25:33,"Možete misliti, skupit će se ne znam koliko već ljudi dolazi utorkom na Morsku, skupit će se još neki prolaznici, znači more ljudi."
0:25:34,0:25:42,I tu je zapravo smo mi shvatili da se događa nešto što je iznad naših možda moći i očekivanja.
0:25:45,0:25:48,"A sad na stranu duhovna glazba, u kojem periodu ste vi počeli biti?"
0:25:48,0:25:56,"Može biti ono, praktički vodeći, prateći okali na našoj i komercijalnoj sceni."
0:25:56,0:26:05,"Da, vodeći pa unatrag, možda, ja bih rekla da se to sve paralelno događalo."
0:26:06,0:26:14,"Znači, uz duhovnu glazbu je naraso naš angažman i u svjetovnoj glazbi kao beckwhite."
0:26:14,0:26:27,"To je Đođa počela pjevati sa Cetinskim, nakon toga, prije toga smo imali angažmane sa Ivanom i Marijom i ko mlađe puno smo imali nekakve angažmaneane koje ono nismo gledali kao posao."
0:26:28,0:26:35,"Tom solo smo, mislim, pjevali na nekoj promociji knjige, još od dok smo ono uopće nismo ni znali čime ćemo se baviti."
0:26:37,0:26:44,I to je zapravo vrlo zanimljiv moment da je paralelno uz duhovnu glazbu rasao naš posao.
0:26:45,0:26:50,I onda smo jako nam je teško to bilo možda u nekim momentima razdvojiti.
0:26:50,0:27:14,"Morate odlučiti se u jednom trenutku za služenje, a ovdje je tvoj posao kao što svatko ima svoj posao, moraš zarađivati za život i ići u ured, ne znam, u dućan raditi, u butik, na faks, nešto, a nama još služenje i posao raste."
0:27:14,0:27:40,"Ljudi su prepoznali, zvijezde su prepoznale da mi to radimo iz ljubavi i jedno i drugo i možda smo negdje u njima probudili tu ljubav ponovno prema pjevanju jer mi smo ono, pjevale doma ako nam se da pjevati."
0:27:40,0:27:42,Danas nam se već nekad i ne da pjevati.
0:27:43,0:27:47,"Ali kad nam se da pjevati, onda nam se pjeva svim srcem."
0:27:47,0:27:50,"Ja ako se meni ne da pjevati, ja ti neću ništa otpjevati, sigurno."
0:27:50,0:27:51,Neću na silu.
0:27:51,0:27:55,"Ali kad dođem u trenutak da ću pjevati, onda je to stvarno iz srca."
0:27:56,0:28:03,I to su valjda osjetili s nama kako smo i mi zajedno rasli u tome i međusobno uvijek tu nekakvu iskru valjda zapalimo.
0:28:03,0:28:06,I to su onda zvijezde i prepoznale.
0:28:07,0:28:12,Jer mislim da nismo doživjeli da smo otpjevali prvi koncert.
0:28:13,0:28:18,"A da nam je neko rekao, možda bi mogli ovo malo bolje."
0:28:19,0:28:22,"Uglavnom su bile, wow, cure, ovo je bilo top."
0:28:23,0:28:28,Se nekad dogodi da zapravo beko kali moraju spašavati situaciju?
0:28:29,0:28:30,"Pa zna se dogoditi, da."
0:28:31,0:28:37,"Zna se dogoditi, mislim, banalna jedna stvar, zagrcneš se vlastitom slinom."
0:28:38,0:28:41,"To ne zvuči baš onako tako lijepo i popularno, ali dogodi se."
0:28:42,0:28:46,"Jer ti pjevaš i dok govoriš, se to može dogoditi, a kamoli dok pjevaš."
0:28:47,0:28:49,"Jednostavno, ton traje duže, automatski se."
0:28:49,0:28:53,tu događa nešto i sad ti skužiš i ti moraš biti budan.
0:28:54,0:29:00,Nešto se dogodilo i moraš osjetiti da ti je to dozvoljeno.
0:29:01,0:29:01,Isto.
0:29:03,0:29:13,"Jer nekad možeš uletiti u nešto što izvođač, kao lead vocal, može sam spasiti i okrenuti na svoju nekakvu šarm, priču, foru."
0:29:14,0:29:16,"I ako uletiš prerano, to isto može biti trik i moment."
0:29:17,0:29:18,Možda nije bilo potrebno.
0:29:19,0:29:24,"A opet s druge strane, primijetiti, aha, sad se nešto događa."
0:29:24,0:29:25,"Oké, to je."
0:29:25,0:29:26,"To je jako stresan posao, zapravo."
0:29:27,0:29:29,"Pjevaš, ali je stresno."
0:29:29,0:29:34,I ti ne možeš sa spikom opravdati zašto si nešto napravio.
0:29:35,0:29:35,"Da, da."
0:29:36,0:29:51,"Si imala neku borbu ega, na velikoj si pozornici, a opet si kao prateći vokal, a znaš da si kvalitetna, a tu si da pokrivaš, a zapravo bez tebe bi to bila ono šuplja prava."
0:29:52,0:29:52,"Da, da."
0:29:53,0:29:58,"Kako biti u miru sa sobom, da ono bitno sam tu sam, ali opet sam malo iza."
0:29:59,0:30:01,Meni je to svejedno.
0:30:01,0:30:03,"Je li općenito pratiš vokali, ili imaju problema s tim?"
0:30:03,0:30:04,Pa ne znam za druge.
0:30:05,0:30:14,"Ja mislim da oni koji su stvarno profesionalci, koji stvarno to vole zato što vole pjevati beko kali, nemaju uopće problem s tim, da pače."
0:30:16,0:30:26,"Ja osobno, ni moje sestre nemaju problem s tim, zato što smo svjesne da ono što mi radimo nije malo."
0:30:27,0:30:33,"Možda netko misli da beko kali ne znaju pjevati, pa sad eto tu smo ih gurnuli sa strane."
0:30:33,0:30:34,To naprosto nije istina.
0:30:35,0:30:36,"Ok, kad si profesionalac."
0:30:37,0:30:49,"Postoje ljudi koji možda pjevaju beck vocale jer imaju neku skrivenu želju biti glavni vokali nekad i onda su možda frustrirani, a to isto na neki način otkriva da i ne znaju taj posao u potpunosti."
0:30:50,0:31:02,"Da je taj posao dovoljno velik i dobar da ti možda u tom trenutku stvarno nemas potrebu biti naprijed, nego da pače imaš ti šta raditi cijeli koncert."
0:31:02,0:31:13,"Uopće nije dosadno i nosi svoje odgovornosti i vrlo, vrlo često, ne uvijek, ali zna biti situacija."
0:31:13,0:31:19,Situacija je da moraš imati neke vokalne sposobnosti malo šire.
0:31:19,0:31:21,"Znači, kao lead vokal, moraš biti specifičan."
0:31:22,0:31:27,"Jednostavno moraš biti prepoznatljiv, nerijetko moraš imati neku vokalnu anomaliju da te ljudi zavole."
0:31:28,0:31:37,"A kao back vokal, moraš imati prvenstveno raspon glasa, boju moraš znati složiti, nije svaki izvođač isti."
0:31:38,0:31:40,A ti se prilagodiš po izvođenju?
0:31:41,0:31:41,Apsolutno.
0:31:42,0:31:49,"Ako to ne možeš, onda si harmonijski potkovan, možda, ali nemaš specifikacije za back Beko Kala."
0:31:50,0:31:54,Već nisam znala da pjevač može promijeniti boju glasa.
0:31:54,0:31:54,Može.
0:31:56,0:31:57,"Ajde, nekuživa."
0:31:58,0:32:01,"Iz ono rašpa s tog u čisto ili šta, nekuživa."
0:32:02,0:32:09,Ja ću ti dati samo jedan primjer razlike između Nine Badrić i Ivane.
0:32:10,0:32:18,"Znači, Nina je jak interpreta, ona ima ono debelu glasnicu, čak malo ona gospel."
0:32:21,0:32:25,"Nju ne smiješ tamnit, nju trebaš malo posvijetlit."
0:32:25,0:32:26,kao bejzbol.
0:32:26,0:32:27,I ona to jako voli.
0:32:28,0:32:31,Automatski njezin vokal je kao.
0:32:33,0:32:36,"više dođe možda do izražaja, švicasti je."
0:32:37,0:32:40,Ona je pak toliko.
0:32:42,0:32:55,"Ona ima tako lijepu, čistu boju glasa da tu moraš paziti da ne upropastiš nešto što je iskonski baš onako jako čisto."
0:32:56,0:33:00,"Tu se baš moraš nalijepiti na nju, prilagoditi."
0:33:02,0:33:03,I meni je to baš izazov.
0:33:03,0:33:06,"Ja sam u jednom trenutku u ranoj fazi govorila, da to možeš predložiti."
0:33:08,0:33:21,"Možeš, iziskuje puno tijela, pjevačkog aparata, znanja, prilagodbe i prije svega ja mislim da to moraš stvarno voljeti, da mora biti guš da bi to radio."
0:33:21,0:33:23,Inače je to mučenje za vokal.
0:33:24,0:33:28,"Recimo ja imam pjevački, mi ništa nije problem."
0:33:28,0:33:40,"Meni je veći problem govor nego pjevanje u smislu promukneš, znači sama da puno govoriš može promuknuti, ali je više promuknenem u govoru nego u pjevanju."
0:33:41,0:33:46,"A kako čuvaš glas pred neki nastup, s obzirom da si majka četvero djece?"
0:33:47,0:33:48,Kako to možeš?
0:33:48,0:33:49,Može li se to?
0:33:50,0:33:52,"Kao djeca od danas, mama neće biti?"
0:33:52,0:34:03,"Ne, u principu, zapravo, vokalna higijena je jako bitna, puno tekućine, u nekim momentima stvarno moraš šutiti."
0:34:03,0:34:06,"Ja to sebi, nažalost, ne mogu priuštiti."
0:34:06,0:34:13,"Jer ja sad ne mogu, danas mi je koncert, ova mora pisati zadaću, ova mora na violinu."
0:34:14,0:34:19,16.000 puta i moraš reć po spremi stvari oprati zube i jesti to.
0:34:20,0:34:32,Jednostavno u stresu stvarno ne stigneš razmišljati o tome jer mi je vokalna pozicija govorna ovdje i hoću li ja sad ovako pričati što je zdravije ili sam ovdje.
0:34:32,0:34:37,"Ako sam umorna, automatski se spuštam dole jer jednostavno tijelo je."
0:34:37,0:34:49,"Ali je dobra stvar što spašava me pjevačka pozicija, automatski vikanje mi ide gore i ja vičem ovako i onda puno manje traume."
0:34:49,0:34:53,Traume idu na glasnice kožeš i tome recimo spašava.
0:34:53,0:35:01,"Spašava me utakmica u nogama, spašava me količina angažmana."
0:35:02,0:35:10,"Jer si onda, glasnica je mišić automatski što ga više koristiš, to će on biti jednostavno fleksibilniji."
0:35:12,0:35:14,"I na kraju krajeva, to je datost."
0:35:15,0:35:26,"Neke stvari jednostavno ti možeš vježbati, odraditi neku vokalnu vježbu savršeno kad dođeš u kontekst pozornice da se to sav sve poremeće."
0:35:26,0:35:32,"Ja znam ljude koji se savršeno upjevavaju, ali savršeno da je onak stvarno, i su se, ja to uopće mogu."
0:35:33,0:35:51,"Ali kad dođu u kontekst pozornice, tog stresa, lajta, vrućine, mislim, kad si na pozornici, jednostavno krv ti drugačije teče žilama, slinati po ustima drugačije kruži."
0:35:51,0:35:53,To je jedna sasvim drugačija disciplina.
0:35:54,0:35:56,Idemo mi dalje sa tvojim angažmanima.
0:35:57,0:36:00,Dotaknut ćemo se naravno hipodroma koji vas je nekako.
0:36:02,0:36:08,"Na jedan poseban način ipak lansirao, iako niste prije toga bile nepoznate."
0:36:09,0:36:15,"Ali prije samog hipodroma, po mojoj mišljenju, je li prije hipodroma došao poziv da snimiš spot?"
0:36:15,0:36:16,Je.
0:36:16,0:36:16,Ok.
0:36:17,0:36:25,"Za jednu, odnosno ti si utilovila jednu od najslavnijih ženskih povijesnih ličnosti, Katarinu Zrinski i Frankopan."
0:36:25,0:36:30,Kako se uopće dogodio taj poziv i nisi spomenula da si htjela biti glumica kad si bila mala?
0:36:30,0:36:31,"E da, bravo."
0:36:32,0:36:36,"Jesi li, toga nisam bila svjesna, to je vjerojatno negdje tinjalo u meni, ali."
0:36:38,0:36:43,"Sam gumila po predstavama, pa vjerojatno sam računala ako klikam da sam već gumica."
0:36:43,0:36:45,"Ona pjevačica, gumica, to se."
0:36:45,0:36:48,"Pa zna biti, sprema pjevati."
0:36:48,0:36:49,Ima poveznicu.
0:36:50,0:36:52,Ali otkud tebe u spotu?
0:36:53,0:36:54,To sam se i ja pitala.
0:36:55,0:37:03,"Ovako, baš sam došla u jedan određen period gdje sam jako puno radila."
0:37:04,0:37:13,"Znači, zadnjih četiri godine sam imala toliko puno angažmana da sam već mislila, okej, ja možda više i ne želim pjevati, možda mi je to puno.."
0:37:15,0:37:35,"Znači, samo u dvije, tri godine ja sam odradila sa svojim sestrama ovisnikom, kombinacija otprilike desetak arena, dvadesetak tih velikih masovnih koncerata, i bila sam baš jako, jako puno angažirana."
0:37:36,0:37:43,"Kako sam uspjela to s klincima, mislim da ću morati još malo razmisliti o tome jer uvijek me to pitaju."
0:37:46,0:37:49,I baš sam onako nekako počela.
0:37:49,0:37:52,Počela čeznuti za smirajem nekim.
0:37:54,0:38:08,"I došao je poziv od jednog redatelja, Marko Zeljković se zove, poznajemo se preko sestre iz krugova, on je znao snimati neke koncerte, Slavonac, jako otvoren tip."
0:38:11,0:38:20,"Nazvao me i rekao: Ej, Konka, ja bi ti glumio u Milanu, Katarin, u Thomson's Spotu?"
0:38:22,0:38:24,"Ja sam Zorak, da me zeza."
0:38:25,0:38:26,"Mislim, nije me zbog takvih stvari."
0:38:27,0:38:28,"O, i šalili smo se uvijek."
0:38:29,0:38:35,"I sve ovo, baš sad da bi si me nazvojio iz ničega i da mi nudiš takvu ponudu, nije mi to bilo uobičajeno."
0:38:36,0:38:40,"Ja kažem, ne, ti sad se šališ sa mnom ili?"
0:38:40,0:38:42,"Ne, ne, ne, ozbiljno."
0:38:43,0:38:45,"Pa reko, pošto ti ne možeš neku glumicu za to?"
0:38:46,0:38:50,"Pa kaže, imam, ali neću glumicu."
0:38:51,0:38:57,"I sad onak sto upitnika iznad moje glave, a meni u srcu i sve to je taj moment."
0:38:58,0:38:59,Ja ga poznajem.
0:39:00,0:39:01,Ja znam da je taj trenutak.
0:39:02,0:39:04,neki neobičan trebao doći.
0:39:06,0:39:12,"Ja sad onak još malo propitujem, pa zašto baš ja?"
0:39:13,0:39:18,"I kaže on meni, pa trebam i žena koja neće glumiti."
0:39:20,0:39:30,"Kaže, trebam ženu koja je izvana stroga i kamen, a srce joj se slama."
0:39:30,0:39:33,"I kaže, ok, hvala ti se, zašto nisi što meni?"
0:39:34,0:39:35,I kako to djeluje?
0:39:38,0:39:40,"Ja sam ona rekla, OK."
0:39:40,0:39:51,"Ako ti, ja stvarno cijenim njegov rad i znam da je veliki profesionalac, ako ti misliš da ja to mogu, onda je meni uopće glupo reći, e neću."
0:39:51,0:39:54,Jedino je pitanje oću li imati vremena za to.
0:39:54,0:39:56,"Ne brini, znači ti pristaješ."
0:39:56,0:40:02,"Ja kažem, pa mislim pristajem ono, da, valjda, znaš ono."
0:40:04,0:40:07,I bilo je zapravo u meni nekih sumnji.
0:40:08,0:40:16,"S jedne strane, sigurnost da je to nešto što, vjerujem da je Bog nekako ipak izražirao puno prije nego što sam mislila."
0:40:17,0:40:24,"S druge strane, nisu se pa ja trebam glumiti u spotu čovjeka koji je onako pod mikroskopom."
0:40:25,0:40:26,"Znači, zašto?"
0:40:26,0:40:39,"Ko to ima toliko povjerenje u mene da će staviti amatera, mislim, čak ne mogu reći niti da sam amater, nego sam pjevač i imati tako važnu ulogu i odgovornu ulogu."
0:40:40,0:40:45,"I ja kažem, ne znam šta trebam."
0:40:45,0:40:47,Kasnije kad sam čitala taj scenarij.
0:40:49,0:40:50,Ja rekao kako ću se ja rasplakati.
0:40:51,0:40:53,U scenariju je bilo kao da ću se rasplakati.
0:40:53,0:40:55,Kaže ne brinim vam ja svoje metode.
0:40:56,0:40:58,Kaže plakaćeš i skrišota je ovu poruku.
0:40:59,0:41:00,I skrišotala sam im.
0:41:01,0:41:02,I stvarno je tako bilo.
0:41:05,0:41:11,"Meni je to bilo, kažem, kao neko obećanje koje sam čekala."
0:41:12,0:41:17,"Zašto sam ga tako negdje dubinski, duboko, sigurno čekala, ne znam."
0:41:18,0:41:25,"Valjda to je neka čežnja u srcu, možda zato što sam htjela biti gumica kao mala, pa ono neki dječji neostvaren san."
0:41:27,0:41:34,"Sijelo mi je, znači kad sam poklopila slušalicu, pričam mužu, a nas dvoje oboje skačemo u dnevnom boravku od sreće."
0:41:34,0:41:38,"I nisam ti rekao, nisam ti rekao, djeca isto sa mnom skaču."
0:41:38,0:41:42,I to mi je baš bilo onako veliki izazov i veliko priznanje.
0:41:42,0:41:50,"Čak me Tomson pitao, Marko, pardon, više volim ga zvat imenom, jeste inače gumica."
0:41:51,0:41:55,"Ja kažem, se zalaže pitanje, jeseli ja to sad smijem reći?"
0:41:56,0:42:00,"Pa nisam, pa kaže, vrhunski si ono odradila."
0:42:01,0:42:02,Stvarno.
0:42:02,0:42:12,"I jako puno dobrih komentara sam dobila, ne od ljudi koji me vole, pa kao i oj moja frendice u spotu, nego od ljudi koji se stvarno bave i kamerom, i glumom, i snimanjem."
0:42:13,0:42:20,Jedan od komentara mi je bio nekako priznanje i baš mi je drago da sam to čula.
0:42:21,0:42:37,"Znači, najteže je transformirati emociju od ne znam, možda će sad to glumci iskritizirati, ali neko možda zamatera emociju iz oduševljenja."
0:42:37,0:42:42,"u tugu i kaže, ti si to tako odradila bez teksta pri tom."
0:42:43,0:42:47,Ti nemaš tekst koji će ti pomoći da nešto izgovoriš.
0:42:47,0:42:50,Onaj moment kada ona čeka da se on vrati.
0:42:53,0:42:59,I vidi konjanike i vidi da trči i vidi da nije on.
0:42:59,0:43:01,Ja sam točno znala šta trebam napraviti.
0:43:02,0:43:06,"Ali ja sad, da ja sad tebi objašnjavam šta sam napravila, nemam pojma."
0:43:06,0:43:13,Jesi imala nekakvu životnu situaciju kad si se možda tako slično osjećala pa idem si vratiti taj film?
0:43:13,0:43:16,Ili si pokušala baš biti tona u tom trenutku?
0:43:16,0:43:18,Baš sam pokušala biti tona.
0:43:18,0:43:32,"I ono što mi je super kod redatelja, on je rekao: ti si trenutno, ti si to nazorski tu, imaš djecu, imaš muža."
0:43:33,0:43:45,"Ja sam negdje možda pocvjesno ušla u ulogu kao prije toliko godina, ja svog muža iščekujem, a djeca su mi tu, šta ću im reći ako oni nisu ovdje."
0:43:47,0:43:49,I to je bio trenutak kad.
0:43:49,0:43:56,"Kad mi je neko od snimatelja, možda čak i izelja, viknuo, sad se slomi."
0:43:56,0:44:03,"E, ja sam doslovce, znaš ono kad srušiš domino, znaš ono pa sve ide."
0:44:03,0:44:09,"Ja sam spustila dole i doslovce, ali ja sam zbilja to proživjela i to mi je bio najveći uspjeh."
0:44:10,0:44:11,Da je baš to što kažeš bez riječi.
0:44:13,0:44:13,To nije lako.
0:44:13,0:44:16,Da je to prvi neki angažman glumački?
0:44:17,0:44:30,"Stvarno, ja se pitam kako uopće ući u lik žene koja vodi tolike borbe, ne znam, vjerojatno jesi čitala pismo?"
0:44:31,0:44:31,Jesam.
0:44:31,0:44:33,Koje ona zapravo nije nikad pročitala?
0:44:33,0:44:34,Uprotno.
0:44:35,0:44:37,"Mene je naprimjer to slomilo, ta činjenica."
0:44:38,0:44:42,To pismo mi je jako pomoglo da zapravo uđem u ulogu.
0:44:42,0:44:53,"Da bi ušao u ulogu, ja sad kao amater pričam u potpunosti, znači oprostite mi svi glumci ako nešto krivo govorim, da bi ušao u ulogu moraš ući u emociju."
0:44:54,0:44:59,"Da ja sad moram glumiti neku veselu, sretnu ženu koja možda to ne bi uspjela."
0:45:00,0:45:03,Ovo mi je uspjelo iz nekog razloga.
0:45:03,0:45:14,"Ja sam se suživjela s tom ženom i zbilja sam ono, meni je to jedno od najljepših ljubavnih pisama možda koje je nekome napisao."
0:45:14,0:45:37,"Znači pazi, on zna da će mu odsjeći glavu i on svoje žene, pa uopće ne razmišlja o svom strahu, pazi pri tom, ne razmišlja o tome, nego razmišlja o tome kako će se svojoj ženi ispričati za neke stvari koje on joj je sigurno, što je povrijedio, da mu ona oprosti, da ono pozdravi djecu, dali."
0:45:39,0:45:55,"Ja dok sam čitala, pitala sam se je li se čovjek u tom trolku stvarno tako osjeća ili iz ljubavi prema njoj želi nju osloboditi tog tereta da nije bio u strahu, da je on bio miran sa svojom sudbinom."
0:45:55,0:46:07,"Kao da je zapravo, naravno mi ne možemo to znati, ali kao da je iz ljubavi prema njoj čak malo pretirao u tome da je on apsolutno miran sa svojom sudbinom, da je on itd."
0:46:08,0:46:12,"Kao da ne želi njoj sjedati još da ona, što bi mi danas rekli, overtinka o tome."
0:46:12,0:46:27,"Da, ja mislim da., mislim sad ovo ne znamo kako, šta je čovjeku prolazilo kroz glavu, ali ja mogu sad to vidjeti kroz glavnog glumca koji je bio po meni savršeno odradio ulogu."
0:46:28,0:46:48,"Ja ne znam kako je Petar Zrinski preživio to, ali ako je moj kolega, ja ne mogu reći da mi je kolega jer nisam glumica, ali u tom trenutku mi je bio kolega Mladen Vulić, ako je on autentično njega prikazao."
0:46:50,0:46:52,A moj osjećaj je bio da je.
0:46:53,0:47:12,"Taj čovjek je u sebi imao takvu hrabrost da, evo dugo sam nakon toga razmišljala, kakav čovjek moraš biti, kakve sve vrline u sebi nosiš?"
0:47:13,0:47:21,"Znači, njemu su se ruke tresle, pazi, to je glumac koji je, sigurno sam ušao u emociju, on zna kako se to radi za razliku od mene."
0:47:22,0:47:27,"Ruke su mu se tresle, ali ne zbog treme jer mora glumiti negdje on bio unutra."
0:47:27,0:47:40,"Znači, kao žene sa overtinkanjem, jednostavno, teško mogu shvatiti muški mozak."
0:47:40,0:47:52,"Ali ja mislim da oni, zapravo ono što u srcu negdje nosi, njima se fizički to manifestira, ali i dalje ne razmišljaš o nekim detaljima koji sad ti sigurno neće pomoći."
0:47:53,0:47:54,"Da, da, da."
0:47:55,0:48:01,"Mislim da su takvi ljudi, takve ličnosti bili povijesno."
0:48:01,0:48:03,"Hromade, da."
0:48:04,0:48:09,Ali evo i Ana Katarina Zrinski nije bila pod nazivima samo njegova žena.
0:48:10,0:48:23,"Ona je zapravo bila osim što je bila spisateljica, upraviteljica imanja, pa obavljala i neke diplomatske poslove, pisala i usput imala četvero djece."
0:48:26,0:48:29,U čemu si sebe nekako prepoznala ako jesi?
0:48:31,0:48:32,Prepoznala sam.
0:48:32,0:48:34,"Ti isto, Hendla, šakupno toga."
0:48:34,0:48:35,"Da, okej."
0:48:35,0:48:37,Prije nego što nastavimo s razgovorom.
0:48:37,0:48:41,poslušat ćemo jedan kratki promotivni isječak i vraćamo se ubrzo.
0:48:42,0:48:50,Aplikacija e-duhovne vježbe pozivate da svaki dan zastaneš i dopustiš Božjoj riječi da unese mir u tvoje srce.
0:48:51,0:48:52,Što te čeka?
0:48:52,0:48:57,Duhovne vježbe koje prate sva važna razdoblja liturgijske godine.
0:48:57,0:49:03,Prijaviš se i svaki dan stiže ti novo razmatranje kojim vježbaš biti u Božjoj prisutnosti.
0:49:04,0:49:11,"Svakodnevni susret s Božjom riječju, misna čitanja i efa riječi, kratko razmišljanje uz Evangelije dana."
0:49:12,0:49:13,Veliki izbor.
0:49:13,0:49:19,molitava iz bogatstva katoličke tradicije za njegovanje tvojeg osobnog odnosa s Bogom.
0:49:20,0:49:25,"Počni već danas, besplatno preuzmi aplikaciju e-duhovne vježbe."
0:49:28,0:49:49,"Ja sam sebe prepoznala u njezinoj isto hrabrosti i usmjerenosti na zadatak možda kasnije kad su pogubili brata i muža, sigurno joj nije bilo lako.ako."
0:49:50,0:50:03,"Ali to iščekivanje, ta nada da će ipak biti dobro, evo recimo ja sam sebe tu nekako prepoznao, možda mi je zato bilo lako to odgumiti, lako."
0:50:06,0:50:14,"Po ovome što smo mogli pročitati o njoj, vjerujem da baš bila snažna, onako hrabra i stamena žena."
0:50:15,0:50:18,Ja vjerujem da su općenito biblijske žene takve bile.
0:50:20,0:50:25,Što vrlo često mi biblijske žene nekako.
0:50:29,0:50:37,"imaš osjećaj da su one bile blage, nekonfliktne, povučene, da ne znaju puno, nemoj me puno pitati."
0:50:37,0:50:43,Ja ne bih rekla da je Andrzej Gabriel došao nekoj slaboj ženici i na vijesti da će roditi Boga.
0:50:44,0:50:46,Evo iskreno to je moj osjećaj.
0:50:47,0:50:52,"Blagost je dar, to možeš imati, ali to ne znači da nisi hrabra."
0:50:52,0:50:53,Evo to je meni onako.
0:50:54,0:51:00,"Možda sad sam povezala vjeru i povijest, ali nekako sam vidjela u toj ženi."
0:51:01,0:51:07,"tu borbenost, volju i želju da neke stvari iznese."
0:51:09,0:51:21,"Nažalost nije dobro prošlo i ona je kasnije, ajmo reći tragično završila, ali njezin trag je ostao."
0:51:22,0:51:23,"Da, svakako."
0:51:26,0:51:30,"Da, ovo mi je čak zanimljivo kako si to povezala sa biblijskim ženama, ima tu te sličnosti."
0:51:33,0:51:41,"Mislim, vrlo često su žene, kako si rekla, biblijske žene zapravo povijesne., također na svoj način, i možemo isto naučiti mnogo."
0:51:44,0:51:45,"Ništa, idemo dalje na hipodrom."
0:51:45,0:51:48,"Iako vam sad još tu sto pitanja, ali idemo dalje."
0:51:49,0:51:53,"Ne, predivan mi je i taj spot, i ti u njemu."
0:51:54,0:51:56,"Daj mi još samo malo, kako su tekle te pripreme?"
0:51:58,0:51:59,Kostimografija.
0:52:00,0:52:01,"Ajde, pa ćemo onda ići dalje."
0:52:03,0:52:10,"Došao sam tamo u Ozoalj, u dvorac, i oni su mi dali originalnu haljinu, a ne Katarine Zrnski."
0:52:10,0:52:13,Ja imam osjećaj da kad sam to obuhla da sam odmah ušla.
0:52:13,0:52:14,u ulogu.
0:52:14,0:52:17,"To mi je bilo takvo, baš mi je to bilo onako."
0:52:18,0:52:25,Bila sam užasno ponosna i kao koja čast nosim haljinu od Ane Katarine Zrnski.
0:52:26,0:52:28,"Bože, čime sam ja ovo zaslužila?"
0:52:29,0:52:36,"I to mi je onako, baš sam bila evo, sretna i ponosna, opet kao nekakav krunidba i neko priznanje."
0:52:38,0:52:48,"Aproponom onog što sam pričala o Janjevcima, i bila mi je malo trema."
0:52:48,0:53:02,"Malo treba jer nisam ja zapravo istraživala samo o njoj, ali zapravo povijesno ne znam puno toga i neke stvari možda nisam imala dovoljno vremena niti za istražiti, a i nažalost brzo zaboravljam."
0:53:03,0:53:08,"A i od brzine života, vjerojatno nekako ne stigneš toliko uče u neke stvari."
0:53:09,0:53:18,"Ali nekako hodaš po tim prostorijama, po našim onim mjestima gdje se stvarno to odvijalo."
0:53:19,0:53:24,"Znači, moraš odraditi scenu koja je ono o kulturi zapravo."
0:53:25,0:53:25,postoji.
0:53:29,0:53:44,"Jako, jako puno mi je pomogao Mladen Volić jer baš me stavio u ulogu i dao mi je mogućnost da stvarno to probam proživjeti."
0:53:44,0:53:45,I zbilja sam bila tu.
0:53:46,0:53:48,Pitaš me kakva je bila priprema.
0:53:48,0:53:53,Zapravo nisam znala kako bi se pripremila jer ja ne znam šta glumci rade dok se pripremaju.
0:53:54,0:54:00,"Ali evo, obzirom da radim posao sličan, znaš da se treba šična šminkat, znaš da."
0:54:01,0:54:02,moraš staviti tu kosu.
0:54:02,0:54:08,"Ja sam bila ono, ako otprilike neka tamna plavuša, a oni trebaju crnu ženu."
0:54:08,0:54:14,"Brzo moraš naći neko koje će ti, ja sam već bila spremna da ću se morati farbat, sa sreća nisam."
0:54:16,0:54:24,"Našla sam ženu koja mi je stavila te neke pletenice u umjetnu kosu, pa mi je splela kosu tako da bude što autentičnije tom vremenu."
0:54:25,0:54:33,"Ono što mi je bilo teško podnijeti, što nisam, u principu nije bilo tada šminke."
0:54:33,0:54:35,"Možeš li ja reći, nema trepavica?"
0:54:35,0:54:36,Nema trepavica.
0:54:37,0:54:39,"Draga moja, ideš kakva ideš?"
0:54:39,0:54:44,Pritom sam imala upalu pluća dok sam snimala ovaj spot.
0:54:44,0:54:50,"Edo dolazim k vizažistice i kažem, stara, ja ne znam kako će ovo, znači imam upalu pluća."
0:54:50,0:54:54,"Pa odlično, i izgledaš bolesno, a ne baš biti tužna."
0:54:55,0:54:59,"Ne baš biti tužna i blieda, i ne moram te puno šminkac zbog toga."
0:55:00,0:55:03,"Znači, doslovce mi je stavila puder za kameru."
0:55:06,0:55:13,"Šta mrvicu maskare, čak mi je potamnjila možda, da, potamnjila mi."
0:55:13,0:55:16,obrve kao da to gleda malo prema dole.
0:55:16,0:55:20,"Prije su žene se obrave prema dole, šmikale neptalno prema gore."
0:55:21,0:55:25,"I stavila mi je nekakav suhi, suhi ruž."
0:55:27,0:55:31,Doslovno se mi utapkala na usne i rekla to je sve.
0:55:34,0:55:36,"Oke, mislim, ovo je moja uloga."
0:55:37,0:55:37,"Da, da, ne."
0:55:38,0:55:40,Izgledala si jako autentično.
0:55:41,0:55:43,Jako puno ljudi me uopće nije prepoznalo.
0:55:45,0:55:53,Što mi je zapravo dobar znak da sam očigledno dobro odradilailo posao i naravno ne povezuje me kao glumicu jer sam pivačica.
0:55:57,0:56:00,"Hipodrom, pola milijuna ljudi, ti je trudna, of."
0:56:03,0:56:07,"Za problem je najfascinantnija ta zadnja činjenica, ti je trudna na hipodromu."
0:56:08,0:56:11,"Je li te brinulo, kako ćeš iskandrati to, mislim?"
0:56:12,0:56:22,"Pa lagala bih, kad bi rekla da me nije brinulo, pogotovo obzirom na medijski pritisak, apokaliptične prognoze."
0:56:22,0:56:30,"Mislim da se tek prihvatile taj angažman.u vjerojatno još se nije ni naziralo to kako će biti, da li lahaj kako toga plašenje."
0:56:31,0:56:32,"Da, nije još bilo."
0:56:34,0:56:39,Meni je već bilo sasvim dovoljno uopće prihvatiti angažman trudna.
0:56:39,0:56:39,Zašto?
0:56:39,0:56:42,"Jer ti kad si trudna, ti ne znaš šta te čeka."
0:56:42,0:56:48,"Znači, to može biti jedna vrlo lagana trudnoća, Bogu hvala, prošlo je tako kao i ostale."
0:56:48,0:56:50,Ali može doći do nekih komplikacija.
0:56:51,0:56:52,Šta ti uopće znaš?
0:56:53,0:57:04,"Mi smo sjeli sa timom i porazgovarali i rekli, gledaj, ja sam trudna, ja ne znam što će se dogoditiio možda dan prije, mlade Bože, da završim u bolnici."
0:57:07,0:57:13,"Naravno, to, ali oni su ono rekli, sve ok, imaš druge sestre, Bogu hvala ima nas."
0:57:14,0:57:21,"I s te strane mi je bilo kao, ok, nije toliki pritisak na meni, iako ja sam be perfect, ja moram tu biti."
0:57:21,0:57:27,"Ako sam ja rekla, ću ja tu biti, ja ću tu biti, kakva takva i ja ću to odraditi."
0:57:28,0:57:32,"Bogu hvala da je sve dobro prošlo, ali stres je bio veliki."
0:57:32,0:57:36,Ono što me negdje kao majku zapravo.
0:57:37,0:57:46,"Možda je to neopravdan razlog, ali meni je bio u tom trenutku kad si trudan, svašta te mori i o svemu i svačemu razmišliš."
0:57:49,0:57:51,Oće li se dijete tu oštetiti sluh?
0:57:52,0:57:53,"Mislim, to su decibeli."
0:57:53,0:58:01,Nije čak problem hipodrom bio jer mi smo na velikom stežu jako udaljeni jedni od drugih i imamo slušanje iner.
0:58:02,0:58:06,"Znači, nije buka oko mene u smislu."
0:58:07,0:58:07,Glazbe?
0:58:07,0:58:09,"U smislu da, instrumenta glazbe."
0:58:10,0:58:12,Čak sam se više bojala publike koje.
0:58:12,0:58:17,"Njegova publika je izuzetno glasna, izuzetno glasna."
0:58:17,0:58:18,"Znači, preko slušalica ih čuješ."
0:58:20,0:58:28,"Ali, više te probe, jer ti nimaš probava one koje su jako velike, u kojima si udaljen od muzičara."
0:58:29,0:58:42,"Znači, ja stojim satima ispred, pa tri, četiri metara, udaljena od pojačala gitarskog i bubnja koji ono, ono svira kako treba svirati, profesionalac."
0:58:42,0:58:44,"Znači, nema, sad ću ja malo svirucat."
0:58:44,0:58:50,"Sviraš svaku probu, pjevaš svaku probu jednako glasno i jednako angažirano kao na koncertu."
0:58:51,0:58:52,Jer nema čuvanja tu.
0:58:53,0:59:03,"I, Bogu hvala, imala sam izvrsnog ginekologa, stručnjaka koji se bavi time već ono 40 godina."
0:59:04,0:59:08,"Meni je smiješno bilo kad mi je sestra rekla, pitaj ti njega šta on misli o tome."
0:59:09,0:59:13,"Na tip jaš je rekao, našta Liza, smiješ, ja ću ga svakako pitati."
0:59:13,0:59:18,Ali ja sam sigurna da on nije imao trudnicu koja je pjevala pred 500.000 ljudi.
0:59:20,0:59:25,"Samim time, ni ja ne znam šta me čeka da bih ja njemu mogla reći, e to i to će biti."
0:59:25,0:59:40,"I onda me on malo utješio, rekao je da u principu da nema brige, što je logično, imaš kožu pod kožu, mišićni stup, plodna voda, dijete je zaštićeno."
0:59:40,0:59:42,"Eventualno što on može osjetiti, tvoj stres."
0:59:44,0:59:49,Ali treća trudnoća mi je bila stresna jer sam imala dvoje male djece.
0:59:50,0:59:56,Možda je to gore bilo ono za to dijete koje sam u tom trenutku nosila.
0:59:59,1:00:00,Tako da sam se tu smirila.
1:00:00,1:00:04,I baš onako zanimalo me to jer postoje nekakva istraživanja.
1:00:04,1:00:17,I onda je on rekao da zapravo bi bilo neetično izlagati sto trudnica određenoj decibelaži da bi mi sad otkrili da li to ima nekakav utjecaj na plod u tom trenutku.
1:00:18,1:00:31,"Tako da sam zapravo ušla s povjerenjem jer sam i morala sam ostati u tom povjerenju i Bogu hvala, stvarno imam taj moment u svojoj glavi da ako sam tu, ja sam sada tu."
1:00:31,1:00:37,"Ja sad u ovom trenutku ne razmišljam šta će biti, ako će biti, gdje su."
1:00:37,1:00:38,Gdje su mi djeca?
1:00:38,1:00:40,"Ja sam sad tu u ovom trenutku, ne mogu pomoći."
1:00:40,1:00:44,"Eventualno se javiti na telefon, ali na hipodromu se ne mogu javiti ni na telefon."
1:00:44,1:00:48,"Znači, onda je bilo šta ako mi pukne vodenjak."
1:00:48,1:00:49,Tog si na pozornici.
1:00:51,1:00:52,"Znači, dičemo mi se."
1:00:52,1:00:53,A koliko si bila pred terminom?
1:00:54,1:00:56,Pa imala sam ja još dva mjeseca.
1:00:57,1:00:57,Da.
1:00:57,1:01:00,"Dobro, ali gleda, ove zadnje četiri rotka sam bila."
1:01:01,1:01:03,"Naš, treće tromjesečje."
1:01:03,1:01:05,Ja mislim da je veći problem bio Sinj kasnije nego.
1:01:06,1:01:06,U kojem smislu?
1:01:07,1:01:08,Sinj u smislu.
1:01:08,1:01:08,A Sinje.
1:01:09,1:01:09,"Da, Sinj."
1:01:10,1:01:10,Jer.
1:01:11,1:01:12,Ali ti si već bliže.
1:01:12,1:01:16,"Bliže sam, gužve su bile, Sin je drugačije bio organiziran."
1:01:17,1:01:25,"Ali dobro, čovjek i gledao, ne mora reći toliko ekstremnu situaciju, ali da ti dođe loše, da ti jednostavno da si preumorna."
1:01:26,1:01:28,"Je li bila neka opcija da ne znam, sjedneš ili da."
1:01:28,1:01:48,"Pa rekao mi je ovako, tjedan dana pred Hipodrom, zagrebački, se beba spustila malo previše i on mi je rekao ovako, ti tamo tražiš nekakvu fotelju, znači ne stolac nego fotelju."
1:01:49,1:01:55,"I ovim riječima, moraš ili ležati ili sjediti kao selski džulkoš."
1:01:57,1:02:00,A ja sam okružena muškarcima.
1:02:00,1:02:02,"Znači, kako ću to uopće iznijeti?"
1:02:02,1:02:05,"Doslovce se ono, ljudi, oprostite, žao mi je."
1:02:06,1:02:13,"Znači, ja sada moram, ne zbog mene, ležati ću, pjevaću, dobro, bilo je momenta da ustanem se i sve."
1:02:13,1:02:24,"Samo je bilo bitno da ja ne sjedim, ne stojim više sati u komadu što mi se događalo na probama, zbog toga se beba ispustila."
1:02:24,1:02:41,"I to mi je bilo malo ono, tu me počeo malo kao prat strah i nervoza, ali naravno smo dogovorili pregled dva dana prije i obzirom da sam stvarno slušala savjete, ležala maksimalno ono koliko god mogu, beba se vratila."
1:02:42,1:02:42,Aha.
1:02:42,1:02:44,Beba se vratila na svoje mjesto i to mi je bilo na umu.
1:02:45,1:02:52,"Pa što sad razmišljam, dragi muški, evo o čemu jedna žena uz sve drugo mora razmišljati pred svoj nastup i za pola milijuna ljudi."
1:02:52,1:02:59,"Dok gledam dečke koji ono samo si navuku majicu koju im je žena spekla, ali dobro, ne mora nužno značiti."
1:02:59,1:03:00,Ali znaš ono?
1:03:01,1:03:19,"Daj mi reci, bilo je još tako nekih zakulisnih stvari koje mi ovako ne vidimo kad iziđe se na stage, ili bude nekih trzavica malo, pogotovo jer ste sestre, evo primjerice između vas četiri, pa ste sigurno malo i opuštenije u izrečaju jedna prema drugoj, ali bude nekih kulminacija."
1:03:20,1:03:32,"Budemo slobodne, ovako, što se tiče svađanja, prije smo se puno više svađale, ali sad smo skužile da nam prođe vrijeme, stvarno na..."
1:03:33,1:03:36,"A najčešće se posvađaš, evo ti znaš, imaš puno sestara."
1:03:36,1:03:39,Ose stara oko totalne gluposti.
1:03:40,1:03:43,I onda smo počele kužiti gdje su triggeri.
1:03:44,1:04:00,"Aha, ok, ona je nervozna, dobro, ja sam isto nervozna, isto me stres pere, ali možda se u ovom trudku mogu sad malo iskontrolirati pa ću reći, ili ono što je jako važno, reći, oprosti, nisam tako mislila."
1:04:00,1:04:09,"Znam da ti je teško, ali isto tako je važno, ako imaš frustraciju, važnije ju je izgovoriti nego prešućiti."
1:04:09,1:04:12,"Ok, bitno je birati način, ali nekad."
1:04:12,1:04:18,Ali nekad je veći problem prešutiti frustraciju jer će onda u stresu kasnije izaći puno gore.
1:04:19,1:04:37,"Kao što je, ne znam, evo glumcima jako važno ako me uhvati smijeh na pozornici, ja ću sad se nasmijati pa ću to nekako barem dio toga ispustiti van da me ne opere takav smijeh jer ću morati otići pozornice naprosto."
1:04:37,1:04:47,Tako da u principu za hipodrom konkretno stvarno nije bilo nikakvih razmirica.
1:04:48,1:04:49,Evo vam je bilo stresno ono što je.
1:04:49,1:05:00,"Bilo je stresno ono što se u medijima počelo pojavljivati, odnosno u jednom trenutku su svi živi i samo pričali o opasnostima, da će biti praktički apokalipsa, da ne, ne koncert."
1:05:00,1:05:13,"Znam da su neki govorili imajte papirić sa svojim osobnim podacima, neće biti signala, neće biti ne znam, pola grada je otišlo iz grada, što je na kraju super ispalo, što je prazan grad."
1:05:13,1:05:14,"Odlično, da."
1:05:14,1:05:17,Je li vas bilo strah da se neće što dogoditi?
1:05:17,1:05:19,Pa podsvjesno je.
1:05:20,1:05:24,"Sigurno, to zapravo kad padne stres, kad prođe neko vrijeme."
1:05:24,1:05:31,"Neko vrijeme kad ti zapravo i pročitaš, u to vrijeme nismo čitali baš puno medije, jer."
1:05:32,1:05:36,"Ne znam da je to bilo tamo gdje idem sad, zašto to uopće radiš."
1:05:37,1:05:45,Ali s vremenom zapravo skužiš da si zapravo cijelo vrijeme trpio više nego što si zapravo bio svjestan.
1:05:46,1:06:00,"Bilo je stresno, bilo je sam zadatak da ti uopće uzmeš, odbaciš činjenicu da će tu biti puno ljudi, da ti imaš zadatak profesionalno odraditi svoj posao."
1:06:00,1:06:03,"Da li je to pred dvad 20 ljudi, pred pola milijuna ljudi."
1:06:03,1:06:05,"Ti stojiš na pozornici, ti si izložen."
1:06:06,1:06:20,"I svatko od onih ljudi koji stoji ispred tebe ima pravo na svoje mišljenje, ima pravo misliti što god želi o tebi, donijeti nekakav zaključak, možeš mu se sviđat, ne sviđat."
1:06:20,1:06:25,"Mislim, to je u startu, ovaj posao je javan, u startu je stresan."
1:06:26,1:06:30,"Druga stvar, ja nikad u životu nisam pjevala na hipodromu pred puno ljudi."
1:06:31,1:06:33,Šta ako mi se ne znam nešto sa slušanjem dogodi?
1:06:33,1:06:36,"To uvijek bude, ali je veća odgovornost."
1:06:37,1:06:41,"Veći pritisak, više ljudi, veća pozornica, veća odgovornost."
1:06:44,1:07:24,"Ono što mogu zahvaliti dragom Bogu jer ono nekako je tabao put prije ovoga, jako puno iskustva smo imali, znaš reagirati u nekim situacijama, znaš kako dati signal da nešto nešto ima, znaš koga upozoriti, primijetiti neke stvari koje uopće ni ne znaš da primijetiš, jednostavno ti je to postalo dio tebe i to je recimo mi puno pomoglo.lo i kad me ljudi pitaju kako je stati pred 500.000 ljudi, ja imam oko može vidjeti do određenog dijela, ja mogu vidjeti ne znam do 500.000 ljudi."
1:07:25,1:07:29,Tako da mi je zapravo s te strane isto dok se ne popale svjetla.
1:07:29,1:07:43,"Recimo, sad kad smo u Vukovaru bili, Marko je rekao da upale je svjetla na onoj pjesmi, samo je ljubav tajna dva i svjetova i to je baš jako lijepi moment."
1:07:45,1:07:56,"Ja onako gledam, valjda kako sam prošla sve te silne stvari stresove, sad je možda malo manje stresno i više sam fokusirana na ono, budi u trenutku, budi tu."
1:07:57,1:08:02,"Gledam, stotisoča ljudi i su se koliko je ovo ljudi."
1:08:03,1:08:08,"I onda samo onaj idući moment, a na hipodromu je bilo puta pet."
1:08:10,1:08:14,"Znači, ja nisam još neke stvari u sebi razradila."
1:08:15,1:08:24,"Tek sad zapravo vidim šta se događalo, koliko je to bilo veliko, koja je to odgovornost bila i paralelno što si rekla, trudnoća u slo sve."
1:08:25,1:08:31,Znači imala sam dva valjda možda najvažnija zadatka u svom životu.
1:08:32,1:08:35,"Mislim, ne možda sigurna sam da ja ne znam šta je više nakon ovog mogu."
1:08:38,1:08:38,Nikad ne znam.
1:08:38,1:08:39,Odraditi.
1:08:39,1:08:40,Ali za sad?
1:08:40,1:08:40,Upravo to.
1:08:42,1:08:49,Koja je najzahtjevnija pjesma iz tog opusa koju izvodiš sa Tompsonom?
1:08:49,1:08:50,Dobro pitanje.
1:08:50,1:08:52,"I odmah ide u nastavku, a koja je tebi najdraža?"
1:08:53,1:08:54,Jer možda je to ista.
1:08:56,1:09:03,"Oke, najzahtjevnija, koja je dobro pitanje?, više uopće nisam razmišljala o tome da ću mi pitati."
1:09:04,1:09:06,"Možda negdje da imaš onaj solo, neki dio."
1:09:07,1:09:08,Tu mi je najveća odgovornost.
1:09:11,1:09:12,Neću izdati ja.
1:09:13,1:09:14,To mi je najveća odgovornost.
1:09:15,1:09:25,I tu u tom trenutku prestajem na neki način biti pjevač profesionalac i osjećam da moram donijeti nešto drugo.
1:09:25,1:09:28,"Taj dio koncerta je zamišljen kao, ajmo reći, duhovni."
1:09:29,1:09:36,"I to je, ja to gledam kao određeno poslanje, kao neki mir koji se treba spustiti."
1:09:41,1:10:01,"S jedne strane mi je to i odgovornost velika, a s druge strane je nekako neki meni logičan slijed obzirom da radim taj posao i svjetovni, ali opet se bavim duhovnom glazbom i vjerujem mi je prva na listi najvažnija od svega."
1:10:02,1:10:12,"Ono što Bog želi od mene i šta Bog želi sa mnom napraviti, mislim da zapravo ne mogu mu dovoljno biti zahvalna za."
1:10:13,1:10:18,"Za poslanje koje mi je, hajmo reći, dao."
1:10:18,1:10:35,"Tako da neću izdati ja, mi je možda nekako najveća odgovornost, a ne diva Grabovčeva mi je onako velika pjesma, Oluja, tu me ponos pucao na najjače."
1:10:36,1:10:42,"Ima jedan stih, dajte mi komad zemlje svete, zemlja je i mati i djete."
1:10:43,1:10:58,"Valjda zato što sam u ovom periodu bila trudna i sve, uvijek mi je zvonio taj stihh, ali dan danas mi je ono, to je tako jedna jednostavna, a velika slika."
1:10:59,1:11:02,"Baš mi je ono, svaki put se naježi, dolazak Hrvata."
1:11:02,1:11:16,"Moja djeca, što mi je jako simpatično, pjesme uopće ne nazivaju kako se zovu, nego tako uhvate neki stih i onda kažu upale mi onu, moj mali, mlađi kad kaže upale mi onu utamnici tvoj subojnic."
1:11:18,1:11:18,Pre slatko.
1:11:20,1:11:21,Pa zašto je najveći problem?
1:11:22,1:11:24,Zapravo Miko Bekvokali.
1:11:25,1:11:30,"Ne pjevaš od početka do kraja pjesmu, nego piješ, zato vjerojatno i pamtim momente stihove."
1:11:30,1:11:36,"Sada ti moram reći kako počinje pjesma, uf, morala bih, da je malo."
1:11:37,1:11:37,To nije moj posao.
1:11:38,1:11:42,"Da, iako bi bilo super, super, zato imamo tekstove."
1:11:42,1:11:44,"Ako se izgubi, ti zapravo pjesmu znaš."
1:11:45,1:12:01,"Vrlo često se nađeš, ne znam, ok, ne u slučaju Hippodroma i Marka, ali na nekim tonskim probama gdje izvođač trenutno snima neku emisiju za najavu koncerta i ti zapravo odradiš tonsku probu za njega."
1:12:01,1:12:04,"I onda skužiš da, ha, dobro, ja ipak znam pjesmu od početka do kraja."
1:12:05,1:12:10,"Samo što u tom trenutku ne razmišljamo o tome, jer to što kažeš nije moj posao."
1:12:10,1:12:10,"Da, da, da."
1:12:11,1:12:16,"Bilo mi je jako čak simpatično, u jednom trenutku se ja, mislim, Marko Perković, to mu sam malo zbunio."
1:12:17,1:12:24,"I tek mi je u tom trenutku pala na pamet, čovjek pjeva već tri sata i sam ono do sad gdje je sve bilo tip top."
1:12:24,1:12:26,"Skužiš, ajme to fakati, ide live."
1:12:27,1:12:35,"On se samo tu nešto malo kao, mislim, baš ta neka stara pjesma tipa ono iz 9 sela ili ne znam."
1:12:35,1:12:36,Baš na hipodromu da ne mogu sjediti.
1:12:37,1:12:46,"Znam zato što smo svi mi slušali sad par puta kad si piše od Metkovića do Zagreba, onda si moj Ivan pusti taj cijeli koncert."
1:12:46,1:12:50,"I onda nekako i taj put brže prođe zato što nešto se događa, ti si na koncertu kao."
1:12:51,1:12:52,I sad već i ja znam ono.
1:12:53,1:12:56,I fora mi je što onda moja djeca ponavljaju po doma.
1:12:58,1:13:00,"Bože, raje kakav je ovaj dio što je Petar Bulja rekao."
1:13:01,1:13:02,Ja i moj dom.
1:13:02,1:13:03,Ja i moj dom.
1:13:03,1:13:05,"Ja onako naš meni isto, srce puca od boga."
1:13:05,1:13:07,Samo moja djeca idu po doma gore.
1:13:07,1:13:08,Ja i moj dom.
1:13:08,1:13:09,Služit ćemo Bogu.
1:13:11,1:13:12,"Možda ne znate točno što pričate, ali."
1:13:15,1:13:15,To je jako dobro.
1:13:16,1:13:17,To je jako dobro da se dogodilo.
1:13:17,1:13:22,Znam da ti je Petar bio tu i da ti je pričao kako je to izgledalo i da to zapravo nije bilo planirano.
1:13:22,1:13:26,I ja vjerujem da je to isto Bog iskreirao.
1:13:28,1:13:35,"Kako pomiriti to da, evo spominjala si poslanje i koliko ti je bitna vjera, duhovna glazba itd."
1:13:36,1:13:38,A opet da je to i izvor prihoda.
1:13:38,1:13:43,"Je li to zabranjeno, se to kosi jedno s drugim ili kako ti na to gledaš?"
1:13:43,1:13:44,To je dobro pitanje.
1:13:47,1:13:57,"Kad je nešto humanitarno karakterističnoa, ako ti želiš, uvijek možeš donirati."
1:13:58,1:14:07,"Znači, mi kao vjernici imamo zapravo dužnost davati kao desetinu crkvi."
1:14:08,1:14:24,Da li će ta desetina crkvi značiti da ću ja ubaciti u škrabicu za vrijeme mise ili ću ja dati nekom siromašnom ili ću otpjevati koncert pro bono?
1:14:25,1:14:29,"To je, ja mislim, stvar koju mi trebamo s Bogom dogovarati."
1:14:30,1:14:31,To je naša dužnost.
1:14:32,1:14:41,"Znači, jako puno ljudi uopće ni ne zna da treba davati desetinu, a vrlo često će osuditi izvođače duhovne glazbe da zarađuju od duhovne glazbe."
1:14:42,1:14:52,"Ne zarađujem ja od duhovne glazbe, ja zarađujem od pjevanja, a duhovna glazba je ono što Bog je kroz nas radi."
1:14:54,1:15:07,"Tako da ono kako se rekla, da kao zapravo ti živiš od pjevanja, a zapravo to što ti biraš pjevati baš tu vrstu glazbe je može biti samo pohvalno."
1:15:08,1:15:09,"Da, to tako razmišljala."
1:15:10,1:15:20,"Vrlo često ti zna se dogoditi da ono osuđuju, ha evo krenula je u crkvu i krenula je u crkvi pjevati kako bi se probila."
1:15:22,1:15:29,"Ja ne ulazim u to da li ljudi imaju krive motive, mislim da to nismo mi ti koji možemo upravo to."
1:15:31,1:15:40,Ali evo mi smo imali prilike stvarno biti zvijezde i ostvariti karijeru u svjetovnoj glazbi.
1:15:44,1:15:47,Svejedno smo izabrali i duhovnu glazbu.
1:15:47,1:15:50,Ne znači da ne mogu raditi jedno i drugo.
1:15:50,1:16:01,Ja samo znam da dok pjevam duhovnu glazbu da je to veća odgovornost u smislu jer pokrivaš i duhovni moment.
1:16:01,1:16:06,"Mislim svaka pjesma, svaka glazba je duhovna i možemo to tako reći."
1:16:06,1:16:08,Ovisi i ovisi iz koje strane.
1:16:09,1:16:24,"Ima sigurno pjesama iza kojih kao bekvokal ne stojim., ali moj posao je otpjevati tercu, blid, paralelni, nešto, to je moj posao."
1:16:24,1:16:29,Podupriti nekog pjevača ne znači da se slažem sa stihom koji pjeva.
1:16:30,1:16:35,"Također ne znači da kad ja pjevam, naš Bog je velik, da je moje srce na pravom mjestu u tom trenutku."
1:16:36,1:16:40,"Jer neće u Kraljevstvo Božje svako koji me zove gospodine, gospodine."
1:16:40,1:16:48,"Tako da i ja sad ono što imam više iskustva, ono ako to mi je moja molitva je češće."
1:16:49,1:16:51,"Bože, samo budi milosrdan."
1:16:52,1:16:54,Jer moje srce nije uvijek na pravom mjestu.
1:16:54,1:16:59,Niti je srce svih onih izvođača duhovne glazbe na pravom mjestu.
1:17:01,1:17:02,I o tome se i radi.
1:17:02,1:17:14,"Znači nismo mi netko i nešto, nego postajemo netko i nešto kad prihvatimo Božji dar."
1:17:14,1:17:23,Kad prihvatimo da će Bog odraditi s nama nešto iako to nije bilo savršeno.
1:17:26,1:17:34,"Da, pa vjerujem da sa tom procvatom i duhovne glazbe je zapravo i na tu scenu došlo svega i svačega."
1:17:35,1:17:36,Razno raznih i ega.
1:17:37,1:17:38,"Ima, da."
1:17:38,1:17:41,"Mislim, postoji li osoba bez ega?"
1:17:42,1:17:44,"Mislim, ne znam."
1:17:45,1:17:46,"Nekako je da, to."
1:17:46,1:17:47,Koja živi.
1:17:47,1:17:48,Maksimalno.
1:17:48,1:17:58,"Ne, jednostavno, ti moraš malo voljeti sebe da bi uopće općenito u ovom poslu stao pred ljude."
1:17:58,1:17:59,Pogotovo.
1:17:59,1:18:10,"Ali imaš ti skrivenih egaga koji se, znaš, ono kao ne bi ja, neka mene, a zapravo ego ne dozvoljava da izađeš van."
1:18:11,1:18:17,"Ako je tvoje poslanje da ideš vani, onda je, ako ti to ne želiš, onda možda imaš problem sa segom."
1:18:18,1:18:22,Ne znači da ima problem sa segom samo ona osoba koja se voli izložiti.
1:18:22,1:18:25,Znam da ima jako puno lažne poniznosti među ljudima.
1:18:25,1:18:25,Da.
1:18:26,1:18:26,I to je ono.
1:18:30,1:18:31,To je baš problem.
1:18:32,1:18:32,To je baš problem.
1:18:33,1:18:33,Da.
1:18:33,1:18:36,Jer nisi na svom mjestu gdje trebaš biti.
1:18:37,1:18:44,glumiti poniznost je možda nekad puno gore od biti ego triperica.
1:18:44,1:18:49,"Zapravo, kad malo bolje razmisliš jedno i drugo, negdje se nađe."
1:18:50,1:18:50,Ima sjecište.
1:18:56,1:19:06,"Htjela bih se malo dotaknuti i jednog ogromnog dijela tebe kojeg uopće nismo stigli, onako cijelo vrijeme provlačimo to majčinstvo, trudnoće, ali ono, ti si majka četvoro djece."
1:19:09,1:19:31,"Da se ne baviš ničim drugim, imala bi što raditi po cijele dane., kako stigneš to se ukloniti i čini li ti se nekad da moraš žrtvovati ili dio karijere, ili možda na trenutak zanemariti majčinstvo, sebe, staviti na, čak i ok, staviti se na drugo mjesto, ali staviti se na neko mjesto koje uopće više ni ne znaš koje je, kako tu poslužiš stvari?"
1:19:32,1:19:36,"Da, to je baš jako izazovno i zahtjevno."
1:19:37,1:19:40,"Kad ne pitaš kako stigneš, ne stignem."
1:19:41,1:19:46,"Za početak, ne stignem, pa barem 50% stvari."
1:19:46,1:19:47,A jeste li ok s tim?
1:19:48,1:19:49,"Nekad da, nekad ne."
1:19:50,1:19:55,Ovisi u kojem sam periodu ciklusa.
1:19:56,1:19:56,Našao ono.
1:19:57,1:20:00,Uz to sve imaš hormone koje te ono na sve strane.
1:20:00,1:20:06,"I još sve, uz sve to na poslu si okružena muškarcima koji ne znam je li kuževina."
1:20:06,1:20:07,Ne razumiju u potpunosti.
1:20:08,1:20:24,"Ovako, s muškarcima je lako jer im možeš reći, kad im kažeš, oni će te poslušati iz poštovanja i možda zato što im nije uopće znano o čemu ti pričaju, pa kao ok, dobro."
1:20:25,1:20:29,"Dok sa ženama, ja vjerujem da je teže rame, znaš da je uvijek imamo ono."
1:20:29,1:20:32,"Ma joj meni ti je bilo ovako, ma izdržat ćeš, ma ne ti."
1:20:33,1:20:37,"Malo je okrutnije možda sa ženama raditi, ja bih rekla."
1:20:37,1:20:47,"Iako s druge strane, kad radiš s muškarcima, moraš paziti kakve odnose gradiš, bliskost, trihi."
1:20:47,1:20:51,"Znači, ono, muško-ženska prijateljstva, da li to postoji, ne postoji."
1:20:51,1:20:54,"Ovisi kakav si lik, ovisi tko je preko puta tebe."
1:20:54,1:21:01,Možeš imati jedno dostojanstvo i moraš biti dovoljno čvrst i odlučan za neke.
1:21:04,1:21:18,"Jer ako oni osjete da si labava, ako muškarci osjete da jednostavno nisi u potpunosti s nečim, oni jednostavno muškarci su takvi kakvi jesu, uvijek prelaze određenu granicu ja bi rekla."
1:21:18,1:21:22,Tako da meni osobno nije teško postaviti tu granicu.
1:21:23,1:21:29,Isto tako mislim da ne znaju sve žene postaviti granice i ne znaju sve žene funkcionirati s muškarcima.
1:21:31,1:21:38,"Ne zato što su pokvarene, nego jednostavno to je možda i dio odgoja."
1:21:39,1:21:52,"Znaš kako su nas roditelji odgajali, bili smo sve cure, moj tata je imao pet sestara, usadio nam je neke stvari kojih se moramo čuvati i paziti."
1:21:54,1:21:58,I ja volim reći da su nas nekad malo odgajali kofrajere.
1:22:00,1:22:11,"To ti s jedne strane bude bolno jer kad možeš biti u muškom društvu, onda vrlo često te oni znaju gledati kao izdržljivu ženu."
1:22:12,1:22:13,Jedna od njih.
1:22:13,1:22:15,"Njoj nije ništa, ona može sve."
1:22:15,1:22:24,"I onda te s te strane kad si ranjiv, to malo onako nekad zaboli, ali ja sam žena, ne mogu sve što je vi."
1:22:24,1:22:28,I to je isto zapravo u principu važno iskomunicirati.
1:22:28,1:22:31,"Jer ako ne iskomuniciraš, onda si frustrirana."
1:22:32,1:22:34,A oni hvala Bogu ne mogu pročitati misli i.
1:22:35,1:22:35,Maka.
1:22:35,1:22:36,Između reda.
1:22:36,1:22:37,Znači ja to uzavodno pučam.
1:22:37,1:22:43,"18-18 godina sa svojim mužem i on on svaki put iznova, ali on ne može to shvatiti."
1:22:44,1:22:48,"I vrlo često mi kaže, i super da mi kaže, ali ja stvarno ne vidim to kod tebe."
1:22:51,1:22:52,Vi ste drugačiji.
1:22:53,1:22:54,"Da, da."
1:22:54,1:22:59,A kako hendlaš brak u svemu tome?
1:22:59,1:23:02,Da stignete se na datum?
1:23:08,1:23:19,"Za početak, ja bih htjela naglasiti da sve ovo što ja jesam, trenutno, sve uloge koje vršim, bi bile nemoguće bez mog supruga."
1:23:21,1:23:30,"I mislim da je to jako važno priznanje jer neko može misliti da sam ja super žena koja se hendla, nisam."
1:23:32,1:23:59,"I vrlo često žene nisu super, iako postoje, svaka im čast, žene koje stvarno mogu same, ali za početak ja bih voljela u ženama na neki način ženama posvijestiti da snažna žena nije nužno uvijek ona koja sve može sama, nego baš suprotno, koja prizna da ne može."
1:23:59,1:24:06,"I imala sam tu probl problema jer sam mislila da ću sve ja, sve ja, sve ja i mogu."
1:24:07,1:24:11,Onda skužiš da ti fizički ne stigneš odraditi stvari koje trebaš.
1:24:12,1:24:20,"I onda zapravo možda malo o sebi pripisuješ stvari, dok skužiš da muž puno toga potegne."
1:24:22,1:24:23,Ako mu dopustiš?
1:24:23,1:24:24,"Ako mu dopustiš, da."
1:24:25,1:24:37,I u principu bez njegove pomoći bi mi bilo jako teško i podržava me i ja vjerujem da puno toga uopće ne bi niti u slučaju.
1:24:37,1:24:40,"Niti usudila se napraviti da mi on, ali zašto ne?"
1:24:40,1:24:41,Zašto ti to ne bi pokušala?
1:24:41,1:24:43,Tako da bi on zapravo potičeo tome.
1:24:43,1:24:54,Jer ja sam ono uvijek sebi najveći kritičar i vjerojatno bi pobjeglo u hrpu momenata jer eto ja to sad ne znam i ne mogu i bježim.
1:24:54,1:25:02,"A ti pa onda on sad kaže, gleda, meni je poslalo tumač idući, ne znam, koncert, ja bih radila ti ostaneš doma."
1:25:03,1:25:05,"Aha, to mi ne može reći."
1:25:05,1:25:06,To mi ne može reći.
1:25:07,1:25:08,Kad sam već dogovorila.
1:25:09,1:25:12,"Nešto, mislim, znaš ono, kako si sadaš u tu neku poziciju?"
1:25:12,1:25:14,Žele da mu oprosti.
1:25:14,1:25:24,"Ne, ne, htjela sam reći, jer ja uvijek se, znači, dičim tom izjavom i onda se poslije onako prispitujem, jel'ja to stvarno vjerujem."
1:25:24,1:25:34,"Ja kažem kao ono da mi sutra muž kaže, iz nekog racionalnog razloga, da možda ne bi bilo loše ugasiti podcast, ajmo rečeno."
1:25:35,1:25:36,Jer naš brak trpi.
1:25:37,1:25:42,"Ja kažem kao, ja bih ga vjerojatno sutra dan ugasila, ako bi se složila s njim da nam brak trpi."
1:25:43,1:25:43,Apstraktno.
1:25:44,1:25:49,"U tom smjeru sam razmišljala, kako si obnavljaš."
1:25:49,1:26:01,"um na način da je ipak, brak pretpostavljen da je na prvo mjestu, a onda sve ove tvoje druge ljubavi i strasti i načini na koje svoj talent umnažaš?"
1:26:02,1:26:12,"Ovako, za početak, pa ja mislim da nisam niti jedan angažman dogovorila bez da sam prvo s njim iskomunicirala."
1:26:13,1:26:25,"Znači stvar ono poštovanja, iako se njemu podrazumijeva da ću prihvaćati angažmane, ali dobro, možda se dogodilo."
1:26:25,1:26:45,"da prihvatim u periodu kad sam baš puno radila, kad se računalo normalno, ali ako ja nemam njegovu potporu, ako se on ne osjeća dobro u tome što ja radim, pa kako se ja onda uopće mogu osjećati dobro?"
1:26:47,1:27:01,"Ne mislim pritom da kad bi on, ako bi počeli imati problema u smislu da ljubomore i takve stvari, mislim, ja mislim da se to ne može dogoditi jer se stvari već površuje."
1:27:01,1:27:04,Ali već puno prije angažmana je iskomunicirala i riješila.
1:27:04,1:27:05,Zato ja imam tu slobodu.
1:27:06,1:27:07,I Bogu hvala.
1:27:07,1:27:18,"Ja bi svima htjela to, ali kad bi njemu to postalo previše, pa ja vjerujem da bi ja prije osjetila."
1:27:19,1:27:21,"Ne bih to osjetila, nego što bi on to morao reći."
1:27:22,1:27:24,"U biti, mi smo žene puno bolje u čitanju između reda i matematike."
1:27:24,1:27:29,"A jesmo, možda to nekad i nije tako dobro, jer čitamo iz stvari koje još njima nisu ni došle do glave."
1:27:31,1:27:37,"Ja mlađim sestrama i općenito mlađim sorama kad one meni kažu, on nije shvatio, nije skužio."
1:27:37,1:27:47,"moj neki hint, ja kažem, nacrtaj i oboji ako treba, ali on će biti ujedan da je pročitao između redaka i to je ono na kraju savršen ishod."
1:27:47,1:27:51,"Samo i mi žene trebamo ne biti ljene, nego izraziti se."
1:27:52,1:27:54,Iako naravno da bi bilo predivno da ti neko čita misli.
1:27:55,1:28:04,"To bi stvarno puno lakše bilo, ali ne znam zašto smo i ikad uopće pretpostavili da nam itko može čitati misli."
1:28:05,1:28:07,"Možda zato što mi to radimo, pa onda."
1:28:07,1:28:09,"Jedna druga stvar, da se."
1:28:09,1:28:10,"Ali tiho, kako to zapravo."
1:28:12,1:28:20,"Iako što se duže s nekim u braku odnosno nekakvom svakodnevnom odnosu, nekad se i daju pročitati pogledi."
1:28:21,1:28:21,To se toga tiče.
1:28:22,1:28:26,"Znači ja fakat ne želim muškarce dovesti na razinu u smislu oni nemaju pojma ništa, mi sve znamo."
1:28:26,1:28:27,"Dapače, ne."
1:28:27,1:28:42,"Znači moj muž konkretno i obzirom da se vrlo često krećem u muškom društvu, stvarno znaju iznenaditi i nerijetko pretpostaviti neke stvari koje nama nisu nigdje."
1:28:42,1:28:53,"Tako da to nije nužno da ono muški sad, ono kopanjevi ček.aj da se to ne, to je naprosto laž i baš ružno."
1:28:53,1:28:55,"Da, imaju oni svoje snage i to je ono."
1:28:55,1:28:56,I tekako oni punjavaju.
1:28:57,1:29:04,"Konkretno, moj muž je toliko posložen da se ja fakad znam posramiti."
1:29:06,1:29:16,"I imam stvarno blagoslov biti prijateljica mnogim muškarcima koji su baš eto posloženi i znaju šta žele, znaju gdje im šta stoje."
1:29:17,1:29:23,"Ok, naravno da tu bude hrpu puta čarapa u dnevnom vrhu, ali čekaj, hoćeš li reći da mi žene to ne radimo?"
1:29:24,1:29:25,U kaosu.
1:29:25,1:29:28,Mislim da su te čarape na podu već postale neka mala priča.
1:29:28,1:29:29,"Da, da, da."
1:29:29,1:29:31,Pa ja isto ostavim iza sebe.
1:29:32,1:29:32,Zašto?
1:29:34,1:29:47,"Ali evo kako ti sada svojoj djeci želiš prednijeti te neke vrijednosti o kojima već satak vremena razgovaramo, imaš kako ti raspoređeno cure dečki?"
1:29:47,1:29:48,Dvije cure i dva dečka.
1:29:49,1:29:49,Ovo je baš lijepo.
1:29:50,1:29:51,"To je baš onak, pola, pola."
1:29:54,1:30:01,"Da, imaš priliku i prenositi ta neka znanja kao žena mladim ženama, a opet i odgajati."
1:30:02,1:30:03,mlade muškarce.
1:30:04,1:30:05,Na što velika je to odgovornost?
1:30:06,1:30:06,Iskreno.
1:30:08,1:30:15,"Jer baš volim reći, što više djece imam, to sam sigurnija da manje znam."
1:30:15,1:30:18,"Imam više iskustva u neznanju, znaš?"
1:30:19,1:30:25,I onda nekako shvatiš na neki način da imaš više milosti prema svojim roditeljima.
1:30:26,1:30:28,Pa i oni su samo pokušavali nešto učiniti.
1:30:30,1:30:32,Ja nisam bila jednostavno djete.
1:30:32,1:30:37,"Ja nisam bila jednostavno djete, ja sam imala neke svoje."
1:30:37,1:30:43,"ideje kako bi nešto trebalo biti, dosta su se oni oko mene napatili."
1:30:44,1:30:45,Mama i tata je to priznato.
1:30:46,1:30:51,Sada su sigurno ponosni na mene i sad im je jasno zašto sam to toliko neke stvari htjela.
1:30:52,1:30:54,Jer jednostavno to je dio i osobnosti.
1:30:54,1:30:57,"Da, i često nadarena djeca budu kao teža."
1:30:57,1:30:58,"Je, je, je."
1:30:59,1:31:05,"I ono baš treba imati puno razumijevanja, a strah te paralelno."
1:31:05,1:31:06,Kako to pomiriti?
1:31:07,1:31:12,"Odnosno, imaš očekivanja neka i strah, moraš pustiti tom djetetu da."
1:31:14,1:31:24,"Ono sebe nekako vidi, a ti ga gledaš već ohoho, odavno i osjećaš još u trudbi, kako je dijete otprilike."
1:31:29,1:31:35,"Da dijete tu slobodu, postaviti granice, ja mislim da je to neprestana borba."
1:31:35,1:31:41,"Evo, ja ne mogu reći da sam ja nešto s nečim završila."
1:31:42,1:31:48,"Pogotovo sada jer imam najstarije i dijete će sad napuniti 11 godina, najmlađe će je godinu dana."
1:31:49,1:31:50,Raspon.
1:31:50,1:31:52,"Fakat, veliki raspon."
1:31:52,1:31:58,"I opet se vratiti u pelene, a paralelno pratiti i znati da dijete ima potrebu."
1:31:59,1:32:00,Ono sve veću i veću.
1:32:00,1:32:04,"I onda imaš drugo i treće dijete, koje su zapravo srednja djeca."
1:32:04,1:32:11,Ima to osjećaj prema njima da uvijek će biti neko koje će se teže izboriti za svoju pažnju.
1:32:12,1:32:13,A svima je potrebna pažnja.
1:32:14,1:32:17,"Čak možda ono koje je najtiše, možda mu je baš tad najpotrebnije."
1:32:18,1:32:21,"I baš ono, ja kažem, umorna sam."
1:32:22,1:32:36,"Čak ne toliko zbog fizičkog rada jer ti moraš čistiti, kuhat, peglat voziti ih, nego više od tog te pronicanja šta se sve u njima krije."
1:32:37,1:32:39,I jesu li oni meni sve rekli?
1:32:39,1:32:42,Jesam li ja bila dovoljno na pravom mjestu u svakom trenutku?
1:32:42,1:32:52,"Opet s druge strane, ako previše cupkaš između njih, ako previše paziš, tu isto možeš i ugušiti njih i sebe premoriti."
1:32:53,1:32:59,"A ono današnje društvene mreže, ako ćeš po tome gledati, znači nikad nećeš biti dovoljno dobar."
1:33:01,1:33:04,I samo ona padneš u deprov.
1:33:04,1:33:09,"Ja mislim da ono to skrolanje uništi svaku osobu, a posebno majku."
1:33:09,1:33:26,"Pogotovo ako se majka nađe u periodu života kad mora ležati uz dijete, uspaljivati ga, dojit ga i ti onda gubiš vrijeme na tim vidi kako ima čistu posteljinu, savršeno ištirkano i sve kad se zadnji put pegla majkom."
1:33:28,1:33:28,Znaš ono?
1:33:28,1:33:37,"Da, a vidi ovaj interijer, a kako je lijepo stavila svijeće na stol, a cvijeće, a ovo, a ono uspoređivanja, to je baš ono."
1:33:38,1:33:38,Da.
1:33:39,1:33:43,To je baš za ženski ili općenito ljudski mozak.
1:33:44,1:33:57,"Možda smo mi kao zrele odrasle žene, a ja sad razmišljam, evo tvoje najstarije ljeto od 11 godina, jer to je strah njihovog ulaska u društvene mreže i ta uspoređivanja u toj nezreloj dobi."
1:33:58,1:34:04,I kako to držiš pod kontrolom ili planiraš?
1:34:06,1:34:12,"Ima već nekih kao naznaka, ali mislim da oni zapravo puno uče iz naših."
1:34:15,1:34:18,iz toga kako se mi nosimo i naše reakcije.
1:34:19,1:34:22,"I naravno, tu ima puno reakcija koja ja ne bih voljela."
1:34:23,1:34:30,"Vrlo često mi se zna dogoditi da odreagiram, a htjela sam baš biti mirna u ovom trenutku."
1:34:31,1:34:32,Nisam uspjela.
1:34:32,1:34:34,"Oprosti, idemo iz početka."
1:34:36,1:34:46,"Ali mislim si, postoje puno situacija u kojima sam ja napravila nešto dobro, a da isto nisam bila svjesna da je dobro."
1:34:48,1:34:52,Valjda je i tu nešto djeca nauče.
1:34:53,1:34:53,Valjda je i to vide.
1:34:57,1:35:04,"Ako ćeš početi razmišljati samo o tome gdje bi moglo pogriješiti, ima stvarno jako puno situacija u kojima griješim svakodnevno."
1:35:05,1:35:13,Sjećam se da je bio jedan svećenik koji je ispovijedao satima pre Uskrs.
1:35:14,1:35:25,"I došao je jedan dečko koji je ispovijedao neko random grijehe, tipa svađao sam se s bratom i lagao."
1:35:25,1:35:26,"sam, i ne znam."
1:35:28,1:35:28,Izađi van.
1:35:30,1:35:31,"Fedeljko, gledaš što?"
1:35:32,1:35:33,Izađi van.
1:35:34,1:35:39,"Pa si malo razmisli bolje šta si griješio, ti meni nabraješ grijehe šta ja do podneva sagriješim."
1:35:39,1:35:49,"Ja tu već satima sjedim u ispovjedavonici nadajući se i kaže, i da vidiš, u tom trenutku je samo krenuo nabrajati malo konkretnije grijehe."
1:35:50,1:35:53,"Znaš, tako da, zašto sam ja sad ovo spomenula?"
1:35:54,1:35:56,Ne smijemo se ni fokusirati na samo loše stvari.
1:35:56,1:35:57,Upravo to.
1:35:58,1:36:00,"Ako ćeš samo gledati, znači ima toliko."
1:36:01,1:36:03,Toliko lošeg što može biti oko tebe.
1:36:04,1:36:06,A ima i jako puno dobrog.
1:36:06,1:36:11,A djeca zapravo najviše upijaju ono što je za nas neprimjetna radnja.
1:36:11,1:36:12,"Da, to je tako."
1:36:12,1:36:29,"Ja mislim da općenito biti roditelj je super moć, ali nije super moć zato što, eto, mi smo super heroji, nego možda zato što imaš neko povjerenje."
1:36:30,1:36:31,Ja sam se tu učila povjerenju.
1:36:31,1:36:42,"Ja zapravo vidim sebe vrlo često kao nevjernog tomu, a s druge strane, zapravo kužim da imam jako puno povjerenja u Boga u mnogim situacijama."
1:36:42,1:36:48,"Kad krenu ljudi svoje strahove nabrajati, po meni to nije ni u malom mozgu."
1:36:48,1:36:50,"Znači, zapravo kužiš, aha, ok."
1:36:51,1:36:58,"Znači, puno si ti zapravo povjerovao, više nego manje."
1:37:00,1:37:01,"To nije baš onako, ok."
1:37:01,1:37:02,Nisi tako loša.
1:37:03,1:37:13,"Meni je to velika kušnja trenutno jer još uvijek imam malu djecu i sad to puštanje, da ode banalnosti."
1:37:13,1:37:14,da odaju negdje pješice.
1:37:15,1:37:15,Da.
1:37:15,1:37:23,"Znaš, i onda osjetim, ajme, previše me strah, ali ne znam, jednostavno sam sad valjao."
1:37:23,1:37:27,"Jer do sad je bilo normalno da ih ja tetošim za rukicu, kolica, znaš."
1:37:28,1:37:37,I sad prvi put osjećam da ne bi bilo loše malo ih pustić i da mi je tu zapravo i vjera na kušnji.
1:37:38,1:37:38,Na kojoj se radiš?
1:37:38,1:37:39,Apstraktno.
1:37:39,1:37:41,Zapravo na prvom mjestu.
1:37:42,1:37:42,"Je, je."
1:37:44,1:37:49,"Gledaj, ako radiš, onda već tu malo otpuštaš jer nisi konvencionalno."
1:37:50,1:37:50,s njima doma.
1:37:51,1:37:52,"Da, malo sam delegirala taj dan."
1:37:53,1:37:57,"Ali, gled, možeš otići tri puta u dućan s njima."
1:37:58,1:38:08,"Mislim, bila sam vjerojatno tisuću puta, ali ono, kao sama sebe odgajaš, prolaziš taj put do dućana i zamišljaš kako će oni ići sami."
1:38:08,1:38:15,"I onda dva, tri puta ih pratiš, ideš za njima, da oni znaju, pa da onda oni ne znaju."
1:38:15,1:38:24,"I onda, jednostavno, toliko stvari, sigurna sam i kad si, na primjer, imala prvu trudnoću, šta si znala uopće?"
1:38:25,1:38:26,Nisi imao ništa.
1:38:26,1:38:29,"Znači, čovjek nema pojma uopće šta ga čeka."
1:38:29,1:38:31,"Možeš pretpostaviti, možeš pripremiti, možeš."
1:38:32,1:38:44,"Ali to je jedna nova osoba, jedan novi duh i ti se paralelno učiš o njemu, odnosno njoj i o sebi."
1:38:45,1:38:58,"Znači, stvarno sam već tisuću puta došla do zaključka, postoji li išta na ovom svijetu što je sigurno osim da ćemo umrijeti i da smo se rodili."
1:39:00,1:39:12,"I ta djeca će, ja sad pričam tebi, a zapravo pričam i sebi, sigurno proći neka iskustva koja neće ni njima, ni nama biti lagana."
1:39:13,1:39:16,"I onda opet, ok, moraš se vratiti u povjerenje."
1:39:16,1:39:26,"A šta u tom trenutku, kada te obuzme taj strah i kaos i neka situacija koju moraš riješiti?"
1:39:28,1:39:33,Ja stvarno vjerujem da duh sveti ima svoje rješenja.
1:39:33,1:39:42,"Jer kad god krenem iz svog znanja i svoje riznice znanja, to uvijek je manje kao jedno."
1:39:44,1:39:45,Bašto.
1:39:46,1:39:51,"A prečesto se nekako mi ono naš, prosim, usvoje neke kapacitete."
1:39:52,1:39:52,Da.
1:39:55,1:39:56,"Da, joj."
1:39:58,1:40:04,"Ja sam se nekad pisao kao, je li ja želim svoje djete voditi u tu privatnu školu samo zato što ga želim ja voziti svaki dan?"
1:40:05,1:40:06,"Da, mora biti."
1:40:06,1:40:07,Evo iskreno.
1:40:07,1:40:08,Evo iskreno.
1:40:08,1:40:08,"Evo, evo, evo."
1:40:09,1:40:13,"Toliko mi je nekad ono, znaš pustiti ga, ajme meni ovo, ak ću on slušati ili on bude da je."
1:40:13,1:40:13,I to je bolje da ne govorim.
1:40:14,1:40:14,"Da, grozno."
1:40:15,1:40:19,Ali to je sve zbog brige i ljubavi.
1:40:19,1:40:21,"Da, ali kao da su i vremena malo drugačija."
1:40:22,1:40:22,Jesu.
1:40:23,1:40:32,"Mislim, koliko god je sigurno našim roditeljima bilo nas iz jedne kroz druge perspektive odgajati, neke stvari su danas stvarno puno teže."
1:40:32,1:40:33,Bar se meni čini.
1:40:36,1:40:45,Teže su iz razloga toga jer djeca puno prije do.
1:40:50,1:40:51,Mozak im nije sazrije.
1:40:51,1:40:52,Znači ono.
1:40:52,1:41:02,"Ja sam nedavno čitala, to je saznala da se prefrontalni korteks mozga razvija do 24."
1:41:03,1:41:06,"godine, koji je zadužen za kritičko razmišljanje i donošenje odluka."
1:41:06,1:41:07,Od 24.
1:41:08,1:41:08,godine.
1:41:08,1:41:17,"Pazi, oni moraju zajedno s nama donijeti neke odluke kao hrpu puta kad nas nema uopće tu."
1:41:18,1:41:22,"Ja sad ti reci da možeš kontrolirati stvari u životu, nemaš šansu."
1:41:22,1:41:24,Makar glepa i mi smo isto prošle neka iskustva.
1:41:26,1:41:35,"Kroz odrastanje, neka su bila malo teža, na neka si ponosni, na neka ne, ali sve te to nekako na kraju dovede do toga da si danas ok sa sobom."
1:41:36,1:42:13,"Nije te to toliko, znaš, šusnuo sa tog puta, tako da ja se nekako tako neće čeć tješim, nego vjerujem da ta neka nužna iskustva u odrastanju, koja su malo mimo nekog savršenog puta i putanje, su isto normalan dio odrastanja i ne treba djecu prezaštićivati od svega, ali biti prisutan, da i biti to svjestan da su im danas informacije predostupne i ako ne dođu od tebe za dob, prigodnom trenutku i na način na koji treba doći će u najgore vrijeme, iz najgoreg izvora."
1:42:15,1:42:24,"Da, mislim koliko god ne možeš utjecati na sve, opet imamo mi tu jednu dozu kontrole koju moramo držati u svojim rukama kao roditelji."
1:42:25,1:42:29,To sam baš evo i u prošloj epizodi pričala sa Marinom.
1:42:31,1:42:37,"Malo se mi i libimo od tih nekih tema i nova su vremena, ali gledajte, djeca su ti izložena to."
1:42:37,1:42:50,"Da, možda sad još ne moji u vrtiću, ali jedna mudra majka je rekla, osmiro djece, ja mislim da je, kaže, radije ću ih šokirati ja nego da ih šokira neko drugi."
1:42:51,1:42:52,"Da, da, da."
1:42:53,1:42:53,Naš.
1:42:54,1:42:58,"Tako da, e sad, problem je u tome što mi želimo biti good guys."
1:42:58,1:43:02,"Da želimo da je svijet lijepo mjesto i da zauvijek to misle, da."
1:43:03,1:43:13,"Još kad ih promatraš kako su ovako stvarno u toj jednoj dobi bezbrižne, nevine, naivnosti i želiš im to zadržati što duže, a svijet nažalost nije nije važan."
1:43:14,1:43:21,"I s druge strane, ja mislim da je puno važnije kako se čovjek nosi sa stvarima nego šta ga stvarno okružuje."
1:43:22,1:43:32,Jer vrlo često se ljudi teže nose sa okolnostima nego što stvarno neke stvari jesu strašne.
1:43:36,1:43:44,"Da mi reci što mene čeka sad sa, ako Bog da trećim djetetom, ti imaš četvorost, tim da troje je došlo u jako kratkom roku."
1:43:44,1:43:49,"Da, njih troje sam rodila u tri godine, tri godine i četiri mjeseca točnočno."
1:43:49,1:43:51,I ne znam koja je za tebi razlika.
1:43:51,1:43:52,Meni je solidna razlika.
1:43:53,1:43:54,"Šest, tri, sedam."
1:43:54,1:43:56,To je lijepo.
1:43:57,1:44:02,"Ono što sam ja prošla je bilo malo, šta kažem, moja najstarija kćer."
1:44:02,1:44:05,"Ti ćeš sigurno reći, to je trauma mog života."
1:44:07,1:44:09,Pa se mi tu malo znamo smijati.
1:44:09,1:44:11,Jer ja sam stvarno njima znala reći da mi je baš bilo teško.
1:44:12,1:44:17,"I oni su vjerojatno i s vremenom iskušili koja je to odgovornost, šta ti sve trebaš."
1:44:18,1:44:20,A mislim da s djecom ni treba otvoreno pričati.
1:44:20,1:44:21,Bilo mi je teško.
1:44:21,1:44:24,"Znači ono i dan danas, sakrijem se u sobu."
1:44:25,1:44:25,i plačem.
1:44:26,1:44:28,Ili plačem dok kuham ručak.
1:44:28,1:44:29,Zašto mama plačeš?
1:44:30,1:44:32,Zato što nisam stigla plakati dok mi je bilo teško.
1:44:32,1:44:34,I vrlo često to stvarno tako i je.
1:44:34,1:44:36,"O, dobro, i onda nam to bude jasno."
1:44:37,1:44:46,"Ali u tom periodu, to je baš bilo zbog korone, još dodatno veliki pritisak."
1:44:47,1:44:51,"Jer sam ja bila rodila treće dijete, sina."
1:44:56,1:45:07,"Znači, Petra je imala tri i pol godine., ja sam imala još Mary između, znači ona je imala godinu dana točno kad sam ja rodila Josipa."
1:45:08,1:45:10,I onda za godinu dana je krenulo to sve skoro.
1:45:12,1:45:16,"Bilo je stresno, jer prije svega."
1:45:17,1:45:18,Nema posla između ostalog.
1:45:19,1:45:34,"Pa čak ne to, nego je meni cijeli taj period, znači kako se meni uvijek sve paralelno događa, nemam ja sad poslovni rast pa privatni, pa sve, kod mene se odmah uđuture."
1:45:35,1:45:37,I ja sam se već i navikla na to.
1:45:37,1:45:40,i mislim da jedino kako smo zaključili u kaosu funkcioniram.
1:45:43,1:45:49,"Ja sam zapravo prije nego što sam prvi put ostala trudna, rekli su mi da neću moći imati najvjerojatnije djecu."
1:45:50,1:46:01,"I zapravo ja nemam četvero djece, nego imam petero jer jednom je na nebu, prvo sam imala spontani i vrlo brzo nakon toga sam ostala trudna sa prvim djetetom."
1:46:02,1:46:08,I onda je zapravo u tri godine nastupilo tri trudnoće.
1:46:08,1:46:15,"Znači nije stvar da je to samo po sebi kao teško, ok, intenzivno je troje djece, tri trudnoće, tri dojenja i svega."
1:46:15,1:46:25,"Ali sama činjenica da sam ja ostala još negdje u onom, ja neću moći imati djece, meni je zapravo to sve bilo poprilično šokantno i nisam, baš me zadesilo."
1:46:25,1:46:33,"I onda je došla korona i tu su krenule brige, ne znam šta će se događati."
1:46:34,1:46:39,"Sjećam, mi smo otišli na more, Bogu hvala, imali smo taj blagoslov tri dana prije potresa."
1:46:39,1:46:47,"Jer ja ne znam kako bih ja tu djecu izvlačila iz grade, oni su svi zapravo bili za nositi maltene, a ne ono."
1:46:49,1:47:27,"I vjerojatno su tu oni sigurno osjetili i to ih je negdje malo uzdrmalo, ali s druge strane vidjeli su da postoje rješenje i da može biti dobro i da taj cijeli period oko korone nije bio tako strašan jer smo bili na moru i ja sam imala prilike udahnuti zrak i vidjeti šta se sve oko mene nalazi, koje su moje odgovornosti, da je bilo teško, bilo je suza, bilo je ono neprospavanih noći koliko god hoćeš."
1:47:29,1:47:34,"Ali sada, onako, malo bolje iz ove pozicije, pa vrijedilo je."
1:47:34,1:47:39,"Ja mislim da sam znala da će biti tako, ne bi strahovala."
1:47:40,1:47:42,"Kužiš, ali eto, ne znaš."
1:47:44,1:47:55,"Uz to sve je bilo ono, ja sam zapravo prije nego što sam počela rađati, postala majka, tek zapravo krenula sa nekom, ajmo reći, karijerom i počela se usmjeravati."
1:47:56,1:48:00,Prije toga sam radila u jednom bendu gdje smo vikendom svirali i satove.
1:48:00,1:48:02,I vente i takve stvari.
1:48:02,1:48:13,"Onda sam mic pomicala u tom periodu, otprilike počela dobivati angažmane i za bekvokale i studijske snimanja, travala."
1:48:15,1:48:22,"Ja sam ostala trudna i sjećam se da mi je jedan dirigent rekao: A dobro, to ti je sad to, više te ne budu zvali."
1:48:23,1:48:24,"Onak, šok."
1:48:25,1:48:28,"Znači, i sad meni to sve zvoni, nećeš moći imati djece."
1:48:28,1:48:30,"Imaš djecu, trudna si."
1:48:30,1:48:32,"Prvo, drugo, treće, neće te više zvati."
1:48:32,1:48:36,"Znači, od svega toga, vječno pitanje."
1:48:36,1:48:40,"Pitanje je šta je od ovog, šta će biti sa mnom?"
1:48:41,1:48:43,Zašto sam ja uopće tu?
1:48:43,1:48:44,"Znači, koje je moje poslanje?"
1:48:46,1:48:55,"Jako dugo me je zapravo prao strah da neću imati šta raditi, da ono bit ću s mama koja je po cijele dane doma, da se razumijemo, nemam ništa protiv toga."
1:48:55,1:49:00,"Dapače, naša mama je bila doma uglavnom i to je veliki blagoslov."
1:49:00,1:49:10,"Ali je problem u tome, ja sam temperamentom osoba koja mora imati nove situacije u životu."
1:49:11,1:49:15,"Kad bih ja mogla sjediti u uredu, satima te je bilo najsretnije."
1:49:15,1:49:19,"Ali ja naprosto ne mogu, meni je sad već lagano koliko dugo mi sjedi."
1:49:19,1:49:23,"Bilo bi najsretnije, ali u isto vrijeme najnesretnije."
1:49:24,1:49:26,Ja ne bih profunkcionirala u tome.
1:49:27,1:49:32,"I zato me ta rečenica nećete zvati više, baš me prepala."
1:49:34,1:49:49,"Kad mi je tada najmlađi sin napunio tri godine, ja sam od te godine do evo prošle toliko angažmana imala da sam ja mogla doslovce to podijeliti."
1:49:50,1:49:51,"sa minimalno četiri, pet kolega."
1:49:52,1:49:52,Sve još četiri kolege.
1:49:52,1:49:59,"Znači, u jednom trenutku smo se naš četiri našli, OK, a što sada?"
1:50:01,1:50:03,"Znači, pokrili smo četiri izvođača, šta sad?"
1:50:03,1:50:06,"I još mi paralelno svoje, kao radimo duhovnu glazbu."
1:50:07,1:50:41,"Tako da smo podijelili puno posla, a taj period s djecom mi je bio baš onako, dok su bili manji, bio baš prilika da upoznam više sebe i svoje blokade i granice i vjerujem da se da nisam postala majka troje djece u tako malom periodu, ja ne bih postigla neke discipline koje su mi falile možda u životu."
1:50:41,1:50:53,"I strpljenja jer imam problema sa strpljenjem, također zbog osobnosti temperamenta, volim da je sve brzo odmah i da brzo vidim rješenja i onda mene tu Bog teše."
1:50:53,1:51:06,Tako da ja djecu vidim kao blagoslov ne samo zbog toga što oni jesu jer svako pojedino dijeteete je blagoslov i stvarno možeš puno naučiti od svakog djeteta.
1:51:08,1:51:14,Nego i zbog toga što svaka majka može puno otkrito sebi sa svakim djetetom.
1:51:16,1:51:29,"Tada sam morala biti ono fajterica, lavica koja je, sad recimo sa razmakom od šest godina od zadnje trudnoće, skužim da ja isto imam blagosti u sebi i nježna sam i vrlo često istrpljiva i sve."
1:51:29,1:51:37,"Ali evo, ja vjerujem da Bog stvarno za svaki period donese ono što je tebi potrebno da rastu."
1:51:37,1:51:39,"Da rastiš, da ideš level up."
1:51:40,1:51:48,"Da, dobro, ta tvoja edukacija i rad na sebi je baš bio intenzivan tih tri godine, stvarno."
1:51:48,1:51:48,Da.
1:51:49,1:51:55,"Morala sam i dan danas neke stvari pročešljati, proći."
1:51:58,1:52:03,"Strahovi u kojima si se zamrznuo, jednostavno nisi ih svjestan i onda mic pomic ide to van."
1:52:04,1:52:05,"Aha, to je zbog te i te situacije."
1:52:05,1:52:08,Pa to onda povežeš sa svojim vlastitim djetinstvom.
1:52:09,1:52:11,A puno toga učini u nama.
1:52:12,1:52:12,Da.
1:52:13,1:52:22,"Znaš, uopće ni ne znaš šta si kao dijete sve prošao dok ne dođe dijete, dok ne dođe drugo dijete, dok ne dođe treće dijete."
1:52:22,1:52:34,"Aha, četvrto dijete ti je sad omogućilo da nekako kao vidiš cjelokupnu sliku što si sve do sad radio i šta si sve uspio, šta je bilo dobro i šta možda nije bilo dobro."
1:52:36,1:52:39,"Ali ono, podloga je i tvoje djetinstvo."
1:52:39,1:52:42,Hrpu puta roditelji iz svojih vlastitih hrana reagiraju.
1:52:42,1:52:46,"Mislim, meni je užasno smiješna i zanimljiva jedna anegdota."
1:52:47,1:52:49,Sad kako smo se bili selili prvi put.
1:52:49,1:52:50,Prvi put se selim s djecom.
1:52:56,1:53:05,"Možda mjesec dana prije nego smo se selili iz razreda, neka mama kaže: Imam super OPG sa pirovim brašno tjesteninom."
1:53:05,1:53:12,"I ja kažem: Moj može super 5 kg brašna, pirovog griza i 10 kg tjestenine."
1:53:14,1:53:15,Ništa men to nije čudno.
1:53:15,1:53:24,"Znaš, ono ja pošaljem, e, kak se mali rodio, nisam mogla ići autom, pošaljem muža da ode skupit tjesteninu, ja sam to sve platila."
1:53:24,1:53:26,"To se platilo, tjesteninu brašno grize."
1:53:27,1:53:30,"I ono ono ono donosi doma, neće mi ništa govoriti jer smo u selidbi."
1:53:30,1:53:33,"Ali, sigurna sam i to ću ga baš pitati danas kad se vratim kući."
1:53:34,1:53:37,Je li to bilo čudno ono što sam ja toliko toga naručila?
1:53:40,1:53:46,"Ja sve to spreman, selim ja i brašno i grizi tjesteninu, sve to ide skupa."
1:53:46,1:53:48,Stavljam to u smočnicu.
1:53:49,1:53:52,"Pet kilo brašno, pet kilo, deset kilo."
1:53:53,1:53:54,"Mislim, šta je meni bilo?"
1:53:55,1:53:58,"Znači, ono što je meni bilo."
1:53:58,1:54:01,"I vratim mi se, moja prva selidba."
1:54:01,1:54:02,je bila izbjeglištvo.
1:54:03,1:54:08,"Ja sam se bojala, vjerojatno kao dijete, da ću biti gladna, da ću biti žedna."
1:54:08,1:54:10,Osjetila sam strah roditelja.
1:54:11,1:54:16,Ja sam svoje djeci htjela omogućiti da imamo brašno grize i tjesteninu.
1:54:16,1:54:16,Našla me.
1:54:18,1:54:19,Sad to smiješno.
1:54:19,1:54:23,Ali zapravo u tom trenutku je bilo stvarno da je neko to vidio krajnje čudno.
1:54:24,1:54:27,"Pet kilo griza, kad ćete vam to uopće sličiti?"
1:54:28,1:54:28,"Poest, koži."
1:54:30,1:54:31,"Ne vjerujem, neka si povezala to."
1:54:32,1:54:34,"Samo mi je onako, ko blitz došao."
1:54:35,1:54:41,"Neka mini trauma., možda sam ja u nekom trenutku mislila da moj roditelj me neće ma dati za jesti."
1:54:41,1:54:43,"Kao dijete, ti svašta krivo povežeš."
1:54:44,1:54:46,"Da, nekad si ne nadeš kako djeca."
1:54:46,1:54:46,Da.
1:54:47,1:54:47,Meni je to ono što.
1:54:47,1:54:50,Imam respekt za muža što je samo to napravio i.
1:54:50,1:54:54,"Da, inače mi zna prigovarati da ti bi samo ovako išla."
1:54:55,1:54:59,"To me sad cvjetlo, kod mene isto znači često bi da ja onak naš retrospektivno pitam Ivana."
1:54:59,1:55:01,To te bi nije bilo čudno kad sam ja ono.
1:55:02,1:55:02,"Pa je, ali."
1:55:02,1:55:03,Ali šta da radim?
1:55:03,1:55:04,"Da, ne, ne."
1:55:04,1:55:06,"Skužio je da jednostavno, počeo je birati."
1:55:07,1:55:08,Baš to.
1:55:08,1:55:13,A u braku biranje bitke je ono jako pametno.
1:55:14,1:55:15,kretanje kroz život.
1:55:17,1:55:20,"Samo ću se još nadovezati s ovim, to mi je bilo tako slatko."
1:55:20,1:55:29,"A propos, kad se dijete drugačije, zapravo ti uviđaš neke stvari i primjećuješ, a odrasli uopće nisu svjesni."
1:55:29,1:55:33,"I onda kasnije ti se to pojavilo, kasnije to mi je svjetlo."
1:55:33,1:55:35,Bili smo na moru ovo ljeto.
1:55:36,1:55:40,"I sad moja djeca vole nekad za doručak, nekad za večeru, jesu one neke pahuljice."
1:55:40,1:55:41,"Ono, ajde."
1:55:42,1:55:56,"Ja se onako jednom našalim samo sa svojim mužem, kako mi kad smo bili mali nismo toliko te pahхуlice kupovali, nego je sve, ne znam, keksi mlijeko, riža na mlijeku, čak nekakva tjestenina s mlijekom."
1:55:56,1:55:58,I to je bilo skroz normalno.
1:55:59,1:55:59,Da.
1:55:59,1:56:05,"I mi se tako nekad šalimo jer je nas šestero djece, kod njega je dvoje, pa su ipak i tu malo bile te neke razlike."
1:56:06,1:56:12,"I ja to uvijek onako čak s ponosom kažem, kao pa bilo je sve ekonomično, mislim šestero djece, mi je to presimpatično."
1:56:12,1:56:20,"A moj mali to snima sa strane i pita mene, a sad kad se rodi se kako hoćemo i dalje moći kupovati paхуlice?"
1:56:20,1:56:21,I su se bože.
1:56:22,1:56:27,"Je li moguće da on, dobro da je pitao, to nekako po povezuje mijemo i to odvijaće glada."
1:56:29,1:56:30,"Da, zamisli."
1:56:30,1:56:31,"Da, mislim, zašta."
1:56:32,1:56:44,Sad si razmišljam koliko stvari nisam stigla uopće biti prisutna da me dijete možda koje mašta radi tristo na sat pita neke stvari.
1:56:46,1:57:00,"Sad imam vrijeme, ok, ja vjerujem da je meni Bog dao pauzu od šest godina, prvo zato što mi je stvarno puno bilo svega u tri godine, da ja stignem malo onako vidjeti šta se sve u meni događalo."
1:57:00,1:57:13,"I sada dijete koje je puno mlađe, da će on moći pratiti možda njegov razvoj puno trezvenije, brže u smislu malo manje straha, čisto iz onog više iskustva."
1:57:15,1:57:16,Jednostavno imam iskustvo.
1:57:17,1:57:28,"I onda ću kroz njega moći neke stvari možda popraviti ako nisu bile dobre ili vidjeti šta sam stvarno dobro radila, a da nisam bila svjesna."
1:57:29,1:57:37,Mislim da tek ono kasnije kad vidiš djecu u što stase i shvatiš ono gdje si ti bio tu cijelim tim putem i tako bilo lijepo kad je moja sve krajeva jednom rekla.
1:57:37,1:57:41,"nešto smo mi zahvaljivali što je napravila ručak ili donijela, ne znam što."
1:57:41,1:57:42,"Da, skužala sam da imaš dobru sve."
1:57:43,1:57:46,"Da, i moj muž ima dobru punicu, baš tu nam je lijepo."
1:57:47,1:57:47,Top.
1:57:48,1:57:48,To je baš blagoslov.
1:57:49,1:57:49,"Da, je."
1:57:50,1:57:57,"I kad je ona imala izjavu, pa ne morate se zahvaljivati, meni je način na koji vi živite život najveća zahvala."
1:57:59,1:58:02,To nama tata treba često reći.
1:58:02,1:58:02,Baš lijepo.
1:58:03,1:58:03,Sve je dobro.
1:58:03,1:58:04,To je baš lijepo.
1:58:04,1:58:05,Vidim kako živite.
1:58:05,1:58:11,"Pogotovo jer odgoj ponekad tijekom odrasle godine ti često čuješ špotanje, bukvice itd."
1:58:11,1:58:15,"Ali ipak kad odrasteš lije, lijepo je čuti da je roditelj na kraju ipak zadovoljan."
1:58:16,1:58:19,"Da, jer ponekad to bude kao poremećaj vas."
1:58:19,1:58:20,Pa da.
1:58:20,1:58:23,"Ali kao odrasla osoba, lijepo je čuti od roditelja da je zadovoljan."
1:58:24,1:58:28,"Naravno, sigurno su strepe još uvijek."
1:58:29,1:58:29,Da.
1:58:29,1:58:32,Ali tek nedavno su možda dobili sliku.
1:58:33,1:58:40,Zamislite da ti sada 20 godina čekaš rezultat svog odricanja.
1:58:40,1:58:40,Da.
1:58:41,1:58:45,"Ja sam nekad mislila, Bože, ovo mora biti nešto jako veliko."
1:58:47,1:58:49,"Hoće li išta biti od ovoga, znaš ono."
1:58:50,1:58:51,Znaš što će biti.
1:58:51,1:58:58,Ali ja sam sigurna da svaka žrtva donese nekog ploda.
1:58:58,1:59:10,"Sad je pitanje kakva očekivanja imamo, ali ono, ja mislim da čovjek jednostavno treba oraj tla bora, moli i radi i ide."
1:59:11,1:59:12,To je siguran put.
1:59:13,1:59:25,"Daj mi recimo za kraj, ja sam puno toga nekako naučila od tebe i kroz ovaj razgovor pogotovo, evo samo toliko koliko žena zapravo toga može."
1:59:25,1:59:31,i super mi je kod tebe što imaš i djecu i ne bojiš se otvorenosti životu.
1:59:32,1:59:39,Ali uz sve to i to što ih i voziš u školu i na aktivnosti i voziš ogroman komi i taksisti.
1:59:39,1:59:40,"Dobro, to mi je zabavno."
1:59:41,1:59:46,Ali uz sve to nisi zatomila i svoj dar i svoje talente i svoje strasti.
1:59:46,1:59:52,"Prihvaćaš nove angažmane, izlaziš iz zone komfora i skalupa, pokušala se i u glumi."
1:59:53,2:00:00,"Tako da tu isto mislim da možeš biti uzor, odnosno ne uzor, možeš biti inspiracija, inspiracija majke."
2:00:00,2:00:01,Ja se nadam da je.
2:00:01,2:00:16,"Pa evo da mi ti reci za kraj što bih htjela da jedna mama koja se slaže s tobom samo u onoj prvoj riječi da je u kaosu, što bih htjela da ponese nakon ovog razgovora?"
2:00:18,2:00:38,"Sad kad si spominjala gdje sam se sve ostvarila, ja sam se zapravo ostvarila u majčinstvu jer sam ne zato što sam super mama, nego zato što sam sve talente koje sam ostvarila uz majčinstvo koristila u majčinstvu."
2:00:39,2:00:50,"Znači, imam ogroman broj videa u kojima ja plešem s djecom, u kojima ja glumam s djecom, izmišljamo neke pričice, pjevamo skupa."
2:00:51,2:00:55,"Čak moja djeca najmanje vole da pjevamo, mislim, jer sam užasno glasna vjerojatno."
2:00:56,2:01:11,"Ali ja sam se prije nego što sam se ostvarila kao pjevačica, kao glumica, kao ne znam šta ću još sve biti u životu, ko zna, te talente sam koristila u majčinstvu."
2:01:11,2:01:16,I to je ono što me spašavalo i to je ono što sam zapravo ja toj djeci trebala dati.
2:01:18,2:01:34,"Da ne glumim mamu, nego da budem mama, ali njihova mama je smiješna, zabavna, stroga, ljuta, pjevačica, glumica, sveživo."
2:01:37,2:01:38,Bila sam autentična.
2:01:38,2:01:47,"Ja vjerujem i nadam se da ono sigurno će mi neka djeca nešto u životu zamjeriti, tko nije roditelj zamjerio, ali ja sam u svakom trenutku s njima uživala."
2:01:48,2:01:51,"I dok smo se vozili, ja obožavam njihovo voziti u autu."
2:01:51,2:01:58,"Samo volim da su tiho jer nemam koncentracije za sve., ali imamo momente kad se sluša glazba, glasno."
2:02:01,2:02:16,"Ja vjerujem da prije nego što počneš gumiti mamu, zapravo trebaš sam sebi na neki način omogućiti i ispuniti želju da tu gdje jesi, možeš raditi što voliš."
2:02:17,2:02:18,Pa možda to i otvori neki drugi put.
2:02:19,2:02:20,"Ajde, ne mora."
2:02:20,2:02:21,Pošlo je lijepo.
2:02:24,2:02:25,Baš lijepo.
2:02:25,2:02:26,Ovo mi je sad došlo.
2:02:26,2:02:27,Wow.
2:02:27,2:02:27,Tako da.
2:02:27,2:02:30,Samo sam mislila da si to ne bi premjela kad bi se pridružila.
2:02:30,2:02:30,"Ne, nisam."
2:02:30,2:02:31,Zbilja nisam.
2:02:31,2:02:32,Kad si počela govoriti.
2:02:33,2:02:34,To mi je najgore zapravo.
2:02:36,2:02:37,Što reći kao poruku za kraj?
2:02:37,2:02:41,"Kad god mora biti neka definicija nešto službeno, ja tu fakat ne funkcioniram."
2:02:42,2:02:46,"Ali kad si počela govoriti, meni su samo slike dolazile."
2:02:47,2:02:54,"A meni sad samo dolazi, a vjerojatno će se svako sadko slušati to implementirati u svom životu, u svoj kontekst."
2:02:54,2:03:02,"Ja sad razmišljam, ok, ja sad ovo ovako pozorno slušam, razgovaram, bitno mi je što si ovdje, što si izdvojila svoje vrijeme, bitno mi je ovo vrijeme."
2:03:03,2:03:08,"I kao, baš mi je došlo pitanje, koristim li ja to prvenstveno u majčinstvu?"
2:03:08,2:03:12,"Jesam li, cijenim li to vrijeme, slušam li s tom pažnjom?om djecu?"
2:03:13,2:03:14,"A gled, baš lijepo."
2:03:14,2:03:17,"Dok je to trajalo, sam mislila da nisam dovoljno tu."
2:03:18,2:03:19,"Ako želiš, hoću reći."
2:03:19,2:03:19,"Da, da, da."
2:03:20,2:03:21,Ali sad vidim da jesam.
2:03:22,2:03:27,"I sigurno je bilo momenta kada su me možda više trebali, mene nije bilo."
2:03:27,2:03:28,Ali.
2:03:30,2:03:31,To je škola.
2:03:31,2:03:33,"To je upravo to, to je škola."
2:03:33,2:03:37,"I ja, recimo, da sam ti, ja bih se igrala intervjua s djecom."
2:03:38,2:03:39,Čak mislim da ću to uraditi.
2:03:41,2:03:43,"Jednom smo čak snimili, ali ja za njegov rođendan."
2:03:45,2:03:47,Baš lijepa poruka za kraj.
2:03:48,2:03:49,Hvala ti na ovom razgovoru.
2:03:50,2:03:50,Hvala te.
2:03:51,2:03:53,Jako si ugodna sugovornica.
2:03:54,2:03:54,Hvala ljudima.
2:03:54,2:03:56,Možda se tu nazire neki novi.
2:03:57,2:03:58,Sad ću još i voditeljica.
2:03:59,2:04:00,"Da, da, da, novi smjer."
2:04:00,2:04:00,Mogu te vidjeti.
2:04:01,2:04:02,Apsolutno.
2:04:02,2:04:04,I to sam voljela biti komala.
2:04:04,2:04:05,"Da, to mogu zamisliti."
2:04:08,2:04:10,I jako si onako televizična.
2:04:10,2:04:11,Imaš to lice.
2:04:11,2:04:12,Hvala ljudima.
2:04:12,2:04:14,Isto sigurno nisam prva koja to govorim.
2:04:14,2:04:14,Samo kako.
2:04:16,2:04:18,Ja već razmišljam koju ću emisiju voditi.
2:04:21,2:04:24,O tome ćemo sad nastaviti ovaj kad se ugase kamere.
2:04:24,2:04:26,Skoro sam te pitala kako da se pripremim.
2:04:29,2:04:32,Još jednom ti hvala i nadam se da se vidimo nekom drugom prilikom.
2:04:33,2:04:35,Također hvala ti na pozivu.
2:04:35,2:04:40,"A vama svima koji ste ostali do kraja našeg razgovora, hvala na vašem vremenu i na vašoj pažnji i podršci."
2:04:41,2:04:46,"Ako još niste svakako se pretplatite na ovaj YouTube kanal, možete podržati moj rad na Patreonu."
2:04:46,2:04:49,"Ako to već činite, od srca vam hvala."
2:04:49,2:04:51,A mi se vidimo u idućoj epizodi.
2:04:51,2:04:52,Bye!
