Start (HH:MM:SS),End (HH:MM:SS),Segment
0:00:03,0:00:04,Logopetski podcast.
0:00:05,0:00:05,Dijalog.
0:00:09,0:00:12,Otvaranje privatne prakse nije samo jedan veliki korak u karijeri.
0:00:12,0:00:15,To je osim poslovne i emocionalna i osobna odluka.
0:00:16,0:00:23,"Danas istražujemo što sve stoji iza te odluke, od ideje i hrabrosti do opreme, brandinga i zakonskih okvira."
0:00:23,0:00:33,"Prispjelo nam je mnoštvo vaših pitanja na ovu temu, a odgovore će nam pružiti moja imenjakinja, vlasnica logopetskog kabineta Logoratio Laura Knezović."
0:00:34,0:00:35,"Laura, dobrodošla."
0:00:35,0:00:35,Hvala ti.
0:00:36,0:00:38,Ova tema je toliko popularna.
0:00:39,0:00:47,"Ja sam evo probala sažeti sva ta pitanja u ovu pripremu, vidjet ćemo koliko ćemo toga stići i odgovoriti, ali očito postoji jako velik interes."
0:00:47,0:00:48,"Da, sve više i više."
0:00:49,0:00:49,Sve više i više.
0:00:50,0:00:51,Pa evo krenimo od početka.
0:00:52,0:00:55,"Sjećate li se trenutka kad si ti odlučila, e otvorit ću svoj kabinet?"
0:00:56,0:00:57,Što to uopće potaknulo na to?
0:00:58,0:01:16,"Pa da, iako općenito taj nekakav smjer otvaranja kabineta, to je već urođeno još od prije, znači još tijekom možda faksa, nekako još i prije toga, iako je logopedija nekako bio izvanredan izbor i sve je ishitreno bilo s njom kao i sve ostale odluke."
0:01:17,0:01:19,Tako da je otvaranje bilo ishitreno kao i sve do sad.
0:01:20,0:01:52,"Tako da nekako još i prije od te ljubavi prema hrvatskom jeziku općenito, hrvatski jezik gdje se to usmjeriti, kako itede, nekako je išlo u tom smjeru logopedije i onda sami upis na tu logopediju, gdje to logoped radi, imaš razne, stvarno smo rašireni, svugdje ima i školstvo i zdravstvo i taj neki privatni dio i kako smo nekako svi obiteljski usmjereni, ja mislim isto u tom nekom smjeru, nekako je to uvijek bilo uređeno u glavi, nekako jednog dana ja ću to na tu neku, na tu stranu otići, na tu igrati."
0:01:53,0:01:55,I onda je to išlo u tome smjeru.
0:01:55,0:01:59,"Čim sam ja u biti upisala faksa, znala sam, ok, sad će se to nekad dogoditi."
0:01:59,0:02:01,"Međutim, mislila sam nekad kasnije."
0:02:01,0:02:07,"I kako sam ga završila, što je vrijeme više odmicalo, bilo mi je u glavi, ok, kasnije će možda biti teže."
0:02:07,0:02:09,"Mislim, nikad nisi u potpunosti spreman."
0:02:09,0:02:12,"Pa onda kao, bit će možda teže još i kasnije."
0:02:13,0:02:15,"I jednog dana mi je samo bilo, ok, sad ili nikad."
0:02:15,0:02:18,"Znači, moram krenuti, ako hoću, to je to."
0:02:20,0:02:22,"I onda je to bilo, ok, ajmo, to ćemo sad riješiti, to je to."
0:02:23,0:02:24,Tako da je baš bilo ishitreno.
0:02:25,0:02:35,"I brzo se jako izdešavalo, i mi smo ispričali čuli sve, ali to je nekako se tako brzo išlo, išlo, išlo da zapravo nisam bila svjesna dokad nije krenulo raditi onako."
0:02:35,0:02:36,Nije bilo vremena za dvojbe o tome.
0:02:37,0:02:37,"Ne, samo i ono."
0:02:39,0:02:53,"Zbog nekih tih drugih okolnosti, isto životnih, kako sam se našla u tom preseljenju, pa sada ta nekretnina, pa ono, bilo su to stvari, jednostavno nisam se u svemu tom snašla i rekao, OK, sad ću to napraviti, to je to, kasnije neću."
0:02:54,0:02:55,Sigurno.
0:02:56,0:02:59,Govorit ćemo kasnije malo o tom iskustvu koje si rekla.
0:03:00,0:03:03,Zanima me jeseli u početku radila negdje drugdje?
0:03:03,0:03:15,"Znam da si imala naravno nešto radnog iskustva prije nego što si otvorila baš svoj kabinet, ali jesi li paralelno već planirala taj svoj kabinet ili si odmah full time počela i samo se posvetila otvaranju kabineta?"
0:03:16,0:03:18,"Da, samo sam to svoje."
0:03:18,0:03:19,"Kad sam krenula svoj, samo sam svoj."
0:03:20,0:03:27,"Iako vidim da neki rade isto tipa u sustavu, imaju obrt, što isto možda nije loše jer svako nekako gleda što njemu više odgovara."
0:03:28,0:03:43,"Ja sam radila prije u privatnom i uvijek sam radila biti u privatnom i prije toga je bio privatni kabinet, znači dva privatna za redom i nekako kad vidiš, OK., ovo je nekako ovako, ovo je drugačije, nešto ti iskombiniraš i vidiš što je tebi u biti najgodnije."
0:03:43,0:03:53,"Nekako me to u biti potaknulo, tu mi nešto nije štimalo, kao i svakom, jer nešto nije dobro od atmosfere, od plaće, možda od ovoga, od onoga, od materijala, od opreme."
0:03:54,0:04:01,"I svugdje nešto nije bilo, a nekako sam općenito osoba koja, ako ne napravim to kako ja hoću, nisam dobro."
0:04:01,0:04:04,"Znači, mogu potvrditi iz prve ruke."
0:04:05,0:04:06,Ja ću to prepraviti kako god.
0:04:08,0:04:13,"Tako da je više bilo nekako da moram, tako i tako, sama to."
0:04:14,0:04:21,"Ja sam se odlučila iskreno, o čemu možemo možda i kasnije, zbog poticaja moraš biti nezaposlen."
0:04:21,0:04:27,Tako da nisam mogla paralelno svoj obrt i još negdje biti jer sam aplicirala na poticaje.
0:04:27,0:04:28,"Znači, jasno."
0:04:28,0:04:42,"Kažem, možemo o tome kasnije, ali baš iz te u biti iz tog razloga, nekako sam se full time onda i posvetila tome i mislim da ja ne bi to dobro handlala da sam imala još neki posao sa strane i to."
0:04:42,0:04:51,"Znači, baš kako je to išlo i prema tom dobrom brandingu i sve nekako da bude start onako kako treba, moraš to u potpunosti posvetiti."
0:04:51,0:04:52,Ja bih rekla.
0:04:52,0:04:57,"Tako da onda je više bilo, sad ću se ostaviti sa strane i idemo samo u taj projekt."
0:04:59,0:05:00,Koliko ti je bilo to stresno?
0:05:01,0:05:04,"Možda i emocionalno, ali i financijski taj sam početak."
0:05:06,0:05:11,"Pa bilo je jako, jako, kažem ti je bilo jako ubrzano, tako da ni ne osjetiš možda toliko."
0:05:12,0:05:20,"Ali od svih tih stvari koje moraš, malo si izgubljen na početku, sam si u tome, mislim, ti uvijek imaš nekoga i nekom se obratiti, ali uopće si sam."
0:05:20,0:05:25,"Tako da financijski apsolutno stresno, normalno, mislim da nikad nisi spreman na to."
0:05:25,0:05:27,"Kažem, zato sam i aplicirala na poticaje."
0:05:27,0:05:35,Ne znam koliko bi ti zapravo svotu novaca trebao imati na raspolaganju da si ti sad financijski 100% spreman otvoriti nešto svoje.
0:05:36,0:05:41,"Pogotovo što to veže sve nešto drugo, znači od prostora, od dodatnih nekih troškova i toga svega."
0:05:41,0:05:43,Tako da financijski je bilo stresno.
0:05:44,0:05:52,"Pogotovo zbog te moje situacije gdje sam, kažem, ti selila se pa zbog nekih stvari gdje nikad nećeš ti taj osobni život moći nekako staviti sa strane."
0:05:53,0:05:55,"Znači, uvijek će ti teći sve prirodno."
0:05:56,0:06:00,Sad je na tebi koliko ćeš ti onda poslovno i osobno spajati ili razdvojiti.
0:06:00,0:06:06,"Dakle, meni je bilo znam, znam šta mi se događa osobno i šta se sve događa i koliko je projekata tu ima, ali ovo je priča za sebe."
0:06:07,0:06:08,I idemo sad kao u tome smjeru.
0:06:09,0:06:12,Tako da je i financijski bilo stresno i emocionalno.
0:06:13,0:06:18,"Jer ti to ne možeš proživljavati, ali i organizacijski, organizacijski je bilo jako stresno."
0:06:18,0:06:32,"Jer nemaš nikakav, niko ti ne pruži neki kao hodogram, gled, tu ti je sad sve zapisano, ideš korak po korak, sad ti to se lijepo riješi i to jako lijepo u našem sustavu je oteče, sad ćeš ti jednu stvar napraviti, poklacit se pa idemo na drugu jer naravno nećeš."
0:06:33,0:06:35,"Tako da, bilo je."
0:06:35,0:06:37,Ja mislim da što se prije pomiriš.
0:06:37,0:06:40,"da to neće tako gledati, da će ti biti lakše."
0:06:40,0:06:44,Baš je bilo pitanje kao imate li neki hodogram za otvaranje kabineta.
0:06:45,0:06:49,"Nema, mislim, Laura će pružiti svoje iskustvo, ali to ne znači da će za sve vrijediti isto."
0:06:50,0:06:56,"I mislim da je tu jako bitno ovo što si rekla, taj karakter i kako jednostavno pristupaš tome."
0:06:56,0:07:05,"Ako ulaziš u to sa puno straha i nekakvih dvojbi, nesigurnosti u sebe, normalno da će onda i rezultat toga biti nešto drugačiji."
0:07:05,0:07:06,"Da, apsolutno."
0:07:07,0:07:13,"Isto tako, spomenuli smo već to iskustvo, misliš da moraš imati ne znam koliko godina."
0:07:13,0:07:16,iskustva prije nego što otvoriš svoj kabinet.
0:07:16,0:07:20,Kao da to bude neko opravdanje zašto si otvorila svoj privatni kabinet.
0:07:20,0:07:23,Pa to mislim da stvarno ljudi se dvoje.
0:07:23,0:07:27,"Mislim i vjerujem da i svi misle, OK, ja sam isto jako brzo otvorila."
0:07:27,0:07:32,To je realno bila godina i pol pravog iskustva u radu.
0:07:33,0:07:37,Ali ja mislim da ti nikad ne možeš dovoljno iskustva u takvoj nijako.
0:07:37,0:07:40,"Znači cijeli život kad stječeš, cijelo vrijeme moraš raditi na tome i na sebi."
0:07:41,0:07:45,"Nebitno da radiš u nekom tuđem kabinetu, pa stječeš to iskustvo ili sam za sebe."
0:07:45,0:07:50,Sad na tebi je kako ćeš se nositi s tim novim situacijama s kojima se susretneš.
0:07:51,0:08:02,"I nakon godinu dana, svaki dan dođeš neke roditelje s nekom novom pričom, s novom situacijom, niti možeš utjecati na te neke druge ljude koji ljudima stvaraju općenito stres koji šalju dalje."
0:08:03,0:08:09,"To će se i za deset godina događati i da radiš dvije godine, i deset i dva mjeseca, znači događat će se."
0:08:10,0:08:12,To iskustvo može jedino koliko si ti siguran sam u sebe.
0:08:13,0:08:19,"Pa onda, kao možda, ok, sad ću ja skupiti ne znam tri godine iskustva, sigurnija sam u sebe, idemo otvoriti."
0:08:19,0:08:31,"Sigurno, naravno, puno bolje ćeš raditi, puno toga si prošao, bolje ćeš se nositi sa situacijama, možda i postaviti, ali tako i tako stalno radiš na sebi, barem bi trebao, da."
0:08:31,0:08:36,"Tako da kako god da to nekako ide u tom smjeru, trebati puno iskustva, stječeš ga neovisno."
0:08:37,0:08:40,"Zaradiš ga nekog drugog, radiš sam za sebe, možeš ga stjecati."
0:08:40,0:08:47,"Sad na tebi je, kažem, koliko će se ti stresno nositi sa nekom situacijom koja je stresna, imamo sada."
0:08:47,0:08:47,Jasno.
0:08:48,0:08:50,Tako da uvijek će biti manjka iskustva.
0:08:50,0:08:52,"Baš sam ti ja rekao, uvijek ćeš biti početnik."
0:08:52,0:08:57,"Da, dakle početnik ćeš biti, uvijek zabluda je da u sustavimaš nekog mentora."
0:08:57,0:09:07,"To su stvarno oni sretnici koji uspiju, baš pravo mentorstvo imati dok stažiraju ili dok su pripravnici nebitno, većinom si prepuštan sam sebi."
0:09:07,0:09:12,"Pa da, ja sam najviše čak možda iskustva mentorskog skupila kao student u biti."
0:09:12,0:09:21,"I ta zadnja možda peta godina kad sam studentski radila, tad su me cure stvarno mentorirale jako dobro u privatnom kabinetu i to mi je bilo super."
0:09:21,0:09:24,"Ali ja sam tamo dosta i osim što sam radila, volontirala."
0:09:24,0:09:28,"Znači, samo od sebe dođeš i odradiš tri, četiri sata."
0:09:28,0:09:33,"To je stvarno jako puno za odraditi besplatno za nekoga, ali ti radiš uz nekoga i netko ti pokazuje."
0:09:33,0:09:38,"To je sve, olakša još možda malo toj osobi, ali to iskustvo koje stječeš je je neusporedivo bitno za dalje."
0:09:39,0:09:44,I dan danas se znam referirati na neku situaciju koja je bila prije tri godine u tom kabinetu.
0:09:44,0:09:51,I sjetim se toga i kako smo se nosili s tom situacijom i probam ponovno da primijeti što smo tad prošli.
0:09:51,0:09:54,Tako da apsolutno samo nadograđuješ.
0:09:54,0:09:58,Spomenula si ranije već da je tvoja obitelj cijela tog poduzetničkog duha.
0:09:59,0:10:07,"Pa me sad zanima kako su i tvoja obitelj, ali i prijatelji, kolege reagirali na tu, kad si mi rekla, evo, ja mislim da će ja otvoriti svoj kabinet."
0:10:08,0:10:12,"E to je bilo dosta, svako na svoju stranu nekako."
0:10:12,0:10:13,Obitelj možda je su oni.
0:10:13,0:10:22,"manje upoznati sa našom problematikom, iako su svi privatnici, mislim svi, to su drugačije branše i drugačija potražnja."
0:10:22,0:10:27,"Ne znaju oni kakva je naša potražnja, kakva je potreba za logopedom."
0:10:27,0:10:29,"Oke, deficitno zanimanje i to je to."
0:10:29,0:10:33,"Svi su nekako bili i ona kao, pa diče ti skupi 30 djece svaki dan."
0:10:34,0:10:37,"Mislim svi ona skupi će ih 130, tu u parizu."
0:10:39,0:10:41,"Nažalost, takve situacije danas ih ima sve više i više."
0:10:41,0:10:47,"Što je logopedija raste kao znanost, diže se svijest, samo idemo u dubinu tu gdje je potreba sve veća i veća."
0:10:48,0:11:00,"I osim osla i faktora koji utječu na to, stvarno previše djece sad treba, a logopedija je to hvala Bogu širok aspekt i stvarno imati tu posla u svakom dijelu."
0:11:01,0:11:07,Tako da imamo onda potražnju i sad to ovisi kako će ko shvatiti.
0:11:07,0:11:16,"Naprimjer, kolegice su više bile ono super, jako top ideja, idemo u tom smjeru, bile su baš podrška dok je obitelj bila, ipak je to neka sigurnost."
0:11:16,0:11:19,"Radiš kod nekoga, godišnji ti je plaćeno, voli bi se, Laura."
0:11:20,0:11:25,"Bolovanje ti je plaćeno, zašto ne više u sustav, lakše ćeš dignu kredit itd."
0:11:26,0:11:28,A to je malo i generacijske razlike isto tako.
0:11:30,0:11:35,"Definitivno, mislim, Min, tvoja prijateljica kad si nam rekla, isto je tako važno opet taj karakter."
0:11:35,0:11:47,"Mi smo sve znali da će se to u nekom trenutku dogoditi, da ćeš otvoriti svoj kabinet i baš mi je drago da si se odlučila u svom mjestu, u Zabržiću otvoriti kabinet, pružiti toj zajednici ono za čime zajednica vapi tamo."
0:11:49,0:11:55,"I znala sam naravno da je izazovan to korak i da će to biti stresno i svašta, ali jednostavno te nisam vidjela nigdje drugdje."
0:11:56,0:11:56,Pa nije sebe.
0:11:57,0:12:01,"Da, stvarno, nisam ti posobe koji je ono od 9 do 5, od 8 do 4."
0:12:01,0:12:02,"osam do četiri, kako god imaš radno vrijeme."
0:12:03,0:12:06,"Više sam ti pomalo od 0 do 24, znači sad radiš stalno."
0:12:08,0:12:14,"Ali, kao opet nekako, to ti je ta sloboda, plusovi i minusovi od tog privatnog smjera."
0:12:14,0:12:21,"Tako da, bili su podrška u smislu, ok, znaš onu ambiciju da si radiš što hoćeš, znaš da će se potruditi, potrudit ću se."
0:12:21,0:12:27,"I što je najgore što se može, da ježi zatvoriš ga i odlaziš negdje, radiš drugdje, odlaziš sustavno."
0:12:27,0:12:29,"Ima natječaja, hvala Bogu, možeš biti bilo gdje."
0:12:30,0:12:33,"Znači, najgora stvar može biti da moraš to zatvoriti, mislim."
0:12:33,0:12:35,"Da, a nije ni to smatra svijeta."
0:12:36,0:12:45,"E sad, konkretnije, spomenuli smo ti poticaje, idemo na onaj manje lijepi dio otvaranja kabineta, to je hrvatska birokracija, papirologija."
0:12:46,0:12:47,Kako je to izgledalo?
0:12:47,0:12:49,Kako uopće otvoriš svoj kabinet?
0:12:50,0:12:55,"E to sam se morala malo prisjetiti jer je prošlo stvarno vremena, malo čovjek zaboravi."
0:12:56,0:13:01,"Iako znam da me najviše, to svima hoću reći, čak oko toga ako otvaraš baš obrt."
0:13:01,0:13:09,"Ja sam otvorila obrt, iako se preporuča firma, ja ću isto prijeći na firmu jer više nemamo logopedsku djelatnost pod za obrtnike."
0:13:10,0:13:16,"Tako da bolje možda firma, za to sad ne znam kako je točno išlo."
0:13:16,0:13:24,"Ja ću možda gledati taj IDO, znači ima razlika, najbolje se to možda informirati kod nekog istog knjigovođa, nekog koji je u principu više za to."
0:13:24,0:13:31,"Međutim, to otvaranje obrta, koliko god da je stresno, super mi je bila stranica, mislim da se zove plavi ured, tako neka."
0:13:31,0:13:36,"I oni imaju super hodogram za otvaranje obrta, znači u principu neke korake koje moraš proći."
0:13:38,0:13:52,"Između ostalog, ja pošto sam aplicirao na te poticaje, glavni dio papirologije meni je bio taj da riješim poslovni plan, da napišem kvalitetan poslovni plan koji će onda odobrit, poticaj su, čini mi se, bili iz EU fondova za male poduzetnike."
0:13:53,0:13:54,I to ti je oko 7000 eura.
0:13:54,0:13:57,"I ti sad imaš tu dio koji moraš pravditi, koji ne moraš."
0:13:57,0:14:02,"Super je ovaj dio koji ne moraš, možeš puno didaktike kupiti i opremiti kabinet u tom nekom smjeru."
0:14:02,0:14:13,"A ovo je što pravdaš ti je više možda tako tablete ili nekakva računala, nešto što je nužno za logopedsku djelatnost, jer općenito za nekakvu obrt, da to funkcionira."
0:14:14,0:14:16,I to je super iz tog nekog financijskog dijela.
0:14:18,0:14:21,I taj dio sa poticajem duže traje.
0:14:21,0:14:24,Mislim da to sve ovisi koliko ljudi u tom trenutku aplicira.
0:14:24,0:14:31,"Tako da ako će neko aplicilicira, znači apsolutno moraš dati otkaz, ići na burzu i onda pisati taj plan za poticaj i predati ga."
0:14:32,0:14:34,"Kad ti ga oni odobre, onda ideš dalje."
0:14:35,0:14:39,"I kad su ga odobrili, idemo u pobrtnicu, idemo otvoriti obrt baš."
0:14:39,0:14:41,"To se može i online, ali duže traje."
0:14:41,0:14:47,Ja sam baš išla u taj podružni ured u Zaprešiću i to onda ide brže nešto.
0:14:48,0:14:52,Možeš napraviti svoj žig i bez žiga ništa i onda...
0:14:53,0:14:54,Ne treba ni pečati.
0:14:58,0:15:01,Onda nakon toga čini mi se mirovinsko i zdravstveno.
0:15:01,0:15:02,odmah uče.
0:15:02,0:15:04,"Čim to predaš na mirovni spor, on povuče zdravstveno."
0:15:05,0:15:13,"I na kraju krajeva, naravno, naša najdraža porezna, ako se moraš javiti i reći hoćeš razred, bit će znaju reći neko, moraš plaćati."
0:15:15,0:15:24,"I na početku, mislim da čini mi se, prve dvije godine, nisi oslobođen plaćati kao obrtničkoj komori neki njihov doprinos, a onda kasnije moraš."
0:15:25,0:15:31,"Znači, ovisi sve, firma i obrti stvarno je u potpunosti različito, baš se treba informirati što želiš."
0:15:31,0:15:37,"Za firmu ti treba puno, puno veći kapital, a obrti je ko nekakav, eto sam zabrao, moraš."
0:15:37,0:15:40,"Eto, sam zabrao, moraš otvorići račun, ali možeš koristiti svoj privatni."
0:15:40,0:15:47,"Dakle, to je on nekakav privatni tvoj račun na kojem su ti novci i koristiš bez nekakvog pravdanja."
0:15:47,0:15:50,"Dok firmu sve moraš pravdati, svaki trošak."
0:15:50,0:15:57,"Tako da, to je više ta papirologija bila malo je dugotrajna, ali meni se nekako to lijepo stvarno posložilo."
0:15:57,0:15:59,"Ne mogu reći, mislim da je mjesec vama trajalo."
0:16:00,0:16:02,"Zvijezda su ti se posložile, bilo je slučajno."
0:16:04,0:16:06,"Spomenuo si taj poslovni plan, kako to izgleda?"
0:16:06,0:16:08,"Jesi li imao nekakav primjer, obrazac?"
0:16:09,0:16:14,"Da, meni je tu najviše pomogla iskreno moja Šogorica, Matea."
0:16:14,0:16:20,"Ona je isto u privatnom, u branši, međutim ona je kozmetika kao i više."
0:16:20,0:16:28,"I sve jedno, općenito u tom svom poslovnom svijetu mi je ona dosta pomogla i doslovno me usmjerila jer je ona isto kao i puno mlađa u principu krenula."
0:16:28,0:16:32,Tako da je ona dosta tu iskustva već skupila i usmjerila me.
0:16:32,0:16:40,"Piše se taj poslovni plan, on se iz godine u godinu malo nešto razlikuje i mijenja, tako da je najbolje opet provjeriti na njihovoj službenoj stranici."
0:16:41,0:16:45,"Poslovni plan je užasno jednostavan za napisati, tako ga ti možeš kvalitetno opisati."
0:16:45,0:16:53,"Dakle, ako imaš jasnu viziju što ćeš i kako ćeš i kojim ćeš smjeritiu ići, to je stvarno, nije tu puno sad nešto posla."
0:16:53,0:17:06,"Jedino taj troškovnik ima taj dio, znači imaš dio u kojem ti objašnjavaš što želiš raditi, oni ti to gledaju koliko u principu sad da apliciraš na, ne znam, možda na kozmetički studij, možda malo teže ćeš dobiti poticaje."
0:17:06,0:17:25,"Dok, naprimjer, naša branša, takva kakva je, ne znam kakva je situacija u Zagrebu, evo u Zaprešiću je bio jedan kabinet, znači nije sad da radiš nekakvu ogromnu konkurenciju, pišeš zašto se razlikuješ od tog kabineta, po čemu bi se razlikovalo i taj neki teorijski dio, a u troškovniku moraš priložiti nekakav plan otprilike kolika bi bila."
0:17:25,0:17:30,tvoja zarada i da li bi ti preživio kao nekakav obrtnik u principu i da li bi zaradio.
0:17:30,0:17:38,I prema tome u biti sam sebi isto možeš lijepo vidjeti koliko bi mogao u biti imati zarade na mjesečnoj bazi i onda to predaš.
0:17:38,0:17:40,To nije baš nešto bilo komplicirano.
0:17:40,0:17:54,"Ono što je možda bilo kompliciranije je što moraš za sve što ti želiš u kabinetu poslati upite da dobiješ predračun nekakav kao nekakvu ponudu, tipa za, ne znam, trog sam slala, za vibrofon, za sve."
0:17:54,0:17:57,Znači ti trebaš dobiti nekakav predračun i onda to njima priložiš.
0:17:57,0:18:09,"Ali nije ni to nešto, jel sad, samo se treba dobro organizirati što bi volio u svom kabinetu i kako bi ga opremio, u kojem ćeš smjeru ići možda kasnije, no ne kupuješ bezveznu opremu koja ti neće nužno koristiti."
0:18:10,0:18:16,"Tako da i nešto što ti možda nije nužno da ne trošiš novce na to, rađe ih ostaviti pa kasnije na nešto drugo potrošiti."
0:18:17,0:18:24,"Već si spomenula Mateu koja ti je pomogla za taj poslovni dio, s kime si još razgovarala kad si planirala cijeli taj aspekt?"
0:18:25,0:18:27,Je li to bilo nekog knjigovođa ili pravnik?
0:18:28,0:18:35,"Da, super se posavjetovati s nekim koji je možda najviše u tome, s knjigovođom i sa javnim bilježnikom."
0:18:36,0:18:38,Dosta smo se hvalili da.
0:18:41,0:18:47,"I kako stalno ideš kod tog javnog bilježnika, za sve trebaš njegov potpis, onda kako ne bi čovjeka poznavao."
0:18:49,0:18:54,"Tako da sam s njim isto prošla te neke stvari, neku tehnikaliju možda, mislim to su i pravnici."
0:18:56,0:19:02,"I sa knjigovođom, ali nisu ni oni apsolutno u tom smjeru tih poticaja."
0:19:02,0:19:05,"To baš moraš na njihovoj stranici, bi ja rekla."
0:19:05,0:19:12,"I možda s nekim od tamo, mi kad smo i potpisivali ugovor su nam rekli možete se vi posavjetovati sa knjigovođom, ali radije kontaktirajte nas."
0:19:13,0:19:18,"Znači, rađujte kontakte njih ako ideš preko tih poticaja jer oni najbolje znaju svoj pravilnik."
0:19:18,0:19:19,"Nema smisla, bez veze, nešto."
0:19:20,0:19:22,"Meni je moj knjigovođa rekao, ja mogu to kupiti."
0:19:24,0:19:28,"Tako da, najbolje možda ako apliciraš na poticaje, to dosta dobro istražit."
0:19:28,0:19:34,"Iako kažem, nije uopće komplicirano, baš imaju sve lijepo navedeno, ono for da misle lijepo korak je, znaš."
0:19:34,0:19:36,"Mislim, ja sam takva bila."
0:19:37,0:19:42,"Tako da, biti najbitniji je taj dio njima, čini mi se da ti moraš biti jedan dan na burzi."
0:19:43,0:19:45,"Tako da, ovo je ono što se ja pojavljam."
0:19:46,0:19:46,"Tako da, to."
0:19:47,0:19:52,"Ali, nekako, najviše sam ja to, čini mi se, s Matejom, misle komunicirala."
0:19:52,0:19:58,"Kažem, ona ima baš super nekakvu viziju tog svoga, isto salona."
0:19:58,0:20:01,"I onda mi je ona puno pomogla u tome, prošla isto neke edukacije."
0:20:02,0:20:06,Onda me je usmjerilo gdje bih ja mogla te poslovne edukacije stvarno ima dosta.
0:20:07,0:20:17,"I ne treba pisati neku bezveze, treba vidjeti od koga se gleda ta poslovna edukacija i kome uzimaš i kome daješ taj novac i svoje vrijeme i ko će te usmjeriti."
0:20:17,0:20:26,"Znači, to treba biti od nekoga koji je stvarno iskusan u tome području u smislu da i on sam znači da krećeš od nule."
0:20:26,0:20:28,Znači ne krećeš sa nekakvom pozadinom.
0:20:28,0:20:32,"Mislim hvala Bogu neko možda ima, ali treba shvatiti da osoba kreće od nule."
0:20:32,0:20:38,"Niti imam prostora, niti imam novaca za nekakve doprinose, niti za ne znam kakve sve izdatke."
0:20:38,0:20:39,Znači nemam ništa.
0:20:40,0:20:41,Samo ono što mi daje u fond.
0:20:41,0:20:43,To je to što ja imam i s čim mogu barat.
0:20:44,0:20:49,"I sad meni treba neko izaći u susret, čekaj da mi molim te isplatite novce da ti ja mogu vratiti."
0:20:49,0:20:57,Znači ne možeš sad ići sa pretpostavkom da ja imam ne znam koliko kod sebe novaca koji će onda iskoristiti i sad je najlakše doći otvoriti.
0:20:57,0:20:58,Najlakše doći u otvoriti.
0:20:58,0:20:59,"Da, da, da."
0:20:59,0:21:00,Ali treba tu sad tu pozadinu iza kulisa.
0:21:01,0:21:01,ima dosta toga.
0:21:03,0:21:16,"Mislim da je to super savjet i da možda to je nešto što ljudima ne padne odmah iz prve na pamet, a to je da ne mora netko biti nužno logoped, uspješni privatnik da ti da dobar poslovni savjet."
0:21:16,0:21:16,Apsolutno.
0:21:17,0:21:18,"Znači, baš mi je super ovo."
0:21:18,0:21:27,"Znači, Matea koja ima svoj kozmetički salon i pruža takvu vrstu usluga je ipak ti mogla dati hrpetinu poslovnih savjeta koje ti možeš primijeniti na svoj obrt."
0:21:28,0:21:42,"Ti si na kraju krajeva se susrećeš sa klijentima, isto kako se i ona susreće sa klijentima, isto imaš otkazivanje termina, isto imaš otkazivanje, ne pojavljivanje, ne pojavljivanje, ne plaćanje, susrećeš se u suštini sa svime što se svaki obrtnik susreće."
0:21:42,0:21:55,Isto tako moja prijateljica je otvorila svoj frizerski salon gdje ja njoj mogu dati neke svoje savjete jer ja ga imam opet duže gdje bi ona mogla i kako bi ona mogla regulirati.
0:21:55,0:22:04,"Apsolutno je drugačija branša i moja i njena imatejna, ali svi ti neki savjeti u suštini dosta dobro se drže i dosta dobro vrijede."
0:22:04,0:22:13,"Čim se ti postaviš u početku i u glavi svojoj i prema drugim ljudima, s tim nekakvim svojim pravilima i minimalnim uvjetima koje hoće ti ljudi."
0:22:13,0:22:16,"postignu i dođu do toga, apsolutno ide puno, puno lakše."
0:22:17,0:22:27,"Tako da, i moram u biti reći, i jedna logopedinja mi je isto dosta pomogla, ona mi je bila super, ona je inače i u coachingu, čini mi se."
0:22:29,0:22:44,"Ne znam što je logoped i taj coaching, još nešto možda, ali uglavnom Lea Horvat, ona mi je bila super i ona je imala svoj kabinet, ona me dosta usmjerila, isto osim tog poslovnog dijela kako prezentirati sam sebe."
0:22:45,0:22:48,"Tako da, čini mi se da ona još uvijek ima te edukacije."
0:22:49,0:23:08,"nadam se i evo ona mi je bila apsolutno super, tako da možda i u nešto u tom svijetu, nekom malo srodnijem i opet da te razumije što se tiče ipak i to sa djecom i ne znam bolesti djece u otkazivanju naprimjer dok kod mate je to cure, studentice, bla bla bla ako ne dođe."
0:23:08,0:23:11,Znači opet je nekako malo drugačija ta nekakva strana empatije.
0:23:11,0:23:11,"Da, dinamika."
0:23:12,0:23:20,"Tako da ona mi je evo bila super, čini mi se da je ona isto u tom nekom poslovnom svijetu, u tom nekakvom prezentaciji same sebe isto dosta pomogla."
0:23:21,0:23:25,"Mislim da je tu isto tako ključno biti otvorenog uma i biti spreman učiti g, griješiti."
0:23:26,0:23:39,"Naravno da ti imaš neku svoju viziju kako će izgledati stvari u tom kabinetu i kako će poslovanje funkcionirati, ali ako neko tko već godinama imao obrti, daje neki savjet zato što funkcionira, onda bi ga trebao vjerojatno da."
0:23:39,0:23:40,"Da, ja sam sve savjete."
0:23:40,0:23:47,"Čak i ako ti nešto ne paše u tom trenu, možda i misliš, ja to tako neću sigurno, apsolutno sve privatizirati."
0:23:48,0:23:48,Možda hoćeš.
0:23:49,0:23:50,Ili barem isprava.
0:23:51,0:23:52,Isprava je pa vidi kako ti odgovara.
0:23:53,0:23:53,"A i to, da."
0:23:54,0:23:56,Ali mislim da tu treba biti dosta ovako fleksibilan.
0:23:56,0:23:57,"Da, da."
0:23:59,0:24:05,"Dolazimo do najzabavnijeg dijela, najviše spajesti dijela, a to je zakon."
0:24:06,0:24:11,"Mnogo nakon jedno pitanje, samo je pisalo što mislite o zakonu i pisalo je zakon sa velike z i to je to."
0:24:12,0:24:16,"Znači, uopće se ne mora spomenuti o kojem se zakonu radi da zakon ulovljen."
0:24:17,0:24:22,"Jedan jedini i MTU standard, odnosno minimalni tehnički uvjeti."
0:24:23,0:24:32,"Prije što krenem opće ovu temu, moram naravno napomenuti da Laura i ja itekako nismo pravni se, niti ćemo tu tumačiti zakone, niti davati pravne savjete."
0:24:33,0:24:50,"To nije naša dužnost, mi ćemo samo porazgovarati što mi mislimo., što smo do sad čule, koje su neke informacije s kojima mi baratamo na tu temu, ali svakako ako želite neke konkretne i precizne informacije, potrebno je naravno da se javite ili HLD-u ili Hrvatskoj asocijaciji logopeda privatnika."
0:24:51,0:24:53,Vjerujem da će oni znati odgovoriti puno preciznije.
0:24:53,0:24:58,"Ali bez obzira na to, mislim da je važno da se dotaknemo jer dolaze nam neke promjene."
0:24:59,0:25:08,"Naravno, neke stvari iz ove epizode nažalost možda neće vrijediti, ali o tome ćemo vidjeti kad ta cijela situacija zapravo zaživi."
0:25:10,0:25:14,"Što ti misliš o tim, kako to sad izgleda tim minimalistični tehnički uvjeti."
0:25:15,0:25:16,Imaš li kakva saznanja o tome?
0:25:17,0:25:22,"Pa da, ovo je nešto što smo u principu svi nekako načuli, je li ono što je do svakog došlo."
0:25:23,0:25:32,Ipak smo u tom smjeru zdravstva i imamo sad tu napokon komoru zbog čega sam stvarno presretna jer je jako bitna.
0:25:33,0:25:36,Ali onda očito idemo u tom smjeru zdravstva.
0:25:36,0:25:41,"Tako da to što sam načula, to su ti uvjeti što se tiče apsolutno zdravstva."
0:25:41,0:25:49,"Znači od čekaonice, kakva treba biti, kolika treba biti svaka prostorija u kojoj će biti svaki logoped, to je nekako uzavršeno."
0:25:49,0:25:55,"to nekakvog zajedničkog prostora za nas radnike, odnosno i za ostale kolege koji će tamo obitavat."
0:25:55,0:26:25,"I osim čeka one za naše pacijente, odnosno korisnike, isto tako oni moraju imati odvojen vc, a mi naravno svoj, i imaju te nekakve uvjeti koji se vežu konkretno prostora, to je ta veličina prostorije, osim površine, to je visina stropova, širina ulaznih vrata, invalidski pristup, sad invalidski možda isto vc, slično kao kad ideš kod DOH."
0:26:25,0:26:28,"kod doktora, možda kod stomatologa, to su ti nekakvi uvjeti."
0:26:28,0:26:33,"E sad, ne znamo točno, ali nisu točno, čini mi se određeni."
0:26:33,0:26:41,"Mislim da još, dok mi je u ovom trenutku kad se snima jedan izvod, koliko ja znam, nismo još došli do nekakvog suglasja na tom području."
0:26:42,0:26:46,"Ali da, mislim treba imati na umu da će ti standardi vrijediti za sve."
0:26:46,0:26:53,"Znači, ne samo za privatnike, već za sve i razumijem zašto postoji potreba da se to zaista definira kad smo već u zdravstvu."
0:26:55,0:27:00,"Međutim, definitivno će biti potreban period prilagodbe za male kabinete."
0:27:01,0:27:15,i mislim da ne bi bilo loše da se proba razmišljati na neki način kako bi se moglo podržati te male kabinete i trenutne obrtnike da financijski možda zaista uspiju podnijeti sve te promjene.
0:27:15,0:27:25,"Da, čini mi se da trenutno vremenski, što se tiče vremenskog okvira, bilo kao dvije godine od donošenja zakona, tako nekom informacijom trenutno baratamo."
0:27:26,0:27:29,"Dakle, to bi bilo na ljeto 2027."
0:27:30,0:27:38,"Međutim, sad smo applicirali na to koliko sad znam, da to bude ipak od kada donesu konkretne uvjeta, mislim da se prilagodimo."
0:27:39,0:27:50,"Tako da, vjerujem da će nas tu komora i zaštititi, ali ići će u tom smjeru da ćemo biti na kraju ne da će trebati mjesec dana, evo tu su uvjeti za mjesec dana ti isteče."
0:27:50,0:28:04,"Znači, vjerujem da će nas zaštititi, da će ići u tom smjeru da se ipak mi kao logopedi održimo, a ne da propadnemo i padneš pod utjecaj sustava kad daješ tu neku uslugu koja u principu na kraju krajeva pomaže ljudima."
0:28:05,0:28:06,"Apsolutno, da."
0:28:07,0:28:12,"Mislim, u svakom slučaju, nemojmo zaboraviti zašto smo toliko navijali i čekali za komoru."
0:28:13,0:28:29,"tehničkim uvjetima ćemo se prilagoditi uz neko određeno vrijeme i podršku, ja vjerujem, od komore, jer je stvarno došlo do trenutka gdje stvarno svakakvi stručnjaci pod navodnicima pružaju usluge za koje jednostavno nisu školovani."
0:28:30,0:28:49,"Da, mislim ti tehnički uvjeti to na kraju krajeva je to najlakše s tim, znači se prostori, prostori se prazne, svugdje se mijenjaju uvjeti, nismo mi jedina branša koja dobiva neke nove zakone i gdje se sve mijenja, tako da apsolutno to teče jako brzo i u današnjem svijetu to ide u svakoj branši."
0:28:49,0:28:54,"dosta brzo i svi dobivaju stresore sa svih strana, pokušava se nešto regulirati zakonom."
0:28:54,0:29:01,"Tako da bitni dio je ta komora i da isključimo i one koje, kako zovemo, stručnjake koji se bave našim područjem."
0:29:01,0:29:16,"Mislim, na kraju krajeva, ja podržavam stvarno sve mlade jer ako neki stručnjak koji nije logoped se usudi otvoriti kabinet koji daje logopedsku uslugu, onda stvarno imaš dovoljno iskustva da ti kao logoped otvoriš."
0:29:16,0:29:23,"Tako da, ako ništa, barem to saznanje sa faksa i svi ti radovi koji se čitaju, nadam se čitaš još uvijek i educiraš se."
0:29:23,0:29:30,"Tako da, bitnije je da nas ta komora zaštitiiti i da nju napokon imamo, ne da se tehnički nekako ćemo se prilagoditi zakonu."
0:29:31,0:29:39,"Isto je bilo jako puno pitanja, odmah nakon ovog, iduće najpopularnije pitanje je bilo kako izgleda Logopeski starter pack?"
0:29:40,0:29:47,"Što ti sad treba od Beringera, Sondi, Talk Toolsa, pa testovi, diagnostički?"
0:29:49,0:29:52,"Što misliš, što je najbitnije imati na samom početku?"
0:29:52,0:29:57,"Je li bitno odmah krenuti sa svime ili nešto može pričekati dok posao, da tako kažem, ne krene?"
0:29:58,0:30:00,"Da, znači na početku apsolutno najbitnije imati printer."
0:30:02,0:30:04,"Mislim, priznani švatlo, ste sretinja."
0:30:05,0:30:08,I možda neki eto prostor ne bi bio loš što da hoćete šratiti.
0:30:09,0:30:11,A da nije soba tvoja.
0:30:12,0:30:17,Tako da to je nekakvi možda apsolutno pod maske to moraš imati.
0:30:17,0:30:20,"E sad, na tebi je dalje kako ti imaš nekakvu viziju."
0:30:21,0:30:26,Ja sam krenuo u svoj taj pothvat i projekt sa vrlo jasnom vizijom.
0:30:28,0:30:31,"Obežavam samo znaš manifestiranje, obežavam čitati knjige, rad na sebi."
0:30:32,0:30:36,"Apsolutno, ako ti sebi zacrtaš kako će to izgledati, ideš samo prema tom cilju."
0:30:36,0:30:48,"Dakle, ja sam sebi postavila i stavila sam si granice u kojoj doba i nakon koliko i nakon M financijske spremnosti i M vremenske, ću uložiti u neku dodatnu opremu i kakvu dodatnu opremu."
0:30:48,0:30:54,Meni je odmah u startu bilo bitno da je kabinet postavljen iz temelja kako treba.
0:30:55,0:31:01,"Dakle, sve to su nekakvi plusevi i kako ćeš ti u biti poboljšati svoju uslovu."
0:31:01,0:31:12,"I to možeš nakadno, uvijek možeš nakadno, no su onda preobra stvar, super, sad smo ih nabavili, odnosno jako, jako dobro, vidim da su napokon imaju i za hrvatsku distribuciju."
0:31:13,0:31:13,Preobra.
0:31:14,0:31:16,"I to je super, međutim, nije nužno."
0:31:17,0:31:18,Špatula ti je nužna.
0:31:18,0:31:21,"Vibrofon isto, meni je igrom prilike bilo super."
0:31:21,0:31:24,"Mislim, kad već apliciraš na potice, apsolutno si možeš to se priuštiti."
0:31:25,0:31:33,"Ali ako ne apliciraš i misliš da će ga otvoriti prvo sa strane, obrti je, pa možda onda da kasnije se posvetiti u potpunosti full time tome."
0:31:33,0:31:34,"Ne trebati, stvarno ti ne treba."
0:31:34,0:31:39,"Ne trebati ni behringer koliko god da je preobra, ne trebati ni sonde."
0:31:40,0:31:43,"Tokto s istom je super, međutim, nije nužno."
0:31:43,0:31:51,"Znači, pogotovo ako svaki logoped, nadam se, se opredijelio nekako u svoj glas svojoj glavi kojom će se problematikom baviti."
0:31:51,0:31:54,"Ako ćeš se baviti čitanjem i pisanjem, šta će ti tog tool smisla?"
0:31:55,0:32:02,"Neće ići u tom smjeru, neće ti dolaziti možda nužno klijenti koji imaju tu potrebu, tako da ne trebati."
0:32:02,0:32:04,Ne trebate ni sonde u tom slučaju.
0:32:04,0:32:13,"Ako ćeš raditi autizam i čitanje ili ne znam poticanje ranu intervenciju i autizam, ne trebaju ti nužno sonde."
0:32:13,0:32:18,"Možda je to tog tool sajde, ali sonde ti ne trebaju, beringe nije potrebno."
0:32:18,0:32:20,"Dakle, te je potrebna ta više didaktika."
0:32:20,0:32:25,Radije uložio nekakvu edukaciju nego da uložiš u neki sad.
0:32:25,0:32:32,"Neki sad komad koji će možda više estetski i profesionalno držati neku razinu kabineta, ali to može i kasnije, to može apsolutno kasnije."
0:32:32,0:32:43,"Tako da, baš sam htjela to spomenuti, te edukacije to je nešto što si ti jako strastveno oko toga i to ti je bilo jako važno od samog početka da nastaviš se educirati nakon fakulteta."
0:32:43,0:32:47,Sad ona se završava petinoj edukaciji kad stigneš ispravno.
0:32:48,0:32:52,"Misliš da je to možda važnije nego ovaj, da tako kažem, materijalni dio?"
0:32:52,0:32:55,Kako ti je to davalo možda neku sigurnost onda u radu?
0:32:56,0:33:04,"Da, mislim da apsolut sam bila peta godina kad sam krenula sa."
0:33:04,0:33:33,"Znači, to možda stvarno nije nužno, možda je malo i tumače, ali ja volim imati teorijsku podlogu, volim znati zašto to radimo i kako to radimo i volim pročitati rad i dan danas, jednim čim se susretem s nekom, evo baš sada bila neka nova situacija, kombinacija Daunčića i Praksije, super, preza zanimljiva, mislim super, je li meni koliko pedeset preza zanimljiva i moraš doći do sve dostupne literature, jer nažalost ja osobno sad ne znam nikoga tko se susreti s tim."
0:33:33,0:33:38,Tako da bolje da se educiraš u tom nekakvom smjeru jer ćeš imati bolju sigurnost u sebe.
0:33:39,0:33:53,"Možeš kupiti sonde, možeš kupiti beringer, možeš vidjeti kako se koristi i proći edukaciju i koristiti sonde, ali šta će ti te sonde kad ne znaš ništa u podlozi od te gimnastike, orofacionalne muskulature i svega toga?"
0:33:53,0:34:12,"Znači, rađe pročitaj par radova o hipotonusu, orofacionalne muskulature, o nekakvim, mislim, i na edukaciju biti tog toolsa, taj joeslide i svašta nešto što može utjecati na tu artikulaciju, zašto se sad borim sto godina s interdentalnim sazacima."
0:34:12,0:34:13,"Možda ima joystick, da."
0:34:13,0:34:21,"Ako počnete malo radova i apsolutno ćeš se osjećati puno, puno sigurnije u tom svom radu i svakom koraku koji radiš."
0:34:21,0:34:28,"I iskreno daje puno, puno bolju podlogu kako objasniti i prenijeti roditelju zašto to radimo."
0:34:28,0:34:30,Znači njima sve djeluje kao da se mi igramo.
0:34:31,0:34:40,Mi se igramo jer pokušavamo to maskirat kroz igru gdje će ti neko dijete sjediti 45-50 minuta koliko ti već traje terapija i drilati jedno te isto.
0:34:41,0:34:41,Znači neće.
0:34:42,0:34:50,"Normalno da se moraš igrati, ali stvari kako ćeš ti to prenijeti roditelju koliko je važnost na tome što smo se mi u tom trenu igrali i šta smo se igrali."
0:34:50,0:34:51,S kojim ciljem?
0:34:51,0:34:52,"Da, da, da."
0:34:52,0:35:01,"Bolje je da pročitaš nekoliko radova, educiraš u tom smjeru, sigurni si u sebe i u prijenos tih informacija da oni isto shvate koliko je to važno sve što radiš."
0:35:01,0:35:03,Znači nije to lizanje lizalice.
0:35:03,0:35:04,"Da, da, da, da."
0:35:05,0:35:08,"Cijelu muskulaturu aktiviram, pokušavam nešto izvući."
0:35:08,0:35:10,Tako da bolje ćeš prenijeti to svoje znanje.
0:35:11,0:35:15,Mislim da je važno da svi koji žele pokrenuti svoje kabine da sad čuju ovo.
0:35:16,0:35:17,Ima vremena.
0:35:17,0:35:19,"Znači, samo kreni."
0:35:19,0:35:21,"Ja se sviđam da sam ja to tebi rekla, Laura, samo kreni."
0:35:21,0:35:27,"Kad su bile kao oi, tražila si prostor, pa ne znam, htjela bi da je ovako, pa još ovo najbolje, pa sve."
0:35:27,0:35:30,"Mislim, to je prirodno, osobito kad imaš perfekcionizam note."
0:35:31,0:35:34,"Ako ti OKP prejak, onda moraš se ovi pošpagati."
0:35:35,0:35:45,"Jasno mi je da želiš iz prve i neke stvari stvarno iz prve moraju biti i dotaknućemo se toga, ali kod drugih stvari poput ovih, da tako kažem, dodataka stvarno možeš nadograditi."
0:35:45,0:35:54,"To je bitno jer ćeš u nekom trenutku vjerojatno htjeti korigirati cijene, o čemu ćemo sad isto pričati, naravno, i onda imaš i neko opravdanje."
0:35:55,0:35:59,"Donosiš neki novitet, neku novu uslugu, nešto što možda neki drugi kabinet nema."
0:36:01,0:36:05,I mislim da je ono sasvim opravdano i korigirati cijene u tom trenutku.
0:36:05,0:36:09,"Pa bolje iskreno, naknadno možda uložiti u takvu neku opremu."
0:36:09,0:36:12,"Osim korigiranja cijena, uvijek naravno moraš cijeniti svoj rad."
0:36:14,0:36:18,"Konstantno moraš uvoditi, mislim ne moraš, ali lijepo je da uvodiš neke novitete."
0:36:19,0:36:21,Kako ćeš uvesti novitete ako odmah kreneš sa svim?
0:36:21,0:36:24,"Nema ničega onda više mnogo za godinu dana, ne znam što da izmisliš."
0:36:25,0:36:28,"Nešto je, fora ima tu startu odmah drugačije."
0:36:28,0:36:34,"Meni je bilo izvanredno iskreno uložiti u lexi, to bi bilo odlično i mislim da to bi bio među boljim potezima."
0:36:35,0:36:43,To i možda vibrofon jer sam znala da ću ići prema području grada Zaprešića i problematici u kojoj mi u biti dosta baratamo.
0:36:43,0:37:13,"Znači ja sam uložila u to jer sam znala da ću ići na artikulaciju, znala sam što me čeka, znači to ću sigurno imati, to ću imati dosta u početku pogotovo i imat ću apsolutno puno podršku škole jer obe škole dosta mi šalju svoju djecu tako da sam znala u kojem smjeru će to neke problematike ići i dodatno sam još otišla na edukaciju za mucanje jer znam da nismo baš bili pokriveni, sad ne znam kako kolegice rade, da pokrivaju mucanje u drugim kabinetima."
0:37:13,0:37:20,"kod nas, međutim, htjela sam da neko bude pokriven i za tu problematiku, a i zanima me, jeste li vi?"
0:37:20,0:37:23,"Dakle, bolje onda u tom nekom smjeru."
0:37:24,0:37:29,"Tamo smo sad spomenuli poslovni dio toga, pravila poslovanja."
0:37:30,0:37:35,"I rekla si, nisam htjela raditi na N25, pa sad Bogu hvala radiš 0,4."
0:37:36,0:37:46,"Sada, kako je to kada otvoriš kabinet i onda shvatiš da nisi sad samo logoped, nego si i voditelj, administrator, računovođa, PR menadžer, sve u jednoj osobi?"
0:37:47,0:37:49,Kako si handlala sve te stvari?.
0:37:49,0:37:59,"Kako si, za početak, baš me zanimaju ova pravila poslovanja, baš specifično vezano uz recimo otkazivanje, kašnjenje na termine, odgađanje i sl."
0:37:59,0:38:02,Taj neki humani faktor koji se uvijek desi kod nas?
0:38:03,0:38:11,"Pa to što kažem, prošla sam dva kabineta i to sada, Bog zna kakvo iskustvo, jer mnogi su prošli stvarno puno, puno više."
0:38:12,0:38:17,"Međutim, meni su bila dovoljna ta dva da vidim što je gdje bilo super posloženo, a što mi je manjkalo."
0:38:18,0:38:24,Oba kabineta su mi bila super iskustvo stvarno i baš sam vidjela kako bi se ja organizirala.
0:38:25,0:38:27,"Ok, to mi smeta u ovom, to mi smeta u ovom."
0:38:28,0:38:30,Prekrižit ću ih i idem vidjeti što meni odgovara.
0:38:30,0:38:38,"Nekom drugom možda moj način rada i ti nekakvi tehnički dio, ta logistika ne bi odgovarala."
0:38:38,0:38:40,Nužno možda ne odgovara ni nekom klientu.
0:38:41,0:38:46,"Mi im uvijek naglasimo isto da ako nešto ne odgovara od pravilnika poslovanja, da je to sasvim u redu."
0:38:47,0:38:49,"To je normalno, ljudima ne odgovara uvijek isto."
0:38:50,0:38:57,"Ako žele, uvijek mogu ostati u terapiji, odnosno biti naš korisnik ili negdje drugo."
0:38:57,0:39:01,"Normalno, ako želiš negdje otići drugo, neko ima drugačiji način."
0:39:01,0:39:02,"rada, apsolutno super."
0:39:04,0:39:10,Pa ja sam odmah u početku sebe stvorila jasnu sliku čega ću se držati.
0:39:10,0:39:14,Ja sam napravila pravilnik poslovanja i prije nego što sam otvorila kabinet.
0:39:15,0:39:20,Ehm što sam to dobila na preporuku od logopedinje Le.
0:39:22,0:39:38,"Nužno mi nije rekla da napravim možda ugovor, međutim iz razgovora sa javnim bilježnikom je išla sam odmah u tom smjeru da ja bih rađala da mene štiti neki komad papira, moj pečat i ako ne daj Bože znaš nešto bude da ja imam svoje."
0:39:38,0:39:45,"Uz to sam odmah složila, to mi je pomogao složiti GDPR i imamo nadzirne kamere."
0:39:45,0:39:56,"Dakle, to je nekakav mi je starter pak bio u kojem ću ja sebe zaštititi, sebe ugraditi, sebe kao osobu i sebe kao poslodavca, a na kraju krajeva sebe kao stručnjaka."
0:39:57,0:40:11,"Sve više se susrećem sa nekakvim iskusima gdje, nažalost, možda ne znam je li do djece ili do terapeuta, ali da ima svakakvih optužbi šta se događa iza kulisa te terapije."
0:40:12,0:40:19,"Kod mene je to apsolutno transparentno, imamo staklenu stjenu, znači sa ulice se vidi što mi radimo na terapiji i kako to izgleda."
0:40:20,0:40:23,I može sad bilo tko gledati cijelo vrijeme što mi radimo i kako se igramo.
0:40:24,0:40:29,"Znači niti ima fušaranja na mobitelu, niti ima odmaranja na svega."
0:40:30,0:40:32,Tako da su kamere cijelo vrijeme aktivne.
0:40:32,0:40:45,"Dakle, ako se netko i požali, tu je cijeli taj backup gdje ja kao sebe kao osobu štitim, gdje im svoj papir i svoj GDPR što nadovezujem te videe koje možda objavimo, sve je to pod zaštitom podataka."
0:40:47,0:40:49,Tako da to mi je bilo jako bitno.
0:40:49,0:40:50,u početku kako ću se postaviti.
0:40:51,0:41:04,"Osim toga, kad slažeš taj sebi pravilnik, nekakav ugovor, na našem prvom satu mi ga uvijek damo roditeljima da ga pročitaju, mi ga pročitamo isto za njih, usmeno ga prođemo, razjasnimo nedoumice."
0:41:05,0:41:08,"Ako odgovara, super potpis, ako ne odgovara, ok, nikom ništa."
0:41:08,0:41:10,Odradili smo taj sat i idemo dalje.
0:41:12,0:41:16,Ja sam znala da su meni terapije u ostalim kabinetima kratke.
0:41:16,0:41:24,"Meni osobno je pola sata užasno prekratko, ništa ne stignem, 45 minuta mi je ok, ali mi je izmjena."
0:41:25,0:41:33,"s pacijentima uvijek bila od 45 do 45, znači svaka minuta, znači ako krene u 9, završa u 9,45, idući počinje u 9,45."
0:41:33,0:41:37,"Dakle, ovaj će ili završiti ranije ili će ovaj drugi izgubiti svoje."
0:41:38,0:41:40,I zna se da mi to ne odgovara.
0:41:40,0:41:42,I da to naprosto nije realistično.
0:41:42,0:41:47,"Mislim, nemoguće je djete iz prostorije izvaditi točno minutu i da odmah uđe drugo."
0:41:48,0:41:55,"Pa baš i nije, ne znam, iz nekog isto možda etičkog načela, ti sad idućoj osobi naplaćuješ isto toliko, a ona gubi svoj početak."
0:41:55,0:42:00,A nužno možda i gubi kraj ako slučajno malo kao ranije ga izvedes da bi idući ušao na vrijeme.
0:42:01,0:42:16,"Tako da i to se nekako stvara i taj užurbani dio konotraciji, niti ti kao logoped i stručnjak imaš vremena malo, aj kao osoba, jela na WC, mora u ove nekakve svoje fiziološke potrebe, a mi kao žene hvala Bogu imamo potrebe, milion."
0:42:17,0:42:28,"Tako da bolje mi je bilo, ja sam se odmah postala, kod nas je terapija prije bila 45 minuta, a 15 minuta savjetovanja s roditeljima, koje mi je izrazito bitno i nužno."
0:42:29,0:42:36,"Apsolutno je transparentno da roditelj može i ući unutra i biti s nama, čak i pozivamo da budu na terapijama s nama, ne uvijek nužno."
0:42:37,0:42:42,"Jer dijete nekad isto drugačije, naravno, znamo surađuje kada je roditelj tu, kada nije."
0:42:43,0:42:49,"Ali transparentno da sve može lijepo proći, da vide način i pristup radu i kako radi doma."
0:42:50,0:42:57,"Dakle, kad ti njima kaže, kratko, radili smo r, on apsolutno nema pojma šta to znači, osim da ti kažu, hajde, rezije riba."
0:42:57,0:43:00,"I onda on doma forcira dijete da kaže, riba."
0:43:00,0:43:01,I to ne ide.
0:43:01,0:43:02,I kako ne ide.
0:43:04,0:43:13,"Imamo tih 15 minuta koji su mi nužni, osim za izmjenu, par minuta ti dođe do izmjene, da ti roditelju objasniš kako smo to radili."
0:43:13,0:43:16,Uvijek moraš ići s pretpostavkom da on apsolutno ništa ne zna.
0:43:16,0:43:19,"Znači, ništa ne zna, mislim ne sa pretpostavkom, to je tako."
0:43:19,0:43:20,On ništa ne zna.
0:43:20,0:43:23,"Ti kad njemu kažes, to je jezičar."
0:43:24,0:43:24,"Znači, ne razumije."
0:43:25,0:43:26,I u redu je da ne razumije.
0:43:27,0:43:43,"Samo sebi je apsolutno prihvatljivo jer ti si zato išao pet godina, pročito tisuću radova i prošlo te sve edukacije koje si prošao i s razlogom imaš to znanje i sad se postavi i objasni čovjeku lajčki da on shvati šta to nešto ima, šta su to množine na i zašto to njemu ne ide."
0:43:43,0:43:48,Tako da apsolutno treba vremena da ti njemu približiš malo.
0:43:49,0:43:58,"Šta ste vi radili i ono što stvarno imamo veliki naglasak na to, savjeti za doma osim zadaće, nije zadaća da riješi sjedni i napravi zadaću."
0:43:58,0:44:09,"Mi ih molimo i ja svaki put, naglasim, evo godinu dana, ljudi su stvarno već dugo u terapiji i prije su bili, nemoj raditi zadaću taj dan, doći će mi mrtav, ne isplati se, daješ novaca i novca."
0:44:09,0:44:11,Imali slađe kad je djedač.
0:44:11,0:44:12,Ja sam sad u autu pri zadaću.
0:44:14,0:44:20,"Napravio sam zadaću prije pet minuta, prije šest minuta, neće se tinta osušiti na papiru, neće li dobro."
0:44:21,0:44:25,"Ne, ne, i pokušavamo to izbjeći i uvijek im ja dajem."
0:44:25,0:44:31,"tone zadaće, takva sam, dajem tone zadaće i nekrade to doma i pokušavam im približiti to na prvom satu."
0:44:31,0:44:35,Uvijek objašnjavamo da logopetska terapija sama po sebi nije dovoljna.
0:44:35,0:44:42,"Znači to je 45 minuta u danu, jednom na tjedan dana, 7 dana koji on dolazi."
0:44:42,0:44:50,"Dakle, ako ti želiš da ti djete bude olimpijski plivač, neće to 45 minuta i jedan dan odplivat i eto ga za 6 mjeseci on ta prvi."
0:44:51,0:44:56,"Dakle, to je nekako samo, ja vam uvijek objasnim, ja vam dajem savjet, na vama je koliko ćete raditi doma."
0:44:56,0:45:04,"Znači ta lopta odgovornosti uvijek mora biti na njima i mora ih shvatiti da su oni ti koji rade., a mi im dajemo savjete i upute kako će oni to odraditi."
0:45:04,0:45:12,"Jer da je drugačije, oni bi dolazili svaki dan, tri, četiri puta tjedno i, okej, onda nemam potrebe za radom doma jer bi to bilo prezasićenje."
0:45:12,0:45:15,"Okej, ali ovako na ovome baš i ne."
0:45:15,0:45:20,"Da, isto tako mislim da je bitno znat prepoznat kad je nešto prezasićeno."
0:45:21,0:45:29,"Ja sam znala čuti jako puno, i ovoj ima ide i kod logopeda, i kod Edureja, i kod psihologa, i na Floretime, Brain Jim i ja, nisu se bože."
0:45:30,0:45:37,"Pa kad to dijete stigne se igrati i druga bitna stvar, kad ti zaista primjenjuješ to u svakodnevnom životu."
0:45:37,0:45:38,To je po meni bitnije.
0:45:38,0:45:44,"Ja bi više voljela da sve te savjete koje mi radimo, volim kad se ide kod još jednog stručnjaka, ovisno naravno da ti uvijek..."
0:45:44,0:45:47,"Apsolutno, neko dijete ima i potrebu da ide kod više stručnjaka."
0:45:47,0:45:47,"Od više, naravno."
0:45:47,0:45:48,Ne osporavam.
0:45:49,0:45:51,Ali treba procijeniti isto ko ti je nužan za rad.
0:45:51,0:45:56,"Znači s jednim djetetom ja ne mogu bez rehabilitatora, ali s drugim ne mogu bez psihologa."
0:45:56,0:45:58,"Ne treba mi rehabilitator, ali tu mi ne treba psiholog."
0:45:59,0:46:02,"I isto oni tako međusobno, jeli isto surađuju."
0:46:02,0:46:12,"Nekom ne treba logoped, znači će svima treba logoped, ali ok, znači svi imamo tu nekako, njega ću izbaciti, treba mi taj i taj stručnjak i treba mi mama, treba mi tata."
0:46:12,0:46:13,Evo mi da rečem.
0:46:14,0:46:16,"Neko možda ne treba jedan i drugi, ali treba mi roditelj."
0:46:17,0:46:18,Trebam da roditelj bude roditelj.
0:46:19,0:46:24,"Jer mi se čini da ponekad, nažalost sve češće, roditelji tako upišu djecu."
0:46:24,0:46:30,Tisuću stručnjaka je na sedam aktivnosti i na ovo i na ono da se ne moraju nužno baviti.
0:46:30,0:46:31,Tako je.
0:46:31,0:46:44,"Nažalost, svi smo mi sad u tom nekakvom, čini mi se da je očito došlo to vrijeme, različito od kad smo mi bili manji gdje najčešće su nekako roditelji ostajali s djecom, bar majka je li netko."
0:46:44,0:46:48,A sad svi idu u tom smjeru naravno karijera i svi su karijeristi što je sasvim u redu.
0:46:48,0:46:52,"U redu, ali treba uvijek posvetiti jedan dio svom djetetu."
0:46:52,0:46:56,"Jedan dio dana, sat vremena, jedan na jedan, idemo se ti ja poigrati."
0:46:56,0:47:00,"Idemo, osim što ćemo poigrati, idemo iskomunicirati i idemo ga malo pitati kako mu je prošlo."
0:47:00,0:47:09,"Da, vidi zašto tvoje djete ne oblikuje te rečenice i ne izlazi iz njega šta je on radio taj dan, dok neki drugi pričaju i vergolaju sto na sat, ne može ga ugasiti."
0:47:09,0:47:14,Moraš osjetiti tu razliku da bi na vrijeme i pravovremeno reagirao.
0:47:15,0:47:19,"Inače, izostajemo mi isto kao logopediji, dođu pola godine prije škole."
0:47:19,0:47:25,"Da, mislim da je to isto, ne treba da ne ispane ne."
0:47:25,0:47:30,"Da ne ispada da mi krivimo roditelje u tom smislu, nego jednostavno majke nemaju izbora."
0:47:31,0:47:37,"Majke danas moraju i raditi i odgajati i držati kuću čistom i brinuti se o svemu, i sl."
0:47:38,0:47:50,"Nije kao prije u tom smislu, ali je bitno da onda to vrijeme, čak i ako je to vrijeme nešto skraćeno koje provode sa djetetom, da mi kao logopedi damo savjete, evo kako to možeš iskoristiti."
0:47:50,0:47:57,"Znači, sad kad motaš, šta je veš, kad je opeglaš, komentira je koje boje, koliko majica ima, je li majica zgužvana i svoje majice su iskoristile."
0:47:57,0:48:04,"Znači, sve možeš iskoristiti baš u tom smislu, a možda i u toj situac sekunde ne padne na pamet i tu je naša uloga da barem usmjerimo."
0:48:04,0:48:05,"Da, da ih osvijestiš."
0:48:05,0:48:09,"Ja ih isto volim voditi da sve to što ja radim, ja imitiram svakodnevnu situaciju."
0:48:09,0:48:13,"Znači ja sebi isprintam mašinu i štrik, ali ti ga imaš doma."
0:48:13,0:48:32,"Znači super, pre dobro, daj to onda tamo, vruće, hladno, isto imaš pored ti imaš hladnjak, jelo daj malo odradi taj dio, jer ne trebaju ti ti ti papire, ne očekujem da ćeš sjediti s djetetom i drijelati 15 minuta u danu te moje papire, nego prođeš s njim te svakodnevne situacije i to što tu i kažeš, nismo mi logopedi popili svu pamet svijeta."
0:48:32,0:48:37,"Ja ne kažem ima i nas logopeda roditelja koji manjkaju, jelo u nekom dijelu, ne možeš ti sve stići.."
0:48:39,0:48:42,"To što kažeš, danas jednostavno taj život je prebrz."
0:48:42,0:48:44,"Da, očekivanja su bila previsoka."
0:48:44,0:48:49,Tako da to nekako ide u tom smjeru gdje je teško se stvarno možda izboriti sa svim.
0:48:50,0:48:53,"Da, vidjet ćemo kako ćemo mi biti roditelji."
0:48:53,0:48:57,Makro je sad da bi trebao ti seštri i suši.
0:48:58,0:48:58,"Da, da, da."
0:48:58,0:48:59,Vidjet ćemo.
0:48:59,0:49:11,"Ali evo, skrenuli smo uglavnom s teme to što se tiče, dakle mi imamo sad vremena i nekako kako smo se ogradili time, to mi je bilo izrazito bitno."
0:49:12,0:49:20,"Da postavimo osim koliko je vrijeme terapije, znači to kašnjenje, ako slučajno i kasne, još uvijek ima dovoljno vremena."
0:49:20,0:49:22,"Znači, još uvijek ja imam dovoljno vremena odraditi svoju terapiju."
0:49:22,0:49:30,"Ako neko kasni 15 minuta, ok, skraćuje se to vrijeme, ja želim da svejedno dođe barem 10 dopo svoje djete, ali imaš većeg prostora za manevar."
0:49:31,0:49:34,I sad na tebi je koliko ćeš ti kvalitetu i kvantitetu odvaga.
0:49:34,0:49:46,"Znači, apsolutno svaki kabinet koji nema kao mi sad složeno raspored, odradi više terapija, zaradi vjerojatno više i tu je kvantiteta puno veća."
0:49:46,0:49:50,"Sad kvalitetno ja ne mogu za svaki kabinet pričati, ja znam kako bi bilo meni."
0:49:50,0:50:05,"Znači moja kvaliteta bi pala, apsolutno sam sigurna u to i radije si dam vremena i ugradim si pauzu u dan, pa makar ostane malo duže, jer moram predahnuti, moram popiti kavu, moram pojesti, tako da i moram se malo presložiti, dobiti za dalje."
0:50:06,0:50:06,"Da, nisam stroja."
0:50:07,0:50:07,"Da, jasno."
0:50:08,0:50:30,"Tako da jako kasne, ok, nosimo se s tim vrlo lako, imamo dovoljno vremena i isto sam apsolutno prezahvalna svim svojim roditeljima, jer oni stvarno shvaćaju, možda iz tog početnog razgovora, možda nas je stvarno potrefila super ekipa, ali shvaćaju kolika je važnost da vježbaju doma, shvaćaju koliko je važno da dolaze na svoje terapije, da otkažu terapije na vrijeme."
0:50:30,0:50:34,"Mislim, dobro, moguće da ih tu, jer ti taj pravilnik dosta motivira."
0:50:35,0:50:38,"Što tiče mi o tome, kako si to uspjela definirati onda?"
0:50:38,0:50:45,"Aha, pa što se toga tiče, znači, meni je, znam da mi je bilo katastrofa u prijašnjim kabinetima ako mi otkažu taj dan."
0:50:45,0:50:46,Šta da ja radim u to vrijeme?
0:50:48,0:50:57,"Ja kao nekakav zaposlenik imam što zaraditi, uvijek možeš čistiti, uvijek možeš raditi materijale, uvijek možeš nekakav dodatni sadržaj, odnosno za Instagram objava, bla, bla, bla."
0:50:57,0:51:01,"Međutim, ja kao poslodavac sebi ne mogu prioritizirati."
0:51:01,0:51:05,"Priještiti da imam rupu taj dan, jer nažalost to je moj kruh."
0:51:05,0:51:08,"A osim što je moj kruh, to je kruh, evo sad moj zaposlenica."
0:51:09,0:51:16,"Ona mora zaraditi svoje novce, ja moram zaraditi svoje novce i moramo zaraditi novce da taj kabinet još uvijek živi i da možemo ulagati u njega dalje."
0:51:16,0:51:25,"Znači, ti možeš zaraditi super svotu novaca, samo da ti preživiš, da omogućiš svom radniku super, ako ga imaš nešto super, i da održavaš hladni pogon."
0:51:25,0:51:37,"I jednostavno u glavi i roditeljima treba objasniti, ja sam tvoj logoped, ja sam srdačan, susretljiv, empatičan čovjek i uvijek ću biti tu s tebe, međutim, s druge strane, ja sam osoba koja."
0:51:37,0:51:39,vodi svoj posao i koja zarađuje.
0:51:39,0:51:41,"Znači, apsolutno odvojiti ta dva pogleda."
0:51:42,0:51:46,"Ja razumijem ako se tvoje dijete razboli, međutim, razumijeti mene da je to meni trošak."
0:51:46,0:51:47,Ja ne stignem nikoga ubaciti.
0:51:48,0:51:50,"I to je to nekako, ja mislim, međusobno razumijevanje i poštivanje."
0:51:51,0:51:52,Ja tebe isto poštujem kao roditelja.
0:51:53,0:52:01,"Oni kad pravovremeno otkažu, mi apsolutno izađemo u susret i nadam se da to osjete i za to oni pravovremeno otkažu."
0:52:01,0:52:11,"Nama je radni dan složen, dakle, što se tiče ugovora, moraju otkazati već četiri sata prije, inače je plaćeno prema važećem cijeniku."
0:52:12,0:52:20,"Ako se otkaže 24 sata prije, mi imamo, čini mi se, tri termina u tjednu slobodna koja onda nudimo i koja šaljemo."
0:52:20,0:52:22,"Ako se nešto popuni, popuni se."
0:52:23,0:52:27,"Iako nekad je to, što otkaže, taj bude, znači, termin slobodan."
0:52:27,0:52:30,"Tako nekako uvijek barate što dva, tri termina sigurno prazna."
0:52:31,0:52:39,"To su termini koji su možda malo bolje vrijeme, nije idealno, ali nije sad ono 12 da im ponovim termin u 12 i to je to sad još nešto."
0:52:41,0:52:48,"Nego su malo ipak bolji termini, nešto dostupnije, tako da svatko ima svoju priliku za nadoknadu ako je ona pravovremeno otkazana."
0:52:49,0:52:52,Mi imamo taj nekakav ciklusni način plaćanja.
0:52:53,0:52:54,"Sad koliko je to bitno, ne znam."
0:52:55,0:53:01,"Meni to kao poslodavcu isto jako odgovara jer možeš platiti plaću, moraš sve neke stvari."
0:53:01,0:53:07,"Isto tako, porezna naravno, ne možeš se ponašati prema ljudima ako porezna, ali porezna prema tebi može."
0:53:08,0:53:13,"Njima moraš do petog platiti doprinose, da inače ne bude dobro."
0:53:14,0:53:22,"Tako da, ja imam svoje troškove, ja svoj hladni pogod moram pokriti do tipa sedmog u mjesecu i moramo negdje dizući te novce."
0:53:23,0:53:28,"Tako da, ja imam ciklusno, na primjer, plaćanje.anja, jer meni je osobno tako bilo najlakše prije nego što sam uzela knjigođu."
0:53:28,0:53:30,"Sada imam i knjigođu, tako da to je, ajde, super."
0:53:31,0:53:40,"Međutim, prije nego što sam je uzela, ja sam bila knjigođa, ja sam trebala voditi brigu o tome da li meni 40 ljudi koliko ih je tamo već platilo i da li su donijeli novce."
0:53:41,0:53:58,"Dakle, nemamo na kraju mjeseca, imamo na početku mjeseca, uvijek šaljemo popis termina za taj mjesec i roditelj napiše da li dolazi na sve, ako ima neke preglede, pokušamo nadoknaditi, da imaju taj kontinuitet koji nam je izrazito bitan da svaki tjedan se dođe jednom."
0:53:58,0:54:00,"Ne sad zbog neke naše zarade, nego zbog."
0:54:02,0:54:05,Jer ja ne mogu garantirati napredak ako mi dijete dođe dva puta mjesečno.
0:54:06,0:54:06,Tako je.
0:54:08,0:54:08,I ovo mi je teško.
0:54:09,0:54:16,"Četiri puta mjesečno je isto teško garantirati neki napredak ako se ne vježba doma, a kamoli ako dolazi još rjeđe."
0:54:16,0:54:27,"Tako da ih uvijek podsjećamo da nije stvar nekakve zarade, nego dijete mora imati kontinuitet i mora osjetiti isto samo da će tu doći, da će odraditi da ima nekakvu odgovornost."
0:54:27,0:54:31,"I da su to djeca, ali to je nekakva odgovornost koja ih priprema kasnije i na školu."
0:54:31,0:54:36,"Tako da i u tom pogledu, šaljemo popis termina."
0:54:36,0:54:40,"I kada to roditelji potvrde, šaljemo uplatnice, jele vam to plate."
0:54:41,0:54:48,"I onda ako bude neko otkazivanje pravovremeno, uvijek nadoknadimo s nekim terminom koji imamo."
0:54:49,0:54:55,"U principu, kažem, ok, su termini pa za sada nije bilo nikakvih nesporazuma."
0:54:56,0:55:02,"Ako bude, uvijek se ugradimo, odradimo ko hoćemo i onda se udaljimo, jele jedan od drugog prekidamo suradnju i to je, mislim, isto ok."
0:55:03,0:55:04,Kako sastavni dio posla?
0:55:04,0:55:05,"Da, tako."
0:55:05,0:55:12,"Ako njima ne odgovara, ne odgovara ni nama, nažalost, jer nama odgovara takav način rada i, okej, to je u redu."
0:55:12,0:55:13,"Da, međusobno se poštoju."
0:55:13,0:55:19,"Mi se međusobno se poštojemo, razumijemo, tako da ako nekom ne odgovara, na taj način se nosimo sa tim otkazivanjima."
0:55:20,0:55:37,"Otkazivanja baš i nemamo, ne znam kako će biti sad kad bude te bolesti i to, to ne možeš utjecat, ali mislim da stvarno roditelji kao takvi su super i baš osjete tu odgovornost da moraju doći, da moraju vježbati, pogotovo jer oni i sami nažalost znaju da eto ne stižu i takav je život kakav je."
0:55:37,0:55:48,"Svi imaju, što sam rekla osobni, ti život nestaje, znači njima nije prioritet da kod logopeda vježba, znači imaju 1100 i jednu stvar sa strane za odraditi svoje dugove, probleme."
0:55:49,0:55:58,"I svašta nešto, da jednostavno taj logoped je zadnji na mjestu i ja to razumijem, ali onda oni razumiju da ga moraju barem redovno odboditi."
0:55:58,0:55:59,Da bar nešto uspijemo.
0:55:59,0:56:00,"Da, jasno."
0:56:00,0:56:11,"Mislim, konkretno što se tiče te politike otkazivanja, danas niti jedna industrija gdje se pruža neka usluga ne funkcionira bez jasne politike otkazivanja."
0:56:11,0:56:16,"Od ideš na nokte, ideš kod frizera, ideš na šminke, ideš na masažu, što god."
0:56:16,0:56:21,"Znači, uvijek postoji neki pravilnik otkazivanja i mislim da je to sasvim normalno."
0:56:21,0:56:26,"Ja znam da postoji taj moment jer smo mi takvi kakvi smo po prirodi., većina nas je u ovoj struci."
0:56:26,0:56:42,"Ne, ti ne pružaš takvu neku vrstu usluge, ali kao što si rekla, to je tvoj kruh i sada o tebi još ovisi neka druga osoba koju si ti zaposlila i budućnost cijelog tog sistema ovisi upravo o tom nekom međusobnom poštovanju."
0:56:43,0:56:48,"I bitno je, ja mislim, što si ti isto dobro nam pravila, odmah na početku definirati."
0:56:48,0:56:49,"Eto, to sam htjela naglasiti."
0:56:49,0:56:55,"Stvarno je bitno da si na početku složiš, ne moraš ti imati takav pravilnik, ali složiš se kakav ćeš imati."
0:56:55,0:57:02,"Ako ćeš imati plaćanje po dolasku, terapije."
0:57:02,0:57:05,"Ako je to neko može, ko zna da će 100% idući put."
0:57:05,0:57:07,Ali i tebi trebaju ti novci.
0:57:08,0:57:11,"Doći će neko, zamoliš te, ali mogu platiti, molim te na kraju mjeseca."
0:57:11,0:57:11,Možeš.
0:57:13,0:57:15,"Na tebi je, nažalost, znaš da je idući na početku."
0:57:16,0:57:23,"Znači, ali nećemo moći sad svaki prenijeti na kraju mjeseca jer onda je to meni teret i meni briga da li on meni plati, on je ne želim razmišljati o tome."
0:57:23,0:57:28,"Zato imam knjigovođu, on regulira uplate, on šalje uplatnice i mirna sam."
0:57:28,0:57:30,"Znači, ja ne želim, ja sam se toga rasteretila."
0:57:31,0:57:37,"Znači, na početku se treba stvoriti nekakve jasne, ja sam pravilnik prema kojem će se voditi."
0:57:37,0:57:45,"i da ta osoba osjeti tu profesionalnu stranu tebe, a ne da ćeš ti sad uzeti nekog ne uzeti, pa nekom ne naplatiš, nekom naplatiš."
0:57:45,0:57:47,"Čudo je te talogovirica, oprostite."
0:57:47,0:57:48,"Da, da, da."
0:57:48,0:57:54,"Jer eto, stvarno idemo na tu i mislim, nisu svi takvi, ali stvarno svi znaju da smo mi empatični."
0:57:54,0:57:58,"Tako da igraju malo na tu kartu i sve je to u redu, ok."
0:57:59,0:58:02,"Ali gdje da ja izmislim, meni neće te ta porezno prvo."
0:58:04,0:58:06,Maće ga porezno.
0:58:06,0:58:07,"Da, jasno."
0:58:08,0:58:11,"Ede, let's talk manika, smo već krenuli u ovom cijelom smjeru."
0:58:12,0:58:21,"Koliko ti je bilo na početku odrediti cijenu terapije i jesam li se osjećala da ne možeš napraviti istu tarifu, da tako kažem, kao neki iskusni logoped?"
0:58:21,0:58:23,"Aha, pa ne."
0:58:24,0:58:29,"Što se tiče iskustva, apsolutno svaki logoped sam sebe cijeni."
0:58:29,0:58:33,"Znači, ti ćeš sam sebe procijeniti koliko tvoja terapija i znanje vrijedi."
0:58:34,0:58:42,"Nemam ja naravno cijene ko sad ima odličnih logopeda, ali ne definira njih nužno iskustvo."
0:58:42,0:58:47,"Dakle, ima ProofDR-a, logopeda koji su odlični."
0:58:49,0:58:55,"I možda neki čak ni ne naplaćuju po svojoj tituli, koja je stvarno hvale vrijedna, iz toga svega."
0:58:57,0:59:03,"Ali nisam nikad bila, ni ću ikad biti od toga da gledam druge kabinete kao konkurenciju."
0:59:03,0:59:04,To su mi sve kolege.
0:59:04,0:59:14,"Dakle, ne gledam ja sad, njena je terapija 45 minuta, 35 eura, pa moj će biti 38 jer moje je 50 minuta i ja imam više edukacija."
0:59:14,0:59:22,"Znači, to je na meni koliko sam uložila svoje edukacije i koliko sam ja sigurna u sebe, a na njoj koliko je ona sigurna ili na njemu ili u sebe."
0:59:23,0:59:25,Ja sam svoje cijene odredila.
0:59:25,0:59:35,"prema tome, oduzela sam nekakve, mi kad pišeš taj troškovnik, u biti dosta te lijepo uputi, ali oduzela sam te nekakve troškove koji su meni tzv."
0:59:35,0:59:38,"hladni pogon, svima u Jelobrtu vjerojatno, hladni pogon."
0:59:38,0:59:48,"Znači, moraš oduzeti svoje doprinose, moraš oduzeti svoj najam, sve što ti plaćaš za posao, ali isto tako si moraš oduzeti svoj hladni pogon doma."
0:59:48,1:00:00,"Znači, ja imam još platiti za kredit, ja imam platiti ne znam, neko možda ima leasing, auto, nešto, ja imam platiti te svoje neke članarine, bla bla bla, ok, to je moj mjesečni hladni."
1:00:00,1:00:05,"Pogon, znači toliko moram zaraditi da se samo pokrijem, da ne živim."
1:00:05,1:00:11,"I onda još moram izračunati svoj neki plus da preživim mjesec, ali već kad radiš samo za sebe, ne želiš preživjeti."
1:00:11,1:00:14,"I prema tome, nekako izreguliraš svoju cijenu."
1:00:15,1:00:20,"E sad, isto je kolegijalno da ne ideš ispod cijene koja je na tržištu."
1:00:20,1:00:24,"Znači, ako svi kabineti nude 35 eur, nećeš valja sad ti sad 30."
1:00:25,1:00:32,"Znači, to je nekakva interna, valja kolegijalnost gdje ako vidim da oni pružaju takve cijene, Pružit ću ih i ja."
1:00:32,1:00:36,"Možda se ne smatram kompetentnom u tom trenutku, ali kompetencija će doći."
1:00:38,1:00:54,"Iskreno, profesionalnije u početku, i savjetujem u početku, odradi da se postavi dobra cijena, a da se ne diže svakih 2-3-5 mjeseci jer će ti tu roditelj više kao klient biti, ok, šta se promijenilo u zadnjih dva mjeseca, nisu se sigurno digli struja i najam i ne znam šta se u svaka dva mjeseca."
1:00:54,1:01:02,"I ti konstantno dižeš i dižeš i dižeš, djeluješ na van nekako pohlepan, radiš staviti malo veću cijenu, odradi u početku manje dok se ne napuni."
1:01:02,1:01:05,puni kabinet potražnjom nekakvom.
1:01:06,1:01:10,Kad se napuni onda ćeš ljepše ili ugodnije zarađivati.
1:01:10,1:01:18,"Možda u početku to neće biti neka svota, sada si milijarder, ali rađe se postavi tako da dobije i roditelje."
1:01:18,1:01:22,"Tu možda čak i, okej, gledaj već prošlog godina nisu dirali, cijene baš lijepo."
1:01:22,1:01:33,"Vidim da su svi dizali, znači kozmetički mi je diglo, 30 metara mi je diglo, automihaničar mi je apsolutno diglo, svi su mi digli, ali hvala Bogu, vrlo logopetni je jer je ovo od početka diglo."
1:01:35,1:01:36,Manje ček.
1:01:36,1:01:40,"Treba malo i poraditi, uplati se edukaciju za tu neverbalnu komunikaciju."
1:01:40,1:01:42,Uplati se edukaciju za poslovanje.
1:01:42,1:01:46,"Jer stvarno treba vidjeti i od koga dobivaš te, naravno, savjete."
1:01:46,1:01:49,"Ali kako ćeš se postaviti, to sve ovisi o tebi kao osobi."
1:01:49,1:01:52,Ja iskreno mislim da stvarno ovisi kao osobi.
1:01:52,1:01:56,"Nažalost, možeš ti se te savjete nekom dati, ali ako jednostavno."
1:01:56,1:02:00,"Ako roditelj na njuši da te može voziti, da tako kažem, to bude."
1:02:00,1:02:05,"Da, čim se ti postaviš, možda malo mekano, popustiš, ne popustiš to odmah.mah u početku."
1:02:05,1:02:12,"Znači, rađe odraditi tri terapije u danu i to je to, pa se bori malo, ali drži se svog."
1:02:12,1:02:15,"Jer, mislim, ja znam, normalno uvijek će ti svi pričati."
1:02:15,1:02:20,"Pričati sigurno i o meni, kao vidinjač da je ono na ovom platu, iako smo bolesni."
1:02:20,1:02:22,"A šta ćeš, ha, mislim, da ja moram živjeti?"
1:02:23,1:02:24,"Da, mislim, da."
1:02:24,1:02:29,"I ono što uvijek kažem na ovu temu govorkanja, prije će uvijek i prije će se uvijek, bilo kakav govor."
1:02:30,1:02:37,"Bio je, kakav god da bio, ljudi koji žele nešto pričati, će nešto pričati, pričat makar zamislili."
1:02:37,1:02:46,"Da, ne mora biti cijena, bit će ti oprema, bit će ti kako izgledaš, bit će ti način, pristup, prenos informacija, šta radiš, bla, bla."
1:02:46,1:02:47,"Uvijek će nešto biti, uvijek nešto manjkalo."
1:02:48,1:02:55,"Osobito specifično, evo kad živiš i radiš u istom mjestu, da to mesto nije ono New York, da ne zaprešiš."
1:02:55,1:02:57,I ono izaćiš na kau i vidiš ih sve.
1:02:57,1:03:01,"Vjerujem da je to poseban izazov, baš te htjela sad to pitati."
1:03:01,1:03:07,"Kako to izgleda, jel te love ljude onako na ulici za ruku, evo, imaš termi, molim to,, to bacite mi malo."
1:03:07,1:03:08,"Da, da."
1:03:09,1:03:17,"Mislim, ljudi ne razumiju još uvijek, me ti fascinira, još uvijek ima ljudi, baš je neki dan zvala neka mama, nije mogla vjerovati da se čeka."
1:03:17,1:03:22,"I da je sad ne znam koliko djece na listi čekanja, da mi imamo listu čekanja i svi su ju stavljeno na čekanje."
1:03:22,1:03:24,"Ono šta, njoj imam djetetu nužno, treba terapija."
1:03:25,1:03:28,"Apsolutno, svi su, prioriteti su hitni, svima treba."
1:03:29,1:03:32,"Znači, rana intervencija nužno što prije krenemo, odmah treba."
1:03:32,1:03:34,"Predškolarac treba, djeca idu u školu."
1:03:34,1:03:34,"Da, da."
1:03:34,1:03:37,"Školarac, poješti ga sustav, djeca je u školi, da."
1:03:37,1:03:38,"Znači, to je hitno."
1:03:38,1:03:42,Tako da ne razumiju kad im kažem da su svi termi popunjeni.
1:03:43,1:03:44,Šta ja mislim da su svi termi popunjeni?
1:03:45,1:03:46,"Znači, mi radimo od 8 do 8."
1:03:46,1:03:47,Svi termi nisu popunjeni.
1:03:47,1:03:49,"Osim pola sata kad je leđa, ima pauzu."
1:03:49,1:03:52,"Ja nemam pauzu, ali to je sve."
1:03:55,1:04:03,"To je prešlo do te mjere da kad ljudi vide da se ti i ja znamo, da se meni neko javlja kao ne da je ti pitano u svojoj vrednici."
1:04:03,1:04:04,"Može da baca, ne je rekao."
1:04:04,1:04:12,"Ali ja zaljam kad ja pitam Lauru za kavu i dobim screenshot u kalendara, tamo gdje moja hrabrost se ne može obaciti."
1:04:13,1:04:13,Govori mitig.
1:04:14,1:04:16,Onda mi je jasno da ne može ni logo kriterija.
1:04:16,1:04:23,"Mene ti isprdaju, baš mi je rekla moja prijateljica, u memo vjerod da si zaboravila našu kavoru, nije mi u kalendaru."
1:04:24,1:04:25,"Ja ne znam, mi se nismo dogovorili."
1:04:25,1:04:27,"Ako mene nije u kalendaru, mi se nećemo dogovoriti."
1:04:27,1:04:28,Znači nema šanse.
1:04:29,1:04:31,Ja nisam pristala bez da sam zapisala.
1:04:31,1:04:36,"Evo jutro sam Adriana moja me pitala, idemo u šetnju, ako može, u kalendaristi u 7."
1:04:36,1:04:37,Sutra to je to.
1:04:37,1:04:40,"Znači šet ćemo od 7 do 8, u 8 i 3."
1:04:41,1:04:47,"Tako da love, love i pokušavaju, ja njih razumijem, mi smo svi dobri."
1:04:48,1:04:59,"Ima ljudi, nisu svi koji znaju, ljudi znaju kako je to biti privatnik, stvarno sve više i više privatnika i svi nekako idu u te vode, što je super i super je baš da ima puno mladih poduzetnika."
1:05:00,1:05:07,"Tako da je sve više razumijevanja, međutim, ima naravno ljudi koji misle da smo najbliži na svijetu."
1:05:07,1:05:10,Ja bih svima najrađe omogućila termin i da mogu.
1:05:10,1:05:14,"Da mogu, uzela bih sve, ali stvarno fizički ti ne možeš stići."
1:05:14,1:05:22,"Ja znam sebe prije nego je tunela došla, mislim, znači samo kako sam burnautu bila, a ja radim samo godinu dana."
1:05:23,1:05:28,"Znači, apsolutno i da radiš samo godinu dana, kada radiš od jutra do sutra je previše."
1:05:28,1:05:41,"Tako da pokušavaju i to je malo mjesto, međutim, kad vide da to ne ide, nažalost, kažem, ja mogu pogurati, možda doći malo prije na red, ali opet meni kao logopedu."
1:05:42,1:05:45,nije etički da ja tebe povrem samo što te znam.
1:05:45,1:05:52,Neko već čeka pet mjeseci i onda meni jednostavno to nije moralno prihvatljivo i nažalost ko ne svi čekaju.
1:05:53,1:05:57,"Znači, teba hijerarhije nikakve, apsolutno da svi ste jednaki i svi ste na listi."
1:05:58,1:06:03,"Tako da ne kažem ja sad da smo mi nešto nedostižni, bla bla."
1:06:03,1:06:09,"Nego čim se nešto oslobodi, naravno da zovem, popunjavam termin, ali nije mi fair."
1:06:09,1:06:15,"Nije fair zato što ja ne znam Šteficu, ona neće doći na red, ali ti si mi frenica, te od tebe odmah ti uđe na red."
1:06:16,1:06:22,"Tako da, ali kažem, u te prazne termine uvijek pokušavamo ubaciti savjetovanje."
1:06:22,1:06:25,"Znači, neki ljudi jesu klijenti za savjetovanje, neki nisu."
1:06:26,1:06:37,"Telefonski uvijek pokušavamo razgraničiti da li je ta osoba za savjetovanje, zato što ne želim da mi neko dođe na savjetovanje i apsolutno nema šta za rad doma, jer mu treba kontinuirana podrška logopeda."
1:06:38,1:06:43,"Dakle, na telefonu barem probati otprilike približiti sam sebi da li je to tvoj materijal za savjetovanje."
1:06:43,1:06:45,i da li će oni to moći raditi doma.
1:06:45,1:06:51,Za savjetovanje bi po meni bio netko ko je preškolarac i nije u vladu pred vještinama.
1:06:51,1:06:55,"Znači, apsolutno ne mogu više preškolarce stavljati."
1:06:55,1:07:04,"Znači, imamo toliko sindroma, toliko jezičara, toliko sad autizma i komorbiditeta da to jednostavno ne ide preko reda sa preškolarcem."
1:07:05,1:07:07,"Molimo svi još biti doma, ne svi se ne sviđa im."
1:07:07,1:07:14,Tako da te pokušavamo nekako roditelje savjetovati i onda ako je to tako i dođe se situacija.
1:07:15,1:07:23,"gdje treba, onda barem pokušamo doći na sve tvoje, da vidimo samo što je na stvari, da li možeš nešto raditi doma, i barem ne to da te ubacimo tu i tamo."
1:07:23,1:07:24,Kad je mala sredina.
1:07:25,1:07:26,"Jasno, izgleda dobro."
1:07:27,1:07:31,Vidjet ćemo još malo o ovome kako razdvojiti poslovno i privatno.
1:07:31,1:07:34,"Sad naravno ovo pitanje, ono najvažnije nikad."
1:07:35,1:07:36,Govorim to valja za svako pitanje ovdje.
1:07:37,1:07:45,"Da, i o čemu su se ponavljala ta pitanja, kažem stvarno smo ih jako, jako puno zaprimili, a to je Laura, živiš li bolje nego ministar?."
1:07:46,1:07:48,Može li se zaraditi u logopediji kao privatno?
1:07:49,1:07:50,"Vidiš me, milijarder."
1:07:51,1:07:52,Što sam sprijeo?
1:07:53,1:07:54,Što sam stromaj.
1:07:54,1:07:55,Da sam čim turirao.
1:07:56,1:07:56,"Znaš, mada."
1:07:57,1:07:58,Travanj koči.
1:08:02,1:08:03,"Ne, a može se."
1:08:03,1:08:03,Naravno.
1:08:04,1:08:07,Ne bi nas bilo toliko koliko nas ima da se ne može zaraditi.
1:08:07,1:08:09,Naravno da ti možeš zaraditi.
1:08:09,1:08:11,"Mislim, možeš zaraditi i u ustanovi."
1:08:11,1:08:14,Sve ovisi o tvojem nekakvom osnovnom trošku.
1:08:14,1:08:16,Ja nužno ne mogu baš zaraditi jer ja imam.
1:08:16,1:08:34,"puno troškova, ali to je meni kao osoba, nećeš ti zaraditi milijune, nisi milijarder, nećeš biti, nije ista branša kao da si investizor i gradiš zgrade, ali kao da si, neću navoj struke, jer ne znači da ti ljudi imaju, ali to su puno veći obrate novaca."
1:08:34,1:08:41,"Groznično, isto sad mi moramo biti, naprimjer, firma jer nije isti obrate novaca kao, naprimjer, neko ko se bavi prodajom automobila."
1:08:42,1:08:47,"Znači, to je apsolutno enorma količina novaca, mi tu baratamo što bi vjerojatno nas porezna svrstala."
1:08:47,1:08:48,po sirotinju.
1:08:49,1:08:53,"Znači, sa nekakvom malom sumom noćiča koji se vrte u krug do kojih ti ne možeš."
1:08:54,1:08:55,"Dakle, ako si firma."
1:08:56,1:08:58,"Ako si firma, do tih novaca ne možeš."
1:09:00,1:09:04,"Tako da, ako imaš svoje jadne 2000 eura na računu, ne možeš."
1:09:05,1:09:06,Dobro iz straže da očeš biti firma.
1:09:08,1:09:12,"Ali, da, znači, nije isto, nije branša ista."
1:09:12,1:09:18,"Firmu preporučaju uvijek investitorima, preporučaju ne znam, kažem, automehaničarima, nekom koji stvaraju."
1:09:18,1:09:20,Nekome tko stvarno okreće dosta velik novac.
1:09:22,1:09:25,"Mislim, svako normalan može izračunati moj prihod."
1:09:25,1:09:26,Vrlo jednostavno.
1:09:26,1:09:31,"Ne znam moj, taj cijeli rashod, ali i koliko ja imam troškova u hladnom pogonu i to sve."
1:09:31,1:09:33,Ali uvijek možeš izračunati nečiji prihod.
1:09:33,1:09:47,"Kada rekiramo, otvoriš stranicu, vidiš cijene terapije, hvala Bogu, online je cijenik jer je sve transparentno i dostatno i izračunaš šta, jer ako radimo od 8 do 8 na puni sat, vrlo jednostavno možeš izračunati koji je prihod."
1:09:48,1:09:53,"Dakle, ako tu ima puno toga što je iza kulisa, to što sam ti rekla, to je jako puno troškova."
1:09:54,1:10:07,"Meni je organizacijska, ti znaš kako sam ja organizacijski i koliko je to meni kao tično, ali ti ako sebi organiziraš neke troškove, možeš vidjeti kolika ti je zarada i zarada je stvarno pristojna."
1:10:07,1:10:08,Znači ovisi i što ti je u cilju.
1:10:09,1:10:25,"Meni je uvijek bilo u cilju, znači sama da sam prije pokretanja kupila nekretninu i ono za što ja radim je da to jelo premijem, svoj dom da opremim, tako da ne stresiram se oko toga ako zaradim i potrošim na nešto što mi ide u tom smjeru, onome što ja hoću utrošiti novce."
1:10:27,1:10:31,Bio bi mi stres da ne zaradim dovoljno da pokrijem sebe i da pokrijem svoj kabinet.
1:10:32,1:10:42,"I sad, za poslanika, prije nego što sam imao zaposlenicu, kažem, izračunaš svoj hladni pogon i nekako računaš da ćeš barem to pokriti, pokriješ naravno i ostaviti nešto sa strane."
1:10:43,1:10:51,"Međutim, ono što je možda najviše na što moraš paziti je da uvijek moraš imati barem dva do tri puta, ajde."
1:10:51,1:10:54,"Ajde, dobro, dva puta više onoga koliko trošiš."
1:10:54,1:11:02,"Znači, ako je te biti hladni pogon 1500 eura, znači moraš barem imati 3000 spremljeno uz 1500 koji ih mjesečno pokrivaš."
1:11:02,1:11:09,"I to je novac koji ne postoji, znači novac koji se vrti i koji ti je sigurnosna mreža u koju ti moraš pasti, možda ne daj Bože, u jednom trenu."
1:11:10,1:11:22,"Šta da se desi u isto vrijeme da vidimo, ne znam, ja i Antonal na porod ili na molovanje, znači nema ko raditi, ti moraš imati nekakvu svoju financijsku sigurnost iz koje možeš vući za hladan pogon jer naš."
1:11:22,1:11:28,"Jer nažalost kredit neće se zamrznut, najam se neće zamrznut, doprinosi se neće zamrznuti."
1:11:28,1:11:30,Tako da možeš zaraditi.
1:11:30,1:11:34,"Međutim, uvijek u početku je moj savjet da što više spremaš."
1:11:34,1:11:36,"Pogotovo ako možeš barem godinu dana, spremaj."
1:11:37,1:11:45,Svako kažem ovisi njegovo osobni život koliko projekata imaš i spremi što više da barem imaš nešto iz čega možeš kasnije čupati.
1:11:46,1:11:46,Za ne da je bože.
1:11:46,1:11:53,"Znači, ne da je bože da nešto bude, da ne moraš nužno zatvoriti i ići negdje u sustav, nego možda ću izvući kroz mjesec, dva, ako nešto."
1:11:53,1:11:56,"Ako nešto bude, tako da nikad ne znaš što te može snaći."
1:11:57,1:11:59,Tako da možeš lijepo zaraditi.
1:12:00,1:12:03,"Ne znam, jesam htjela da pričamo konkretno o nekim ciframa, ali."
1:12:04,1:12:05,"Pa ne, ne moraš."
1:12:05,1:12:11,"Kao što si rekla, mislim da je jasno iz cenika i možeš eventualno pričati, mislim to je dosta individualno."
1:12:12,1:12:15,"U prostoru, u Zaprešiću i u centru grada Zagreba neće."
1:12:15,1:12:16,"Da, da."
1:12:16,1:12:22,"I one se možda onda i razlikuju minimalno, ali te se stvari su vrlo varijabilne."
1:12:22,1:12:23,"Da, to treba uzeti u obzir."
1:12:24,1:12:27,"I što se tiče tog postavljanja cijena, to se nismo dotaknuli."
1:12:27,1:12:40,"Osim što ti sad cijeniš sebe kao logopeda, uvijek cijeniš svoj rad, svoje znanje, koliko si uložio, prošlosti tu školu, slobodno vrijeme ne trošiš ne znam na šetanje gradom, nego pročitaš neki rad ili dva."
1:12:41,1:12:55,"I osim s tog svog iskustva, nije isto kad neki kabinet, ne pocijenjujem niti jedan kabinet, svaki kabinet zna svoju cijenu i svoju kvalitetu, kvaliteta usluga je možda uvijek ista."
1:12:57,1:13:01,"kao i taj neki, jer kao karikirim izmišljeni fiktivni kabinet."
1:13:01,1:13:08,"Međutim, nije isto ako netko ima poslovni prostor u najmu, mi imamo poslovni i imaš stan u najmu."
1:13:08,1:13:13,"Dakle, poslovni prostor režije su apsolutno drugačije nego za stan."
1:13:13,1:13:17,"Znači, samo plin i struja su nebo zemlja razlike."
1:13:18,1:13:32,"Osim toga, ja sam na početku odmah apelirala na to da idemo tu profesionalno posloženost ono što smo pričali., i o čemu možemo se kasnije dotaknuti, je da je ta nekakva osnovica složena i čime ja opravdavam svoju cijenu."
1:13:32,1:13:36,"Osim svoje kvalitete, kvalitetu ću ti pokazati i dokazati."
1:13:36,1:13:46,"Ali, ti na prvu ćeš doći do mene radi tog nekakvog vizualnog dijela i radi tog nekakvog profesionalnog dojma, da, estetike."
1:13:46,1:13:59,"Znači, sada, ne znam, nisu nužne ove kutije, mi ih imamo jer, iskreno, profesionalnije mi je, ljepše mi je i ugodnije mi je raditi u kuti., niti moram brinuti, iskreno kako izgledam, ništa."
1:13:59,1:14:02,"Je li ću se opret fulomasterem, bojicama, ne znam čime."
1:14:03,1:14:05,Da li će neko kihnuti na mene ili nešto.
1:14:05,1:14:08,"Jednostavno mi je ugodnije, a djelo je stvarno profesionalnije."
1:14:09,1:14:20,"Ali nije isto, znači, netko tko ulaže konstantno u taj neki profesionalni, estetski dio kojem se posvećuješ i na kojem želiš raditi, i netko tko to ne radi."
1:14:21,1:14:28,"Svako ima svoj izbor, znači, ne trebaš to ti apsolutno ne trebaš i dodatak je naša struka takva kakva je."
1:14:28,1:14:30,"Ruka je takva kakva je, jedini ne traži promo, znači ljudi će ti doći."
1:14:30,1:14:37,"Tako da, ne moraš, ali na nama je koliko ćemo se mi, jel sad, brandirati i kako ćemo se pokazati."
1:14:38,1:14:42,"Tako da, i što se tiče te cijene, to sam zaboravila reći, apsolutno igra ulogu."
1:14:42,1:14:46,"Znači, ako već ideš na tu profesionalnu stranu, moraš to naplatiti."
1:14:46,1:14:58,"Jer, nadam se da i roditelj shvaća da nije isto kad dovodi nekome ko radi fuž doma, što je sasvim u redu, jer, i ja sam ga prije radila, jel to je sve kvalitetna usluga i sve to stoji, ali ja znam da i moja tada usluga nije bila ista."
1:14:59,1:15:04,"kao sad, ne zbog mog načina i pristupa rada, nego same te didaktike s kojom sam baratala."
1:15:04,1:15:14,"Znači, te kažem i sunde, i tock tools, i beringer koji smo sad kupili je nešto što doprinosi toj cijeni i na čemu se ona osniva."
1:15:14,1:15:16,"Znači, ja sam ju osnovao na temelju toga."
1:15:16,1:15:37,"Iako vidim da neki kabinet je jednako kvalitetan i super, ali moja terapija je ipak sat vremena i u mom kabinetu kažem, imamo i taj beringer, svi znaju koliko beringer košta, svi znaju koliko sond koštaju koliko to tu oprema košta, znači koliko edukacija košta i koje sve razine treba dostići."
1:15:38,1:15:44,"Nažalost, ja ih isto nemam sve, jel polako, ali svi znamo koliko to košta i koliko košta ulagati u svog radnika."
1:15:44,1:15:47,"Tako da, apsolutno je regulirati cijene po tome."
1:15:47,1:15:50,"Znači, nije sve samo na toj čistoj kvaliteti rada."
1:15:50,1:15:53,"Ti možeš kvalitetno raditi, kažem, sprinterom, špatalom u svojoj sobi."
1:15:54,1:15:58,"Super, ali nije ista onda cijena i ne možeš se ravnat prema svima."
1:15:59,1:16:01,A sam skrenula s teme što smo mi onda rekli.
1:16:01,1:16:05,"Htjela sam te zapravo sad pitati kako si se malo dotakla ovog brandinga, estetike."
1:16:07,1:16:17,"Želim samo staviti ovako sliku slušateljima, znači ne nosi laurobične bijele kute, ne, to su brandirane kute u bojama njenog logotipa s logotipom koji je izvezen."
1:16:17,1:16:18,Kako su bili?
1:16:19,1:16:22,"Ja sam ga dizajnirala, to sam ja dizajnirala kutu."
1:16:22,1:16:27,"Da, definitivno pogledajte da vidite da imate cijelu tu sliku u glavi, the full picture."
1:16:28,1:16:32,Koliko ti je bitan bio taj stvoriti neki brand?
1:16:32,1:16:33,iza kabineta?
1:16:35,1:16:39,"Možda prebitan, bi neko rekao, čak, ali meni ne."
1:16:40,1:16:43,"Znači, ja nisam htjela starca sa nekom ofrljaj stranicom."
1:16:43,1:16:48,"Znači, ja sam se obratila ljudima u Funtexu biti Tamari, Tamari i njeno slično, thank you."
1:16:51,1:17:02,"Oni su mi radili web, znači, to su ljudi koji su prestručni u some i svima ih preporučam, nadam se da to još uvijek rade, koji su napravili tako dobru stranicu."
1:17:02,1:17:08,"I svaki moj milimetar koji sam ja rekla, ne mijenjaju to tekst, ne mijenjaju ono."
1:17:08,1:17:14,"Očito ipak, slide, su poslušali, odradili boje, primijenili, znači sve je u jednakom tonu."
1:17:15,1:17:19,"Meni u glavi, zbog mog OKP-a, je bitno da je sve posloženo."
1:17:19,1:17:21,"Međutim, mislim da je to i na van jako bitno."
1:17:22,1:17:31,"Nama ne treba web, nama ne treba ni Instagram, trebati neki broj telefona koji ćete ljudi nazvati, ljudi koji pričaju oko, ejem, super logoped, odnosno, tako je."
1:17:32,1:17:33,Ali je meni kao.
1:17:33,1:17:42,"Meni kao meni, nekakva opravdanja, kažem te cijene, možda bilo, ok, idem to što profesionalnije onda uložiti kad već toliko naplaćujem."
1:17:42,1:17:51,"Ja znam da naplaćujem sebe, svoje ime i svoju kvalitetu rada i svoje znanje i svoje vrijeme, ali idem naplatiti onda kad već to sve naplaćujem, idem onda i uložiti u to sve."
1:17:52,1:17:53,"Super je taj, kažem, poticaj."
1:17:53,1:18:06,"Znači, oni su poticaj su meni omogućili da to u to sve uložim i kad ti već daju te novce, ok, mislim, možeš ti nužno realno te novce i ostaviti sebi, potrošiti to što moraš, da ne znam da li se u tom smjeru.ije pričati, ali možeš."
1:18:06,1:18:07,Neko te neće provjeriti.
1:18:08,1:18:08,"Teoretski, da."
1:18:08,1:18:09,Teoretski ne voli.
1:18:10,1:18:13,"Ja sam potrošila svaku lipu, ali to je moj problem."
1:18:15,1:18:25,"Ali kad već ti neko daje te novce, evo ti toliko i toliko novaca, znači mi kažem, naša branša čini mi se ne zna da se nešto mijenjalo, 7000 eura možeš dobiti."
1:18:25,1:18:27,I sad imaš 5000 eura koje ne moraš pravljati.
1:18:29,1:18:37,"Neko ti daje tako puno novaca, nije to sad u milijuni, ali to je dosta novaca za nas, za nas logopede., jer nama ne treba nužno sve."
1:18:38,1:18:44,Ja sam išla onda rađunu uložiti tu nekakvu estetiku i tu nekakvu dobru osnovicu.
1:18:45,1:18:47,"Znači, moj logo su radila."
1:18:49,1:18:50,"Lana, što mi isto preporučujete?"
1:18:51,1:18:53,"Da, ona je isto profil u tome."
1:18:53,1:18:56,"Znači, nije to napravljen logo u Kanvi."
1:18:56,1:19:00,"Može biti, ja sam napravila svoj logo u Kanvi i njoj poslala da inicijative."
1:19:00,1:19:02,I ona je napravila ovo sve od toga.
1:19:03,1:19:06,"Znači, ja sam joj sama rekla tip slova, neke bolje."
1:19:06,1:19:07,"neke boje, šta mi odgovara."
1:19:08,1:19:09,Dobila sam nekoliko verzija.
1:19:09,1:19:18,"Kažem, oni su svi predobro, ja sam tako zadovoljna s tim početkom, iskreno, oni su svi toliko dobro slušali moje želje i to je sve onako baš kako sam ja zamislila."
1:19:20,1:19:24,"Tako da, nekako, kad već imaš te novce, uloži ih u taj neki profesionalni dio."
1:19:24,1:19:30,"Kad već i naplaćuješ to sve, ne moraš nužno, možeš napraviti logo u kanvi."
1:19:30,1:19:33,"Meni je bilo bitno da je dobro logo, da ga kasnije ne mijenjam."
1:19:34,1:19:35,"Da, da je iznestetno."
1:19:35,1:19:38,"Tako je, to je uvijek, uvijek bitno.."
1:19:38,1:19:45,"I osim u brandingu, tako sam htjela i u lokaciji, zato je to bilo ono što si spomenula u početku, puno lomljenja oko prostora."
1:19:46,1:19:52,"Voljela bih, ja sam htjela odmah, jer smo svi znali da će doći ta komoraka, da ide u tom smjeru i da to bude kako treba."
1:19:53,1:19:56,"Za to ti treba ipak možda 20.000 eura, pogotovo ne daju."
1:19:56,1:20:12,"Tako da, disfluido, znači, do neke iduće točke, ali ljudi vole tu konzistenciju, ne vole promjene i konstantne, mi smo svi robovi nekakvvih navika i rutina i vole kad se naviknu na nešto da to ostane pri tome."
1:20:13,1:20:16,"Dakle, ja ne želim mijenjati ime, ne želim mijenjati logo."
1:20:16,1:20:22,"Želim da to kako izgleda, tako izgleda i da to bude cijelo vrijeme tako i za 10 godina i za 15 i nadam se da hoće."
1:20:23,1:20:39,"Isto mi je onda bilo bitno da napravi logo lana kakav ja želim i kakav hoću, a isto tako da ona mi je omogućila da taj logo znači ja mogu u bilo kojem trenutku, evo sad ne za vodeni žig, za nalaze, za bilo šta, znači uvijek ih mogu."
1:20:39,1:20:42,sad za objave na Instagramu ubaciti ga u kanvu.
1:20:42,1:20:46,"Nešto s čime ja baratam, ja jako lagano mogu s time onda to popuniti."
1:20:46,1:20:51,"Isto tako, kad smo radili prostor, znači, imamo veliku dugu na slajdu imaj sceni."
1:20:52,1:20:58,"Bilo mi je puno jednostavnije tom čovjeku što mi je radio poslati jako lijepi, gotovi logo."
1:20:58,1:21:00,On se nije morao s time opterećivati.
1:21:00,1:21:09,"Napravio logo izrezoga i polijepio veliku sliku i pločicu, znači, i sve te neke daljnje ideje koje sad imam i koje idu, super, mi imamo svoje logo i to je to."
1:21:09,1:21:11,"To, znači, tu si miran."
1:21:11,1:21:14,Imam web s kojim sam prezadovoljna i koji uvijek možemo nadograđiti.
1:21:14,1:21:19,"Sad smo ga nešto malo mijenjali, oni su super susretljivi i stvarno mi sve omoguće."
1:21:19,1:21:23,"Tako da, to je, ja mislim, u početku baš, bar po meni jako bitno."
1:21:24,1:21:32,"Mi smo odmah postavili taj Google da je ljudima ukucaju ovo opet zaprešići i odmah da mogu doći, imaju upute, znaju lokaciju, znači da je ovo sve postavljeno."
1:21:33,1:21:38,"I rađem onda te novce uložiti u tako nešto, možda, nego nužno, kažem samo da je sad u početku."
1:21:38,1:21:41,"Mislim, mislim da je to jako važno."
1:21:41,1:21:48,"Važno sad u ovom trenutku je još uvijek to što ti kažeš, naša struka je trenutno takva gdje će ti ljudi svakako doći."
1:21:49,1:21:54,"Jer logo u kanvi ili logo napravljen od strane grafičkog dizajnera, nebitno."
1:21:54,1:22:04,"Međutim, imajmo na umu da postoji studiji sad i u Zagrebu i Rijeci, i u Zadru i Osijeku i Splitu i da će u nekom trenutku itekako klijent moći birati kod koga ću ići."
1:22:05,1:22:13,"I tad ćemo, ja mislim po prvi puta kao struka, baš onako pridonijeti veliku, veliku važnost tom brandingu promičbi i sl."
1:22:14,1:22:25,"Imajući to sada na umu i znajući kakva je trenutna situacija, mislim da je dobro kad već kako ti kažu, postoje ti neki novci koje možeš iskoristiti, da ih onda iskoristiš možda dio i za upravo ove svrhe."
1:22:26,1:22:26,"Da, da."
1:22:27,1:22:31,"To ne smeta, nekome je to ok, mislim to je sasvim u redu, to je osobni izbor svima."
1:22:31,1:22:42,"Dičeš ti raditi, kako ćeš raditi, kako ćeš se brandirati, ali kažem, meni je to bilo bitno da je to se nekako lijepo poslužilo, te kute i su, meni je to bitno osim što je estetski lijepo, stvarno je praktično."
1:22:42,1:22:48,I ja mislim da je moj evo zaposlenici super praktično što ne mora razmišljati o tome što će se doći na posao.
1:22:49,1:22:50,Kako će se zaprljati sa ovim?
1:22:50,1:22:53,Samo će se zavezati kosu i biti lijepa.
1:22:54,1:22:55,Sremna je za rad.
1:22:56,1:22:59,"Na tom tragu tog brandinga, IPR-a i sl."
1:23:00,1:23:04,"Snimate jako puno videa, kontenta na svom Instagram profilu."
1:23:04,1:23:11,"Jesu li oni od uvijek mislili da će to, da kažem, morati snimati ili kako ste uopće došli na tu ideju?"
1:23:11,1:23:14,"Pa to je isto, ja mislim, osobni izbor nekako."
1:23:14,1:23:19,"Nekako, kako smo svi sad nekako influenceri i svi gledamo te influencere i idemo u tom nekom smjeru."
1:23:20,1:23:22,"Nije da sad želim biti influencer, ali mi je super."
1:23:22,1:23:30,Društvene mreže su odličan način kako da podijeliš nešto sa ljudima kojima to nije možda pristupačno.
1:23:31,1:23:33,"Sad, netko se nalazi u nekoj sredini gdje nema logopeda."
1:23:34,1:23:41,"Nisu sad naši videi možda, to jest moji sad ne znam koliko detaljni, ali opet malo približe tu logopedsku terapiju, dinamiku."
1:23:42,1:23:45,"Nije svaki pristup logopeda isti, netko komo."
1:23:45,1:23:53,"Netko ko možda živi negdje ili u Slavoniji ili u Dalmaciji, ima svog logopeda i super je zadovoljan, ali vidi nekakav drugačiji pristup."
1:23:54,1:24:05,"Znači, svaki logoped ima svoj način rada i svoj pristup, i super mi je u tom smjeru nekakvog educiranja i roditelja, i nekoga ko nije nužno možda naša struka, a ni roditelj."
1:24:05,1:24:07,Dosta mi se jave često isto.
1:24:07,1:24:16,"Evo, smo bili na svadbi, pa sam i djecu rekomentirala, ona su odgajateljice u vrtiću, kako me fora kad vidi taj video i tu energiju koja se prenosi i smije."
1:24:16,1:24:24,"Prenosi iz mene na djete, iz djeteta na mene, i ta naša dinamika rada, i kako to izgleda, i da uopće nisu imale pojma kako logopiska terapija u biti izgleda."
1:24:26,1:24:34,"Čak ti moji prijatelji često dolaze u kabinu da isprve malo vibrofona, pa da ispruve beringere, pa slušali sve, pa pjevaju na to."
1:24:34,1:24:35,Znači svašta se dešava.
1:24:36,1:24:47,"Jer ljudi nisu uopće svjesni kako terapija izgleda i šta sve možemo i kako možemo, jer stvarno djeluje nekad kao da imamo čarobni štapić, pogotovo te špatulje cijel, kad im zatresemo jezik i onda to sve je ono."
1:24:50,1:24:55,Baš je lijepo približiti u principu roditeljima malo da vide šta se dešava iza kulise.
1:24:55,1:25:08,"Iako uvijek mogu, ali ne samo naši korisnici usluga, nego i svi ostali koji pregledavaju više kao društvene mreže i kažem, izlazim, iskočim video, a i malo da se pročuje za kabinet."
1:25:09,1:25:14,"Međutim, stručnjacima, čak možda više, to mi je isto bitno, tako da mogu usmjeriti isto na nas."
1:25:15,1:25:18,"Vidite, uvijek funkcija videa promičba."
1:25:18,1:25:19,logopedskih usluga?
1:25:20,1:25:26,"Pa ne, kažem, možda više isto kao edukacija e-broditelja, pa možda i drugih stručnjaka."
1:25:26,1:25:30,Nisam sigurna da sad svaki stručnjak zna kako izgleda logopedska terapija.
1:25:30,1:25:32,Ja nemam pojma kako izgleda terapija psihologa.
1:25:33,1:25:34,Stvarno ne znam.
1:25:34,1:25:39,"I kako možda oni svakoj problematici drugačije pristupe, isto kao i mi."
1:25:39,1:25:52,"Znači, apsolutno svako dijete mi je individualno i da imam troje za redom sa R nije mi isti pristup, nije mi isti način rada, nije mi isti cilj, mi je uvijek isti kaoti kao dobiti troj, ali nije isti postupak kojeg ću ja doći do njega."
1:25:52,1:25:57,Svaki od njih ima neki drugačiji problem i s nečim drugim se susrećemo.
1:25:59,1:26:16,"Tako da, u principu, u biti mi je više da nekako i možda neki drugi stručnjak vidi na koji način mi radimo, u kojem smjeru bi možda mi pomogli, kako bi mogli pomoći, a i kažem nekim možda više roditeljom, onako da se uputi jer nekako im je to još abstraktno."
1:26:16,1:26:20,"Kažem, oni misle da se mi najviše igramo, mislim, kažem, igramo se, ok.."
1:26:20,1:26:35,"Ali da malo im približimo kako ta terapija može izgledati, što sve mi možemo koristiti možda od tih nekakvih dodataka, im taj lexi, pa te slušalice, pa mikrofon, pa zašto taj mikrofon uopće i slušalice, te frekvencije, kako to djeluje."
1:26:35,1:26:40,"Tako da to je baš, mislim, više možda nekakva promjedžba je, ali kažemo po sebi."
1:26:41,1:26:41,"Da, da."
1:26:42,1:27:01,"I više možda za druge stručnjake, jer bi voljela da moje kolege čuju za nas i da vide da i mi radimo i kad netko dođe možda na savjetovanje u Zagrebubu, ali gleda, imaš, ti si Zaprešić, ali ne znam, ti si tamo iz pored nekog sela, imaš super kabinet blizu sebe, da i ovdje može tamo, mi smo ti daleko i mi imamo potrebu na svom kvartu."
1:27:01,1:27:05,"Znači, Špansko je pretrpano, sigurno, svojim klijentima."
1:27:06,1:27:12,"Zašto da neko tko je bobam tamo iz Vukovog sela dolazi na Špansko, pa nek dođe kod nas u Zaprešić rađe."
1:27:12,1:27:15,"I ako se slučajno nađe u Španjolsku, da ga može uputiti."
1:27:16,1:27:20,Pa se širi nekako ta mreža stručnjaka da se možemo i međusobno preporučiti u kraju.
1:27:21,1:27:21,Ja uvijek.
1:27:22,1:27:37,"Dolaze nama isto klijenti iz Zagreba, ali meni nema smisla jer mi pokrivamo, kažemo, osim Zaprišića i ta naša okolna sela i mjesta u principu i velike priljeve, znači, djece."
1:27:39,1:27:46,"Ok, dakako, ako neko dođe iz Samobora, super, neka dođe, baš mi je drago da se pročula i do Samobora, ali u Samoboru i u Setinu negdje ima super kabineta."
1:27:46,1:27:54,"Možda bolje da vide da li tamo ima mjesta, da li možda tamo ih mogu ubaci, da su tamo ipak na listi čekanja nego da putuju.ju k nama."
1:27:54,1:27:59,"Ja preporučujem stručnjak rađi iz Samobora, nego da ih sebi zapišem na listu."
1:27:59,1:28:00,Jasno.
1:28:00,1:28:03,"I sad, jako smo puno toga prošli."
1:28:04,1:28:11,"Mislim da smo stvarno ponudili pregršiti informacije, nekakvih osobnih iskustava i našeg generalno razmišljanja o ovoj temi."
1:28:13,1:28:22,"Ma sada, nakon ovih prvih godinu dana rada, što bi ti rekla, kad bi morala izdvojiti koji su neki najveći izazovi privatnog rada?"
1:28:25,1:28:29,"Pa na organizaciju i na taj financijski udar, možda."
1:28:30,1:28:42,"Iako ti dobiješ te poticaje, sve to stoji, ali potrošiš, ja sam potrošila, možda nećeš nužno ostaviš si možda nešto za tu sigurnosnu mrežu, ali potrošiš ih i nikad ne znaš što te čeka."
1:28:42,1:28:59,"Ja sam otvorila u super vrijeme, prvi sedmi, znači odmah išao u godišnji, tako da ne možeš otkud ni izvući novce, ni zaraditi novce, svi su na moru, dakle dva mjeseca možeš baciti u vjetar., a moraš plaćati hladni pogon, konstantno taj hladni pogon jer se vrti, moraš ga plaćati."
1:29:00,1:29:03,"Tako da možda isto treba razmišljati u kojem će ga trenu otvoriti, neko ja."
1:29:03,1:29:07,"Ali, kod mene je to testiranje, odmah sad mora i to je to."
1:29:07,1:29:18,"Tako da možda taj financijski dio, koliko god se može pripremiti, iako ti nikada na ništa u životu nisi spreman, niti na ne znam, brak, niti na djete, ništa tako nećeš ni na ovo biti spreman."
1:29:18,1:29:23,"Nikada nećeš imati dovoljno novaca, niza šta, tako da bolje onda krenuti."
1:29:23,1:29:25,"Ali, znat da, možda."
1:29:26,1:29:29,"se nećeš moći pripremiti, ali znači da će te se desiti pad sigurno."
1:29:29,1:29:35,"Znači, u jednom trenutku ćeš sigurno imati nekakav puno, puno veći minus nego plus, puno veći rashod."
1:29:35,1:29:44,"Što ti se dese neke možda troškovi, nenadani na poslu, ne znam, krepa boiler, pa krepa ovo, prekrepa ovo, prekrepa ovo, premaš ove troškove, ove i one."
1:29:45,1:29:47,Onda uz to sve imaš i doma nekakve možda troškove.
1:29:48,1:29:53,"I sigurno će se desiti neki minus, ali, a poslije toga će doći plus."
1:29:54,1:29:56,"Tako da, polako, stvarno ima vremena."
1:29:56,1:30:02,"Znači, uzmi si vremena, id polako, sprema i čuva i razmišlja o svakom koraku u potrošnji."
1:30:03,1:30:08,"A osim toga, apsolutno organizacijski i vremenski, pripremi se da to da te nema."
1:30:08,1:30:15,"Znači, nema te nigdje, nemate na kavama, nemate na druženjima, mislim, možeš ako možeš taj tempo podnijeti."
1:30:17,1:30:25,"Svako sebi, mislim, kad već ideš u te privatne vode, misliš si, pa baš ne briga, ja sam privatnik, ja ću raditi 5 sati na dan, pre dobro, imat ću vremena za sve."
1:30:26,1:30:32,"Nećeš, znači, u početku rad radiš 5 sati jer tih mjesec dana još nije prošlo za tebe."
1:30:32,1:30:36,"I čim se prođe kroz mjesec dana, nećeš raditi 5 sati u danu, nećeš raditi 25 sati u danu."
1:30:37,1:30:46,"I napunit će se raspored, ljudi žele termine i ti kao takav empatičan, iako si si ugraničio radno vrijeme, probisi držati njega, to je moj topli savjet radi brnauta."
1:30:48,1:30:52,"Ali uzimaš ne iz pohlepe, nego iz, kažem, empatije."
1:30:52,1:31:07,"Znači, želiš pomoći ljudima, takav smo branša kakve smo mi, pomažemo ljudima, radimo s djecom, to je možda nekakoakva najempatičnija moguća branša i jednostavno ćeš htjeti to i pripremiti se da možda ćeš se i susreći sa burnoutom."
1:31:07,1:31:13,Susreći moraš se dati emocionalno i psihički odmora jer ti kvaliteta pada.
1:31:13,1:31:24,"Znači ti čim si u burnautu, kvaliteta ti pada, više ne nudiš istu uslugu, daješ ju po istoj cijeni, ali roditelj, djete, svi vide da to nije ista usluga, nije ista kvaliteta."
1:31:24,1:31:32,Dakle to je možda najveći izazov je taj nekakav burnout i baš se treba čuvati tog sagorijevanvanja jer ćete pojasniti.
1:31:33,1:31:37,Čuvaj svoju kvalitetu rada i svoj psihički i mentalni zdravlje.
1:31:37,1:31:38,"Mislim, najbitnije od svega."
1:31:38,1:31:48,"Čim si mentalno posložen i imaš puno energije, nastavljaš biti toliko kvalitetan, efikasan i brže će se onda automatski djeca izmjenjivati, rješavat ćeš ih."
1:31:48,1:31:52,"Tako da, možda najveću bit izazov će biti ta organizacija."
1:31:52,1:31:55,"Nevriječeno je zadovanje, poslovno, privatno i briga za sebe."
1:31:56,1:31:59,"I baš ovo što si rekla, dakle, odmor, pauze."
1:32:00,1:32:05,"To nije luksus, to je prijeka potreba, nužna da bi uopće funkcioniralo."
1:32:05,1:32:08,"Znači, to su ono bazne postavke za dobar i kvalitetan rad."
1:32:09,1:32:09,Omogućuje se.
1:32:10,1:32:12,Tako da ne treba se libit to koristiti.
1:32:13,1:32:19,"Da, jer sad stvarno svi pokušavaju, ja razumijem zašto svi žele biti privatnici i svi žele što više zaraditi."
1:32:19,1:32:28,"Mislim, u takvom vremenu živimo, ti želiš jako puno zaraditi i sve to stoji, ali daj se u glavi psihički pripremi da ti nisi više to što si rekla, samo logoped."
1:32:28,1:32:33,"Znači, M ćeš biti knjigovađa, M ćeš biti PR menadžerem, ćeš morati organizirati sve te terapije."
1:32:34,1:32:38,"Ti si infopult isto, znači konstantno taj mobitel, konstantno zvoni."
1:32:38,1:32:40,Znači on stalno zvoni.
1:32:40,1:32:42,"Ako se ne više na poziv, dobit ćeš 75 poruka."
1:32:43,1:32:46,"Ako ne odgovoriš na sve poruke, pričat će ljude da ne odgovaraš na poruke."
1:32:46,1:32:51,"Ako ne odgovoriš na poruke, dobit ćeš 750 mailova, pogotovo ako imaš više tih kanala otvorenih."
1:32:51,1:33:04,"Ako tamo ne odgovaraš, eto ih na društvenim mrežama, dakle, imat ćeš puno upita, poklopit će te jer moraš računati da osim terapijskog posla, ti imaš dodatnog posla, znači ti stalno radiš."
1:33:04,1:33:06,"Nakon što ja završim posao, ja imam svoj posao opet."
1:33:07,1:33:17,"Dakle, kad završim svoj posao, moram riješiti račune, moram voditi knjigu prometa, moram odraditi Instagram, nekakve, ne znam ako hoću materijale ili samo odgovoriti."
1:33:17,1:33:21,"Ja samo dok odgovorim na poruke i pozive, meni oduzme sad do dva u danu."
1:33:21,1:33:28,"Znači, nekad i više, jer opet kažem, nije to dobar dan, dobar dan, mi terapiju da, evo zapisat ću vas na listu, hvala do viđenja."
1:33:28,1:33:35,"Znači, ljudi koji imaju svoju priču, svako ima svoju priču i svako ima svoj problem, to su stvarno ozbiljnini, rijetko koja je sama artikulacija."
1:33:35,1:33:43,"Dakle, to su ljudi sa mnogobrojnim sindromima, sa svakakvim situacijama i životnim teškim iz kojih dolaze."
1:33:43,1:33:58,"Dakle, pripremi se da nakon 5-6 sati terapije, ti imaš opet 2-3-4 sata sigurno, em papirologije, em tu infopulta, em tog malo PR materijala i još u sve to sve želiš sam sebe educirati."
1:33:59,1:34:01,"I sad na kraju dana, ajde ti pročitaj neki rad."
1:34:01,1:34:11,"Da, razjasni i ostavi jer moraš računati na to da iza kuliset svoje kvalitetne i dobre terapije imaš jako, jako puno posla."
1:34:11,1:34:18,"Ili ćeš platiti to sve neko radi, ako možeš, ja nisam mogla, ili ćeš se ugušiti u poslu."
1:34:19,1:34:20,"Znači, dobro odvagati."
1:34:20,1:34:22,Ja svakog potičem da apsolutno otvori svoje.
1:34:23,1:34:30,"Znači, sigurno ćeš ti zaraditi, sigurno će ti ostati, pogotovo ako super, ako imaš neke manje troškove, ako imaš neki prostor da ti daju itd."
1:34:32,1:34:35,"Ma i da nemaš to sve, opet ćeš ti zaraditi, stvarno hoćeš."
1:34:35,1:34:41,"Ali, znaju da je tu puno, puno više toga nego što izgleda na van."
1:34:41,1:34:42,"Znači, baš moraš."
1:34:42,1:34:43,Puno odgovornosti.
1:34:43,1:34:45,Jako puno odgovornosti i baš moraš brinuti o tome.
1:34:45,1:34:50,"Jer, kažem, nisu to bezredni klijenti koji imaju neku tek toliku priču."
1:34:50,1:34:54,"To su ljudi sa stvarnim pričama, stvarnim problemima koji ti dolaze da te pomogneš."
1:34:54,1:34:56,I koji zaista žele ih neko konačno i poslušati.
1:34:57,1:34:57,Da.
1:34:58,1:35:06,"Ali, ajde da nije sve tako ono, sad pričamo ono najteže, naravno, sad smo izdvojili ono worst of the worst, ali što su neke pozitivne, najpozitivnije onda strane."
1:35:06,1:35:09,Ona strane toga što si sad privatni.
1:35:09,1:35:11,"Pa meni osobno je ta, kažem, sloboda."
1:35:11,1:35:16,"Netko voli od 8 do 4, izađem s posla i na samo jedan."
1:35:16,1:35:20,"Da, prazno u glavi, propuh i idem svojim poslom."
1:35:20,1:35:21,"Hvala Bogu, imam vremena."
1:35:21,1:35:23,"Idem na kavu, idem riješiti sve, idem ovo, idem ono."
1:35:24,1:35:26,"Idem si očistiti, imam vremena za sve u danu."
1:35:28,1:35:33,"Ja nisam taj tip, ja ne mogu sebe ograničiti na to nekako radno vrijeme."
1:35:34,1:35:37,"Pokušavam, ali kažem, ta možda sloboda je meni najbolje."
1:35:38,1:35:42,"Ti sebi možeš ipak manevrirati rasporedno, možeš ga prilagoditi, promijeniti."
1:35:42,1:35:48,"Pogotovo ako si ti dobar i susreti prema ljudima, oni su i prema tebi, izaći će oni tebi u susret."
1:35:48,1:35:53,"Ako jedan dan imaš edukaciju i želiš ih pomaknuti, ljudi će ti izaći u susret."
1:35:53,1:35:55,Ako ti njih slušaš i oni će slušati tebe.
1:35:55,1:36:05,"Tako da ljepota tog nekakvog privatnog dijela je opet da ti možeš s tim poslom stvarno raditi čuda, znači možeš raditi kako god želiš."
1:36:05,1:36:08,"Netko može raditi samo vikend, možeš se uzeti slobodno svaki ponedjeljak ako želiš."
1:36:09,1:36:11,"Znači, ne moraš raditi ponedjeljkom ako ne želiš."
1:36:11,1:36:14,"Možeš raditi tutorkom od 8 do 7, niko te neće pitati."
1:36:15,1:36:24,"A meni isto, ja ne volim odgovarati drugima jer onda nekako evo odgovornost je samo na meni i ja sam se s tim pomirila."
1:36:24,1:36:28,"Znači, ja sam spremna da je sva odgovornost na meni i ja sam spremna se zauzeti za tu odgovornost."
1:36:29,1:36:33,"Ako tvoje dijete ne napreduje, ako sam ja za to odgovorna, ja ću stati sama iza sebe."
1:36:33,1:36:37,"Znači, apsolutno je do mene stvar probajte nekog drugog stručnjaka."
1:36:37,1:36:45,"Međutim, nije ako se ti apsolutno daš u to, znači, sigurno ima neki drugi faktor, ide mi stražit, pogleda svako individualno, pogledaću zašto to nije tako."
1:36:46,1:36:51,"I super je što onda, nema prebacivanja lopte odgovornosti."
1:36:51,1:36:53,"Znači, odgovornost je na tebi i na roditelju."
1:36:53,1:36:53,I to je to.
1:36:53,1:36:54,"Znači, meni je to dovoljno."
1:36:55,1:37:03,"Jer ja ne volim kad si ti u sustavu, njega će pokriti rehabilitator, malo psihologuma, negdje će napredovati, već, znači, nama je terapija 20 minuta, ne stignem."
1:37:04,1:37:18,"Jer, nažalost, naši logopedi ne stižu ništa napraviti, mislim ne ništa napraviti, nego jednostavno imaš neki cilj i oni se stvarno puno više frustriraju oko napretka nego mi."
1:37:19,1:37:28,"Znači ja imam pregrješ vremena, ja kažem roditelju kakva je ta situacija s plaćanjem i želim da vježbate što više jer onda nećete plaćati i odgovornost je na njima."
1:37:29,1:37:40,"I super je što, znači nema prebacivanja lopte odgovornosti na neke druge stručnjake ili sustav ili nešto, znači ja sam odgovorna, stojim iza toga i to je to, ako sam nešto pogriješila, tu sam glavu napanji eto."
1:37:43,1:37:45,Odgovornost je apsolutno na meni i na tom roditelju.
1:37:45,1:37:47,"Nema ko treći bit, možemo se gledati jedino."
1:37:50,1:37:50,Meni je to super.
1:37:50,1:37:52,"Evo iskreno, meni je to super."
1:37:52,1:37:56,Jer nema ko ni svaliti nešto na tebe kad ti znaš da da daš sve od sebe.
1:37:56,1:37:58,Da osi 100% sebe.
1:37:58,1:38:02,"Ako ti daš 100% sebe u tu terapiju, pa normalno da će to dijete napredovati."
1:38:02,1:38:03,Tako da meni je to super.
1:38:04,1:38:05,"Kažem, imamo puno vremena."
1:38:06,1:38:06,Terapija je duga.
1:38:07,1:38:10,Nesekiram se da neću stići nešto u terapijskom svatu odraditi.
1:38:10,1:38:12,"Znači, stignemo se i poigrati, dijete se zabavitiave."
1:38:13,1:38:16,"Kažem, to je meni ta ljepota, bez stresa radim svoj posao."
1:38:17,1:38:21,"I onda je super kad ti sjedneš na kavu i neko te pita kako ti je bilo na poslu, a predobro."
1:38:22,1:38:26,"Znaš kakvi je to super danas, ovo je rekao to, ovo je rekao to, svi su bili danas izvrsni."
1:38:27,1:38:31,"Evo sad smo išli, Karlo i ja, i baš me pitao kako ti je bilo, super mi je bilo."
1:38:31,1:38:34,"Znači danas su svi bili predobri, ne znam eto kako, ali baš su bili dobri."
1:38:34,1:38:47,"Znači možda je do te neke energije, ali da tako lijepo napreduju, tako lijepo surađuju, jer djete osjeti da ima više vremena i da se može opustiti., da može biti svoj, da se može i poigra, da može raditi, da može pogriješiti."
1:38:48,1:38:48,Tako je.
1:38:48,1:38:50,"Znači, imaš vremena, ako pogriješiš, nema veze."
1:38:51,1:38:58,"Kažem, bila sam i na praksi, i u sustavu, i svugdje, to stvarno je baš pritisak vremena, baš jako velik pritisak vremena."
1:38:58,1:39:03,"Baš moraš žuriti, a preobar si logoped, a ne stigneš ono što želiš."
1:39:04,1:39:04,To je pokazati.
1:39:04,1:39:05,"Da, da, jasno."
1:39:06,1:39:13,"To je tako žalosno, evo, kad te pojedne sustav, baš ima i, mislim, kažem, kvalitetni su logopedi i onda ono ne stignu ljudi, jednostavno ne stignu."
1:39:14,1:39:18,"A eto, tako se onda to manifestira, pokaže bez veze, mislim."
1:39:18,1:39:19,"Da, ispadne bez veze."
1:39:20,1:39:22,Kao da ne radi svoj posao to psu.
1:39:23,1:39:31,"Što bi ti onda poručila nekom mladom logopedu ili studentu, možda već sad logopedija, koji mašta o tom nekom kabinetu, ali ga koči taj neki strah?"
1:39:31,1:39:37,"Pa znači, da kažem ti onom ovako logopediju koji nisu logopedi otvaraju logopedske kabinete."
1:39:38,1:39:39,Što ne bi ti mogli reći?
1:39:40,1:39:45,"Da je, da, nakon pet godina faksa i kažem svih tih radova i seminara koje smo morali."
1:39:45,1:39:46,pisati i predati.
1:39:46,1:39:59,"Još ako si slučajno oslušao neku edukaciju, mislim, imaš puno više znanja već u startu nego neko ko nije logoped, a otvorio je kabinet."
1:39:59,1:40:11,"I okolo se reklamira kao davatelj logopedske usluge, komunikacijske usluge, kako god, jer usluge to sada nazivaju, ali te komunikacijske usluge, mi svi znamo na šta se to svodi."
1:40:11,1:40:15,"Dakle, ako neko kao takav se može okolo reklamirati kao logoped."
1:40:15,1:40:22,"Mogu opet, ti si stvarno sposobna mlada osoba koja može biti sam svoj šef."
1:40:22,1:40:28,"I ako možeš raditi za nekog drugog bez mentorstva, možeš i za sebe."
1:40:28,1:40:29,"Znači, znate što bi strah?"
1:40:29,1:40:33,"Nikad nećeš biti spremniji od ovog trenutka, nikad nećeš biti sposobniji."
1:40:33,1:40:36,"Cijeli život ćeš učiti, učiti, učiti."
1:40:36,1:40:44,"Kažem, skuplješ ti iskustva, možda se može bolje hranljati s nekakvom situacijom koja ti se desi i znaš, OK, to bi mogao biti ovaj i ovaj izlaz možda."
1:40:45,1:40:46,"Ali, ako ne zaustaviš, naučit ćeš."
1:40:46,1:40:49,"Znači, evo, meni se isto desilo x broj puta."
1:40:49,1:40:54,"Ja otvoreno kažem, roditelju, nisam educirana u tom smjeru, nisam se susrela s tom situacijom."
1:40:54,1:40:59,"Ja ću se javiti svakom koga ja znam i vidjeti ko je, neko je, nadam se da neko je."
1:41:00,1:41:07,"I javiš se svakom svom stručnjaku, svakom svom prijatelju, zato i stvaraš tu mrežu stručnjaka i surađuješ sa svima."
1:41:07,1:41:09,"Nikoti nije konkurencija, svi su ti to kolege i prijatelji."
1:41:10,1:41:16,"Nikoti neće uzeti posao i da ti ga uzme s razlogom koji je možda uzeo, radi opet na sebi."
1:41:17,1:41:35,"Tako da to su sve prijatelji koji će ti pomoći, kolegu koji će ti pomoći, koji nadam se ne čuva i svoje znanje, nego su spremni ti nekako uskočiti i s kojom god da se situacijom, kažem, nađeš, mislim i meni osobno, može se bilo tko javiti, uvijek je neko spreman ti pružiti pomoć, tako da nikad nećeš biti spremni."
1:41:36,1:41:50,"Imaćeš možda više iskustva, ali kažem, sve se to kod nas mijenja i logopedija je baš mlada znanost i stalno se istražuje i produbljuje, tako da što se više to i produbljuje, možda nešto što je bilo relevantno prije deset godina, više nije."
1:41:50,1:42:01,"Tako da sve se mijenja i to iskustvo koje je neko skupio prije deset godina nije isto kao iskustvo koje mi saskupljamo, različita je i problematika i situacija koja se javlja."
1:42:01,1:42:03,Tako da mislim da i mijenjaće se.
1:42:03,1:42:06,Tako da ne možemo se pripremiti.
1:42:06,1:42:18,"Mislim da je vrlo važno da razjasnimo da isto tako nisu svi za poduzetništvo i za imati privatni kabinet i nekom ovo može zvučiti kao aime, apsolutna never i to je skroz u redu."
1:42:19,1:42:26,"To je sasvim u redu., ali ako postoji ono nešto malo što ti njao tebi, možda bi mogla, možda ne logopedski kabinet, možda želiš izaći iz struke i pokrenuti nešto drugo."
1:42:27,1:42:27,"Da, to isto."
1:42:27,1:42:31,"Isto, ok, ako postoji razlog ti se kliknula na ovo epizodu, da nije onda."
1:42:31,1:42:33,Možda slušaš da te uspava toga imati.
1:42:33,1:42:34,Ako je puno.
1:42:34,1:42:36,"Uz moj glas, baš ovo zovoriš."
1:42:36,1:42:37,"Moj ne, moram da."
1:42:38,1:42:52,"Ali, ako ti je bilo zanimljivo i poslušala si epizodu o kraju, znači da postoji tu nešto, neki interes koji bi možda htio zadovoljiti i ne treba ono, ma kad budem rešila ovo., onda ću kad mi se ovo položi."
1:42:52,1:42:55,"Ne, nikad, znači neće se nikad ništa složiti u životu."
1:42:56,1:42:58,"Neće ti se servirati, možda nekima je."
1:42:58,1:42:59,"Ovaj, ali nekima je ne."
1:42:59,1:43:01,"Hvala Bogu, eto ima i takvih."
1:43:02,1:43:02,Blago njima.
1:43:02,1:43:03,"Da, Armenija."
1:43:03,1:43:07,"Evo, ja bih doslovno da bi bilo servirano, da me nešto pripremilo."
1:43:07,1:43:09,"Ali, kažem, apsolutno nisu svi za to."
1:43:12,1:43:20,"Neko voli, kažem, raditi u tom svom vremenu kad je posao i izaći bez brige u glavi o poslu, ne razmišljati o poslu, što je pre dobro."
1:43:20,1:43:21,Ja bih možda iskreno nekad.
1:43:21,1:43:32,"Iskreno, nekad poželi čovjek da bar radim negdje drugo i da mogu izaći mirne glave i ne javljati se na telefon i ne znam što sve ne misli o poslu, a imati ok plaće, imati plaćeno godišnje, imati plaćeno bolovanje."
1:43:32,1:43:36,Ovako moraš razmišljati o tome da ti bolovanje ti nije plaćeno.
1:43:36,1:43:38,"Znači ja se ne smijem razboliti, ako se ne razbolim ne primam novce."
1:43:39,1:43:40,"Vrlo jednostavno, kao kad si student."
1:43:41,1:43:42,"Ako ne radiš, ne zarađuješ."
1:43:43,1:43:47,Tako da na godišnji odmor koliko si možeš priuštiti u tom trenu.
1:43:47,1:43:52,"Ako si uspio uštediti, odeš na ne znam deset dana, ako nisi odeš na tri dana i to je to."
1:43:52,1:43:54,"I to je to, vraćate se na posao."
1:43:54,1:43:56,"Tako da to nije za svakoga, apsolutno."
1:43:57,1:44:15,"Ali treba biti baš karakterna osoba koja je spremna primiti svaki savjet, poručiti svima savjet, prihvatiti kritiku ne osobno, nego na toj nekoj profesionalnoj razini kao nešto, ok, moram još raditi na sebi, imam još puno prostora za naučiti, imam svašta za naučiti."
1:44:15,1:44:18,Tako da više u tome nekom smjeru.
1:44:18,1:44:21,Mislim da je ovo baš lijepa misao da završite epizodu.
1:44:22,1:44:26,"Jako puno toga smo prošli., vjerujem da vam je mnoštvo ovoga bilo jako korisno."
1:44:27,1:44:31,Oni koji su se dvoumili da sad malo više razmišljaju da ipak otvore nešto svoje.
1:44:32,1:44:35,"Svakako, Laura je sama rekla da vam stoji tu na raspolaganju."
1:44:36,1:44:39,"Obavezno čekirate na Instagramu, logorati."
1:44:39,1:44:42,Običajno će vam se sve jasnije kad dobijete malo širu sliku.
1:44:43,1:44:45,"Pogledajmo samo odlična Instagram, tako da."
1:44:45,1:44:45,"Da, da, da."
1:44:46,1:44:47,Dobro da smo nas malo pogledali.
1:44:49,1:44:54,"Hvala ti puno, baš si nesobično i transparentno, iskreno podijelila u biti sa svojom."
1:44:54,1:44:59,"U biti sve svoje uspone i padove, izazove i ove sretne trenutke u kabinetu."
1:44:59,1:45:02,I na tome te vam još jednom iskreno hvala.
1:45:02,1:45:03,"Hvala tebi, hvala što si me ugostila."
1:45:04,1:45:05,"Danas revi bilo jako dobro, super."
1:45:06,1:45:06,Baš bilo super.
1:45:07,1:45:09,Samo nam je fala jedna kavica tu.
1:45:09,1:45:10,"To jedim, malo kasno, ali dobro."
1:45:10,1:45:11,Da ćemo nadokniti.
1:45:12,1:45:15,"Nadam se da će svi uživati u epizodi i da im je pomoglo, kažem."
1:45:16,1:45:17,Niko se neće uvrijediti.
1:45:17,1:45:18,Nemojte što zamjeriti.
1:45:19,1:45:20,Dvije Bosanke moraju ovako.
1:45:22,1:45:24,"Pozdrav studija, da svi ovo je to."
1:45:26,1:45:28,Najbolje će dvije borse sunca završiti epizodu nego ovako.
1:45:28,1:45:29,"Moramo, moramo."
1:45:31,1:45:37,Slušali ste dvije laure i to u novoj epizodi dialoga i slušamo se već iduće srijede.
