Start (HH:MM:SS),End (HH:MM:SS),Segment
0:00:00,0:00:04,Koja je prava cijena svih onih noći kad smo spavali premalo?
0:00:04,0:00:08,Neki ljudi doista spavaju 7 sati i osjećaju se savršeno.
0:00:08,0:00:11,Nekim ljudima treba jednostavno 9 sati da se osjećaju dobro.
0:00:11,0:00:20,"Većina ljudi koja kaže osjećam se dobro nakon 5 sati, najvjerojatnije da je ta osoba u pogonu 24-7, od stresa jednostavno ne uspije osjetiti umor."
0:00:21,0:00:23,Ali to ne znači da nema dugoročnih zdravstvenih posljedica.
0:00:23,0:00:27,Neki od njih su rekli čak da je ta regularnost bitnija od količine.
0:00:27,0:00:29,Naravno ako nije količina drastično smanjena.
0:00:29,0:00:32,Ali bih rekao da je barem jednako bitna.
0:00:32,0:00:37,"Mislim da će ova tema zanimati puno ljudi, onako to je više u srednjoj."
0:00:37,0:00:39,"U sferi malomisterije, a to su ti snovi."
0:00:39,0:00:41,Koje je funkcija opće tih snova?
0:00:41,0:00:45,Na neki način smo negdje dijelove tih snova vidjeli ili nešto slično tome.
0:00:45,0:00:48,Još jedan fascinantan u biti je ulaz u snove.
0:00:48,0:00:51,"Probudim se, pogledamo mobitel, koliko je sati?"
0:00:51,0:00:52,Opet je pola tri.
0:00:53,0:00:56,"Ljudi se doista generalno koji imaju buđenje, bude oko 2-3 ujutro."
0:00:57,0:01:00,"Zašto oko 2-3 ujutro, ne u 5 ujutro, doista ne zna?"
0:01:00,0:01:01,Zašto se tad bude?
0:01:02,0:01:04,Generalno je važnije možda pitanje zašto se bude.
0:01:07,0:01:12,"Ali ne, koja je prava cijena svih onih noći."
0:01:13,0:01:15,kad smo spavali premalo.
0:01:15,0:01:26,"Da, Inko, prvo hvala ti puno na pozivu i zadovoljstvo mi je zaista biti ovdje i kao što i ti znaš i mnogi ljudi znaju spavanje je zaista jedan od ključnih temelja za zdravlje."
0:01:26,0:01:31,Ne samo zdravlje sutra dan već dugoročno mentalno i fizičko zdravlje.
0:01:31,0:01:40,"Osobito naglašavam to mentalno zdravlje jer zaista to je jako, jako važan aspekt kvalitetno spavanje i kvalitetno dugoročno mentalno zdravlje."
0:01:40,0:01:42,I nije problem kad mi spavamo tri noći loše.
0:01:42,0:01:52,"Naravno da se idući dan osjećamo loše, jednostavno energija nam je loša, kognitivno nismo sposobni kao što bismo bili da smo normalnino spavali i sve ostalo, pospani smo tijekom dana i sve."
0:01:52,0:01:58,"Naravno to utječe na naše funkcioniranje sutradama, ali ono što je jako važno je to dugoročno zdravlje."
0:01:58,0:02:18,"Da čovjek kada loše spava, a to znači da ili spava kratko, to bi, Američka akademija bi rekla da je kratko spavanje ispod 7 sati, nekako možda malo praktičnije reći ispod 6 sati stvarno nije baš već idealno, jer neke nove studije, na primjer prije nekoliko tjedana koje su izašle, rekli su da je malo više od 7 sati nekako idealan omjer spavanja i dugoročnog zdravlja."
0:02:18,0:02:25,"Je li to točno ili ne, ne znam, ali to su neke studije sad nove, pokazali sa velikim brojem ljudi, tako da rekao bih ispod 6 sati stvarno nije dobro."
0:02:26,0:02:29,Ispod šest sati spavanja ili loša kvaliteta spavanja.
0:02:29,0:02:30,Što to znači?
0:02:30,0:02:46,"Čovjek može spavati devet sati, osam sati ili sedam sati, ali to su pretjerano prečesta buđenja, nedovoljno dubokog sna i generalno arhitektura spavanja, odnosno, stadij spavanja kroz koji čovjek prolazi, a to je stadij jedan, stadij dva, stadij tri i rem stadij spavanja."
0:02:47,0:02:56,Cirkuliranje tih stadija spavanja za vrijeme našeg sna nije optimalno i to je loša kvaliteta spavanja koja je dugoročno povezana sa brojnim bolestima uključujući neurološke poremećaje.
0:02:56,0:03:16,"Dakle, nikome zaista ne treba da povećavamo rizik za neurodegenerativne poremećaje, Parkinsonovu bolest, Alzheimerova bolest, druge bolesti, psihijatrijske poremećaje, veliki depresivni poremećaj, generalni anksiozni poremećaj odnosno depresija, anksioznost, schizofrenija, bipolarni poremećaj i to se sve povećava rizik sa dugoročnim, dakle godinama pričam, ne dva dana, godinama lošim spavanjem."
0:03:16,0:03:26,"Osim toga, rizik za srčani udar, moždanji udar, diabetes, povećani srčani tlak, bubrežne bolesti, praktički bilo koja bolest je povezana sa lošim snom."
0:03:26,0:03:26,A zašto?
0:03:26,0:03:35,"Zato jer svaka naša stanica u tijelu, to su stanice u koži, jetri, srcu ili mozgu, svaka stanica ima nešto što mi zovemo mali periferni cirkadijani sat."
0:03:36,0:03:44,"A to je sat koji govori stanici, sada je dan, trebaš te procese obavljati, sada je noć, trebaš te procese obavljati."
0:03:44,0:03:51,"I kada se to ne ispoštuje onako kako bi trebalo biološki biti, dugoročno se događaju posljedice za praktički sve organe."
0:03:52,0:04:05,"Zapravo je fascinantno, imao sam nekolicinu ljudi koji su u sferi recimo zdravlja, dugovječnosti, kad god pričamo o zdravlju uvijek najveći naglasak stavljamo na spavanje."
0:04:05,0:04:11,Nekako ga ljudi čini mi se onako uzimaju zdravo za gotovo taj dio našeg života.
0:04:11,0:04:28,"Pa možda bi kad pričamo o cijeni ne spavanja, možda bi krenuo s nečim što kratkoročno ljudi primijete i onako i kroz nekakvu taštinu možda svi ono mislimo možda na početku o tjelesnoj težini, o izgledu ili takvim nekim stvarima."
0:04:28,0:04:32,Kakav je utjecaj recimo spavanja tojest ne spavanje na te stvari?
0:04:32,0:04:39,"Da, pa spavanje zaista već i nakon tjedan dana su studije pokazale ima utjecaja počevši od mentalnog zdravlja."
0:04:40,0:04:43,"Dakle, anksioznost se definitivno povećava nakon što spavamo loše."
0:04:43,0:04:51,"Dakle, svi smo nekako irritabilni sutra, ne pričamo se s ljudima, jednostavno međuljudski odnosi pate kad čovjek spava loše i to je nesporno."
0:04:51,0:04:58,"Što se tiče tjelesne težine, studije su pokazale da već nakon nekoliko tjedana čovjek dobiva na tjelesnoj težini koji spava kratko ili loše."
0:04:58,0:05:02,"To nisu ogromni dobiti na tjelesnoj težini, ali radi se o kilogramu ili 2 kilograma."
0:05:02,0:05:04,Kako je to moguće uopće?
0:05:04,0:05:04,Zašto?
0:05:04,0:05:12,"Zato jer postoje dva hormona koje su jedan od razloga, dakle jedan od razloga je postoje dva hormona koje su primarno vezane za glad, odnosno za sitost."
0:05:12,0:05:16,"Jedan hormon se zove grelin, dakle to je hormon koji je zadužen za glad."
0:05:16,0:05:20,"Kad je povećana količina grelina u krvi, mi osjećamo glad."
0:05:20,0:05:24,"Kad je povećana količina leptina, to je hormon sitosti, mi osjećamo sitost."
0:05:25,0:05:39,"I problem sa lošom kvalitetom spavanja, jer su ti hormoni upravo regulirani sa spavanjem, je da se hormon leptin snižava, to je onaj sitost, dakle manje osjećamo sitost, a grelij nažalost povećava i još više osjećamo glad, odnosno apetit."
0:05:40,0:05:51,"I nažalost, apetit nije za najzdravije proizvode i najzdraviju hranu, već se apetit često povećava za hranu koja ima preveliku količinu šećera, masti, kalorija i sl."
0:05:51,0:05:56,"I od toga, to je jedan od glavnih razloga zašto se povećava tjelesna težina."
0:05:56,0:06:04,"Nekako je uređeno izjava u narodu ono kažu kao idem napraviti ono beauty sleep, ono ono ono."
0:06:05,0:06:08,Kakva je poveznica između spavanja i izgleda fizičkog rada?
0:06:09,0:06:43,"Mislim da svi kad smo loše spavali kad se ujutro pogledamo u zrcalo ne izgleda baš idealno i to i sami možemo vidjeti, ali doista i postoje studije koje su radile taj beauty sleep, mislim da je jedna iz, ako se dobro sjećam iz Švedske ili slično, dakle studija je bila vrlo jednostavna, a to je da su, mislim da su u jednoj grupi bili muškarci koji su spavali dobro, u drugoj grupi su bili muškarci koji su spavali loše i ono što su napravili u toj studiji je slikali su te ljude koji su spavali dobro ili loše i pokazali trećoj grupi da kaže koji im muškarci izgledaju atraktivnije."
0:06:43,0:06:50,"Oni koji su spali dobro ili koji spali loše, ali ova treća grupa nije znala koji su spali dobro ili koji loše i gledajući da izgledaju bolje oni koji su spali dobro."
0:06:50,0:06:54,Tako da taj beauty slide doista i vidimo sami na sebi da treba spavati izgledno.
0:06:56,0:07:01,Pokušavam sada da pronađemo motive za ljude da spavaju bolje.
0:07:01,0:07:02,Definitivno fizički izgled.
0:07:03,0:07:06,"Da, moraš krenuti od aštine neke od tih stvari."
0:07:07,0:07:14,"Ako poznaš ljudsku psihologiju, što je zapravo sa kognitivnim performancama."
0:07:15,0:07:29,"Neki ljudi kao nas dvojica ambiciozni smo, vjerojatno da jako puno ljudi koji nas i gledaju isto su ambiciozni i žele imati više energije, žele da im kognitivne funkcije budu bolje, žele ostvariti nekakve svoje ciljeve u životu."
0:07:30,0:07:32,"Kakav je utjecaj spavanja, tojest ne spavanja na to?"
0:07:33,0:07:43,"To je osobito važno za ljude koji doista imaju vrlo jake profesionalne ciljeve, dakle vrlo visoke osobne ambicije, karijerne ambicije ili kod sportaša."
0:07:44,0:07:53,"To je izrazito važno iz razloga kada čovjek spava loše, a sutra je jako važan sastanak ili jako važanna utakmica, kada je Hrvatska nešto, jako važno da naši Nukvetaši spavaju dobro."
0:07:54,0:08:05,"I studije su brojne pokazane, naprimjer što se tiče motoričkih performansi, da praktički sve motoričke performanse od preciznosti udarca, brzine sprinta, koordinacije itd."
0:08:05,0:08:15,"padaju, ne dramatično, ali dovoljno padaju da čovjek to vidi i osjeti se na terenu kada čovjek loše spava već samo jednu noć."
0:08:15,0:08:18,"A to znači da spava 5 sati, 4 sata ili slično."
0:08:19,0:08:25,"Vrlo jedan klasični primjer je kada se igraju utakmice lige prvaka ili neke druge natjecanja, utakmice se završe u 11."
0:08:25,0:08:48,"navečer, treba onda neka doping test napraviti, ne izađu sa stadiona do ponoći jedan, onda se najčešće vraćaju isti dan u grad iz kojeg su došli, što nažalost nije jedna minuta vožnje, nego je često avion do druge države, vrate se u 2-3 ujutro u taj grad i onda ne spavaju baš idealno kad zaspu u 3 ujutro, ako uopće zaspu jer naravno rezultat utječe isto tako na spavanje."
0:08:48,0:08:55,"Ako su pobijedili, svi su presretni i neće baš spavati, ako su izgubili, svi su prenervozi pa neće baš spavati, tako da u konečnici ne spavaju dobro."
0:08:56,0:09:00,"A što se tiče ostalih kognitivnih performansi, recimo za ljude koji."
0:09:00,0:09:23,"koji zaista i naprimjer menadžeri, biznis ljudi i slično, ali naravno i svi drugi ljudi, sposobnosti logičkog razlučivanja, bilo kojih donošenja odluka dramatično padaju kad čovjek spava loše, jednostavno nisi svoj, što i svi znamo, kad čovjek spava loše i to se sutra dan može očitovati u tvome poslu."
0:09:23,0:09:36,"I ne samo to, već i zaposlenici koji loše spavaju dugoročno imaju povećan rizik za brojne bolesti koje smo rekli, što naravno ima i cijenu tome biznisu i zdravstvenom osiguranju i slično tome."
0:09:36,0:09:44,tako da spavanje ne samo da ima zdravstvene posljedice već ima i ozbiljne ekonomske posljedice o kojima možemo isto tako pričati.
0:09:45,0:09:48,Zanima me da li je Zlatko Dalić dobro spavao nakon ovog utakmice.
0:09:49,0:09:50,Nadamo se da ide.
0:09:50,0:09:51,Vidjet ćemo.
0:09:51,0:09:55,Držimo palčeve da će dečki to riješiti.
0:09:56,0:10:10,"Zapravo ono što se i događa isto vjerojatno kod ne spavanja možda je vezano uz te organizacije itede čak i međuljudski odnosi počinju trkati nekako i češće se događaju konflikti, možda imamo kraći fitil recimo ili tako nešto."
0:10:11,0:10:12,Utječe na raspoloženje skroz život.
0:10:14,0:10:22,"I primarno se povezuje sa jednom regijom u mozgu koja se zove migdala, ali to je jedan mali dio mozga koji je jako važan primarno za nešto što zovemo fight or flight."
0:10:23,0:10:28,"U trenutku kada neka opasnost se dogodi, hoćemo li se suočiti s njom ili ćemo pobjeći."
0:10:28,0:10:33,"I tad se naš stresresrespons, naš stres aktivira."
0:10:34,0:10:40,"I upravo ta regija mozga je nažalost značajno aktivnija kod ljudi koji spavaju loše, a to se može mjeriti na nekoliko načina."
0:10:40,0:11:01,"Jedan od načina kako se može mjeriti je nešto što se zove funkcionalna magnetska rezonanca, da se u biti mjeri protokrvi u mozgu do određenih regija mozga i što je veći protokrvi do određenih regija mozga, to živčane stanice zahtijevaju više nutrijenata i onda zahtijevaju više krvi koja nosi sa sobom nutrijente i onda se zaključuje da je ta regija aktivnija."
0:11:01,0:11:11,"I nažalost je ta amigdala aktivnija, a kad je ta amigdala aktivnija, upravo imamo kraći fitilj, anksiozni smo i jednostavno međuljudski odnosi kao što sam i sam rekao pat."
0:11:12,0:11:19,To najbolje vidimo kako sam ja recimo uočio kod sebe vrlo brzu poveznicu.
0:11:19,0:11:21,Uočio sam kad sam postao otac.
0:11:22,0:11:26,"Kad sam vidio da bebe kad ne spavaju, kad su razdražljivi."
0:11:26,0:11:32,"I onda vrlo brzo možeš uočiti da se zapravo i to tebi događa, samo što je teže uočiti nekakvu na prvoj."
0:11:32,0:11:33,Drugi uoče da se to događa.
0:11:33,0:11:35,Drugi uoče sigurno puno bolje nego ja.
0:11:36,0:11:45,"A daj mi recimo, molim te što se tiče imunološkog sustava, što se događa recimo kod nespavanja?"
0:11:45,0:12:07,"Što smo i prije govorili, apsolutno svaka stanica u našem tijelu ima taj mali cirkadijalni periferni sat, uključujući imunološke stanice i ono što je problem kad loše spavamo je da se ti periferni cirkadijalni satovi nisu više sinkroni u smislu da kada je dan, nije da nužno čovjek je budan, nego možda spava jer je pretjerano pospan jer nije spavao dobro prošlu noć."
0:12:07,0:12:12,"Kad je noć, možda ne spava jer treba raditi eksopsionalize i onda je zapravo budan kad bi trebao spavati."
0:12:13,0:12:14,I onda se vrlo lako to poremeti.
0:12:14,0:12:23,"I studije su pokazale već da nakon samo jedne noći lošeg spavanja je povećan rizik da čovjek dobije samo jednostavnu upalu grla, jednostavnu prehladu."
0:12:24,0:12:54,"I također što se tiče cjepiva, studije su istraživale da kada čovjek prima cjepivo i iduću noć loše spava, manje je dobar odgovor naših protutjela na određeni virus ili što već se cijepimo protiv čega, tako da je generalno imunološki sustav slabiji kad čovjek loše spava, a dugoročno mislim da je svatko od nas osjetio osobito kod putovanja, kad jednostavno ne može spavati džeta ili slično, da se jednostavno osjeća malaksalo i kao da će se prehladiti ili razboljeti sutra dan doslovno."
0:12:54,0:12:56,"I to je vrlo, vrlo realna stvar."
0:12:57,0:13:03,"Što kažu statistike, ne znam, ako imaš podatke, kako ljudi uobičajeno spavaju?"
0:13:04,0:13:08,"Da li ljudi uglavnom spavaju manje nego što bi trebali, da li je kvaliteta sna lošija nego što bi trebali?"
0:13:09,0:13:11,"Nažalost svi spavaju, većina ljudi spava manje nego što bi trebali."
0:13:12,0:13:19,"Prvo da kažem, američka akademija za spavanje je posegla taj jedan interval od 7 do 9 sati za odrasle ljude."
0:13:19,0:13:27,"Ovdje možemo pričati naravno o djeci bilo kojih godina ili o starijim ljudima, ali za odrasle ljude od 18 do 65 godina tu je nekakav interval od 7 do 9 sati."
0:13:28,0:13:33,Tu ima samo par napomena koje je važno reći pa onda odgovorim na pitanje o statistici.
0:13:33,0:13:37,Neki ljudi doista spavaju 7 sati i osjećaju se savršeno.
0:13:37,0:13:40,Nekim ljudima treba jednostavno 9 sati da se osjećaju dobro.
0:13:41,0:13:49,I to su te interindividualne razlike koje je jako važno znati jer nije da svatko mora spavati 7 sati a se osjeća dobro ili 8 ili 9.
0:13:49,0:14:29,"osam ili devet treba reći ako netko doista spava više od deset sati i potrebno je više od deset sati da se spava dobro tu treba posumijati na određene poremećaje spavanja koje ovdje možemo pričati ili ako osoba spava pet sati i kaže sutra se osjećam dobro vjerojatnost je dobra da ta osoba nije doista da treba spavati pet sati jer neki ljudi koji trebaju doista spavati pet sati koji se osjećaju dobro nakon pet sati to je jako jako jako mali broj ljudi i većina ljudi koja kaže osjećam se dobro nakon pet sati najvjerojatnije je da je ta osoba u pogonu dvadeset četiri sedam od stresa jednostavno ne uspije osjetiti umor ali to ono kad, kažem ne uspije osjetiti umor ne znači da nema dugoročnih zdravstvenih posljedica."
0:14:29,0:14:40,"Ti se možeš osjećati danas u redu ili sutradan u redu, ali ono što je često pitanje takvim ljudima postavimo je kad bih ih sad ostao u ovoj prostoriji i zamračio sa svjetla koliko bi trebao da zaspiš."
0:14:40,0:14:44,Većina tih ljudi kaže evo ja bih mogao zaspati ovako i to je problem.
0:14:44,0:14:54,"Dakle, i problem i također ako ljudi mogu zaspati ovako tu isto može postojati određena indikacija da je zapravo protekla noć ili protekle noći kvaliteta spavanja ili dužina spavanja nisu bile dobre."
0:14:54,0:15:07,"Što se tiče podataka, procjenjuje se da između dvadeset i trideset posto odraslih ljudi što je ogromnoan broj, ja bih rekao da vjerojatno i veća brojka spava manje od preporučenih sedam sati, sedam do devet sati."
0:15:07,0:15:09,To je ogroman problem i to kronično da spava tako.
0:15:10,0:15:15,Dakle ne samo jedan dan i nikad više u životu već dugoročno spava tako i to je veliki problem.
0:15:15,0:15:44,"Također ako pogledate da dvadeset do trideset posto ljudi isto tako odraznih ima jedan od poremećaja spavanja se procjenjuje je li to nesanica što smo sad rekli je li to apnea za vrijeme spavanja kada ljudi prestanu dišati brojne puta za vrijeme spavanja je li to jedan od ostalih šezdeset poremećaja spavanja kad to sve uzmeš u obzir praktički svaka treća osoba na svijetu ili loše spava ili ima jedan od poremećaja spavanja i to je jako važno prepoznat upravo da i dugoročnih poslice za zdravlje, a i sutra da se osjeća čovjek dobro."
0:15:44,0:16:08,"Generalno se recimo procjenjuje da države u istočnoj Aziji spavaju najmanje, dakle Japan i slično, koji spavaju oko šest, malo više možda od šest sati, a generalno mislim da su studije koje sam vidio da Finska, Nizozemska i Novi Zeland, ali te studije opet variraju, spavaju najduže, kad kažem najduže to nije devet sati, nego to je opet sedam i pol do osam sati u prosjeku."
0:16:08,0:16:15,"Zašto to tako i možemo diskutirati, ali vjerojatno i japanska kultura rada nije baš da doprinosi dugoročnom dobrom spavanju."
0:16:15,0:16:20,"Ako cijeniš ovaj trud, jedan mali klik na pretplate me nama znači cijeli svijet."
0:16:21,0:16:24,"Hvala ti što si tu, a sad uživaj potkestu."
0:16:28,0:16:31,Mislim da si mi zadnji put spomenuo tu onaj Margaret Thatcher gen.
0:16:32,0:16:32,"Moguće, jel?"
0:16:33,0:16:33,Moguće.
0:16:33,0:16:38,Oni ljudi koji malo spavaju i mogu funkcionirati i zapravo zdravlje im bude i dalje.
0:16:38,0:16:39,"Odnosno, tako je."
0:16:39,0:16:41,To je jedna mutacija koja je.
0:16:43,0:16:44,"Ja bih se volio, tko ne bi?"
0:16:46,0:16:49,"To je jedna mutacija u genu koji ima jako mali broj ljudi, to je jako važno za reći."
0:16:49,0:17:06,"Dakle, većina ljudi koji kažu da spava pet sati, dobro, najvjerojatnije nemaš tu mutaciju ili koja se zove Margaret Thatcher, Jean jer navodno, a ja ne znam je li to točno, navodno je Margaret Thatcher ili Čelična Lady u Jedinjenom kraljevstvu doista spavala četiri do pet sati i mogla voditi tu državu i u kompleksnim vremenima."
0:17:06,0:17:12,"Je li to točno ili ne, ja ne znam, treba možda pitati ljude koji su bliski njoj, ali u čas nije nazvan taj gen."
0:17:13,0:17:17,"Međutim, većina ljudi kao što sam rekao koja spava pet sati najvjerojatnije nema taj gen."
0:17:18,0:17:23,Problem je što mi ne znamo kod tih ljudi koji imaju ovu mutaciju kakvo je dugoročno zdravlje.
0:17:23,0:17:24,A zašto ne znamo?
0:17:24,0:17:37,"Jer tih ljudi je jako malo i mi jednostavno nemamo studije koje su dovoljno velike i dugoročne da kažemo, vidiš, zbog te jedne mutacije u tom jednom genu doista ovi ljudi spavaju pet sati i nemaju dugoročnih posljedica za zdravlje."
0:17:37,0:17:47,"To bi bilo genijalno kada bismo tako mogli nešto otkriti jer bi onda mogli istraživati, ok, što taj gen kontrolira, koji je to protein, gdje taj protein djeluje itede i tako bliže, međutim, te studije nažalost nema."
0:17:48,0:17:48,Da.
0:17:50,0:17:57,Jedna od posljedica ne spavanja kako sam ja uspio uočiti je takozvani mikro san ili mikroslip.
0:17:57,0:17:58,Što je to točno?
0:17:59,0:18:02,"Dakle, mikroslip se može događati po noći i po danu."
0:18:02,0:18:17,"To su najčešće, to je jedan vrlo, vrlo, vrlo kratki period spavanja koji nije duboko spavan, nego to je jedan vrlo kratki period spavanja tijekom dana kada čovjek jednostavno zatvori oči i nakon dvije minute dom se probudi i bio u tome stanju mikroslipa."
0:18:17,0:18:24,"Dakle, taj mikroslip nije rješenje i zamjena za dugoročno kvalitetno spavanje."
0:18:24,0:18:28,Kod spavanja je važno nekoliko stvari i to su nezaobilazne točke.
0:18:28,0:18:31,"Pod jedan, spavanje se događa po noći."
0:18:31,0:18:35,"Dakle, ne treba spavati po danu pet sati kao zamjenu za spavanje po noći."
0:18:36,0:18:37,I možemo se priča zašto..
0:18:37,0:18:39,Spavanje se događa po noći.
0:18:39,0:18:41,Druga stvar u kontinuitetu.
0:18:41,0:18:42,"Dakle, jako je važno."
0:18:42,0:18:45,Nije isto shvatiti sat vremena pa se buditi pa sat pa se buditi.
0:18:45,0:18:48,Jako je važno spavati sedam sati u godinu osam u kontinuitetu.
0:18:48,0:18:52,I treća stvar da to bude doista dugoročno tako.
0:18:52,0:19:11,"Ne u ponedjeljak spavamo ovako, u utorak onako, u srijedu onako jer ta inkonzistencija kod spavanja, osobito odlazaka u krevet i buđenja isto tako nosi ozbiljne zdravstvene posljedice iako čovjek možda spava sedam sati, ali jedan put ide leći u ponoć, drugi put u deset, treći put u devet, četvrti put u tri ujutro."
0:19:11,0:19:22,"Da li je moguće da osoba koja kronično slabije spava da se recimo ispotencira nekakva fizička bol, nekakve kronične fizičke boli?"
0:19:22,0:19:29,"To može biti točno, ja bih rekao primarno kod ljudi koji već imaju određene medicinske poteškoće."
0:19:30,0:19:36,"naprimjer osobe koje imaju autoimune poremećaje, poremećaje koji se tiču zglobova i sl."
0:19:37,0:19:50,"loša kvaliteta spanja može potaknuti povećanu učestalost bolova ili u zglobovima ili ono što mi izuma flare ups, je li, kod ljudi koji imaju inflammatory bow disease, znači kronovu bolestest, ucerozni kolitis, sl."
0:19:51,0:19:59,"Ti flare-upi, dakle poteškoće mogu se javljati češće kod ljudi koji loše spavaju ili zbog lošeg spavanja nego kad spavamo kvalitetno."
0:20:00,0:20:02,Najvjerojatnije zbog poremeća u imunom sustavu i sl.
0:20:03,0:20:08,Tako da i bol i možda ne boli se mogu javljati češće kod ljudi koji loše spavaju.
0:20:09,0:20:12,Svega smo krenuli o cijeni nespavanja.
0:20:13,0:20:13,Velika je.
0:20:15,0:20:18,Onda je možda logično da krenemo s tim definicijama uopće.
0:20:19,0:20:24,"Znate, vjerojatno rijetko ko od nas zastane i pita se zašto uopće spavam."
0:20:25,0:20:25,Što je san?
0:20:26,0:20:33,"I to su ti odlična pitanja Vinko, ali odgovor je možda malo razočaravajući, a to je zašto spavamo?"
0:20:33,0:20:36,Ako ću ti reći najkraći odgovor je ne znamo zašto spavamo.
0:20:36,0:20:44,"Dakle, mi možemo pričati i o regeneraciji tkiva i o svemu tome, ali mi ne znamo koja je osnovna poanta spavanja."
0:20:44,0:20:49,"To je kako bi rekli period end of story, točki kraj priče, ali možemo diskutirat."
0:20:49,0:20:52,"Druga stvar, zašto spavamo sedam sati ili osam?"
0:20:52,0:20:55,Odgovor je ne znam zašto spavamo sedam osam sati.
0:20:55,0:20:56,Zašto slonovi spavaju tri sata?
0:20:56,0:20:58,Zašto žirafe spavaju dva sata?
0:20:58,0:20:59,Apsolutno ne znam.
0:20:59,0:21:00,A ogromne su životinje.
0:21:00,0:21:07,"Dakle, nije nužno da veličina tijela je linearno povezana sa, proporcionalno povezana sa dužinom spavanja."
0:21:07,0:21:10,Zašto miševi spavaju dvanaest i trinaest i četrnaest sati?
0:21:10,0:21:11,To isto ne znamo.
0:21:11,0:21:21,Dakle to je jedna misterija iako u toj misteriji provedemo trećinu života mi kao ljudi i mi još uvijek ne znamo koja je poanta spavanja a znamo da je spavanje povezano sa brojnim poremećajima.
0:21:22,0:21:36,"Neki ljudi argumentiraju što je vjerojatno i točno da spavanje nema samo jednu ulogu nego da su to brojne uloge koje spavanje ima, koje smo pričali ovdje ali je fascinantno što mi danas zapravo ne znamo taj vrlo jednostavan odgovor."
0:21:36,0:21:48,"Znamo koja je funkcija, jetre srca, znamo i neke druge naravno procese zašto se događaju, ali zašto spavamo, why we sleep, ili kako kaže knjiga, the answer is we don't know, idete ga ne znamo."
0:21:49,0:22:13,"Da, nevjerojatno, vrlo smo potentna, moćna bića sa raznovrsnim mogućnostima, ali uvijek se uhvatimo, malo budem razočaran koliko smo zapravo i krhki s druge strane, koliko trebamo održavanje, moramo svaki dan jesti više puta, moramo konstantno piti vodu."
0:22:13,0:22:15,moramo svaki dan spavati.
0:22:15,0:22:16,I to je naš nužni cilj.
0:22:16,0:22:19,I to je ono što trebamo da bi mi funkcionirali uredno.
0:22:20,0:22:20,Apsolutno.
0:22:20,0:22:24,"I samo jedna od tih stvari kad izađe iz balansa osjetimo je vrlo, vrlo brzo."
0:22:24,0:22:27,Kad ne idemo i kad smo gladni ne osjećamo se baš dobro.
0:22:28,0:22:34,"Kad smo žedni još se slabije osjećamo, kad spavamo možda se još i najgore osjećamo."
0:22:34,0:22:35,I to je jednostavno fascinantno.
0:22:35,0:22:48,"Ali ono što isto treba ovdje reći je, nema dokaza u ljudima, i to me neko postavlja jedno odlično pitanje, nema dokaza u ljudima za sada da loše spavanje, odnosno nespavanje ću reći."
0:22:49,0:22:50,Ubija.
0:22:50,0:22:54,"Dakle, da loše spavanje uzrokuje smrt."
0:22:55,0:22:59,Loše spavanje je povezano sa brojnim poremećajima koji smanjuju životni vijek.
0:22:59,0:23:06,"To je točno, ali u ljudima nema dokaza da ne spavanje jednako čovjek će umrijeti."
0:23:06,0:23:08,"U životinja, u štakora, ima dokaza za to."
0:23:09,0:23:19,"Dakle, štakori su, mislim, bili deprivirani spavanja oko dvadesetak dana, dakle, recimo tri do četiri tjedna i doista ti štakori koji nisu spavali su na kraju i umrli."
0:23:19,0:23:20,"Uginili, odnosno."
0:23:21,0:23:22,Tako da u životinja taj dio ima.
0:23:23,0:23:24,U ljudima mi te dokaze nemamo.
0:23:24,0:23:28,"Mislim da je rekord svijjetski, ali možda je sad već i oborem, mislim da je bilo jedanaest dana."
0:23:28,0:23:33,"Dakle to nije sad tako ogroman period nespavanja, uopće nespavanja, totalnoga."
0:23:33,0:24:01,"Mislim da u Australiji čovjek, ali nemoj mi sto posto ovo sada, on je već nakon sedam ili osam dana počeo imati halucinacije i svakakve druge stvari nakon samo ja bih rekao s obzir kad kažem samo kažem čovjek živi u prosjeku osamdesetak godina i nakon samo deset dana nespavanja taj čovjek je imao halucinacije i jednostavno više nije mogao fizički i mentalno psihički izdržati i morao je ići spavati toliko ti to govori koliko je spavanje važno."
0:24:01,0:24:02,A zašto je spavanje važno?
0:24:02,0:24:50,"Još uvijek ne znamo sto posto koliko je tvoje rekordno spavanje ja mislim da ja nisam duže od dva dana nisam duže od dva dana sigurno svaki imao noći kada ne spava ali dva dana više u kontinuitetu nisam spavao ne spavao duže od dva dana u kontinuitetu nije bilo dobro ali pazite to je samo četrdeset osam sati u kontekstu životnom vijeku osjećao sam se užasno još je najgore kad putujem u avionu osobito ili preko barijere američke europu ja na avionu spavam užasno loše dakle i onda dođe ne samo to što spavaš sat vremena na avionu, nego dođeš ovdje u Hrvatsku, šest sati vremenske razlike u odnosu na istočnu obalu, totalno ti je poremećen cirkadijani ritam, plus nisi spavao, plus ovdje si tamo došao u dan i trebaš nastaviti dan."
0:24:51,0:24:52,Jako se loše osjeća čovjek.
0:24:53,0:24:55,Što se preporučuje tu kod tog jachtlega?
0:24:55,0:25:00,"Sad si ti recimo došao, danas si upravo u jachtlegu."
0:25:00,0:25:01,Ja sam u teškom jachtlegu.
0:25:01,0:25:02,Nadam se da se ne vidi to loše.
0:25:02,0:25:06,"Ne vidi se ništa, ja bih volio da tako funkcioniramo ono put, evo devet sati sva."
0:25:06,0:25:08,"A spavao sam avionu, mislim sat vremena."
0:25:08,0:25:09,Možda sat vremena.
0:25:09,0:25:12,"I to u onome položaju znaš, jako je teško."
0:25:12,0:25:13,Ali ima nekoliko.
0:25:13,0:25:14,preporuka.
0:25:14,0:25:25,"Dakle, kada recimo idemo iz Amerike, važno je odakle krećeš i gdje ideš i koliko dugo tamo stojiš i koji je cilj odlaska, je li to turistički, je li to super važna utakmica, super važan miting koji imaš i tako."
0:25:25,0:25:45,"Ali recimo, generalno, u idealnom svijetu i ovo je doista u realnom svijetu nije moguće, ali treba ovdje reći, a to je da barem pet šest dana prije očekivanog putovanja bi čovjek već u krevetu svome ili u svojoj kući trebao prilagoditi spavanje, odlazak i buđenje vremenskoj zoni u koju ideš."
0:25:45,0:26:26,"Drugim riječima, ako ideš u Hrvatsku iz Amerike, trebao ići što ranije spavati, dakle ne u ponoć spavati jer ponoć američki je šest ujutro hrvatski to nije baš idealno nego bi trebao ako imaš pet ili šest dana petnaest i dvadeset minuta svaki dan ranije dakle ako ideš normalno u ponoć spavati barem u ponoć petnaest do dvanaest pa onda je jedanaest i trideset pa samo da malo gurneš ovaj ritam da to barem bude hrvatskih tri ujutro ili četiri ujutro da nemaš toliki jetlag od šest sati ili sedam sati već da je to ipak tri ili četiri sati jer se procjenjuje negdje da ti treba a to zaista opet varira o brojnim stvarima jedan dan po jednoj vremenskoj zoni za prilagođavanje dakle šest sati otprilike šest dana recimo tjedan dana ti treba da se u potpunosti prilagodiš."
0:26:27,0:26:33,"A ti ideš recimo u Hrvatsku kao i ja dva dana i onda znaš kako to izgleda, ne baš i dan, ali nekako uspiješ."
0:26:33,0:26:45,"I druga stvar, jako je važno tajmiranje svjetla, dakle ovisno gdje ideš i kada ideš, jako je važno izložiti se svjetlu da resetiraš svoj cirkadijalni ritam, da mu kažeš, ok, sada je dan."
0:26:45,0:27:05,"Drugim riječima, kad sam došao ovdje u Hrvatsku, ne znam, bilo je dvanaest sati ili koliko već, u podne, ne bi bilo dobro da idem spavati u podne, nego iako mi se ide spavati u podne jer je to šest ujutro, američki, a nisam praktički spavao cijelu noć, skoro cijelu noć, treba se izložiti svjetlu da pokušaš forsirati srkadijani ritam što ranije i što brže da se prilagodi."
0:27:05,0:27:45,"Druga stvar, korištenje kave ili kofeinskih napitaka, idealno ne razno raznih nego možda kave recimo, specifično, tajmirati da pokušaš da te to izgura taj dan do noći kada bi trebao ići spavati jer bi se trebao što brže prilagoditi zoni u koju dolaziš na način da jedeš kada ljudi u toj zoni jedu, dakle ne da jedeš u tri ujutro u toj zoni jer to nije prirodno, da ako idealno hotel ili gdje već spavaš ima nekakvu teretanu da doista fizičku aktivnost odradiš ne u tri ujutro nego idealno ujutro kada dođeš ovdje, dakle u osam ili devet ujutro ako tada dođeš jer to je jedan dobar znak našem cirkadijalnom ritmu, sada je jedan trebaš pripremiti organizam."
0:27:45,0:27:50,"I treća stvar, ako ništa ne funkcionira, može se probati melatonin."
0:27:50,0:27:51,Što to znači?
0:27:51,0:27:57,"To znači kada u Hrvatskoj dođe deset na večer, u Americi je to tek koliko četiri popodne na istočnoj obali."
0:27:57,0:28:05,"Dakle u četiri popodne u Americi generalno ne ideš spavati, a ovdje već deset na večer je kao, on bi trebao biti možda ili blizu kreveta, a tebi se nikako ne spava."
0:28:05,0:28:09,"Dapače, nakon četiri popodne dobiješ onaj drugi val energije i ti uopće ne biš spavati."
0:28:09,0:28:16,"I ako nikako ne možeš zaspati, možeš uzeti melatononin na niskoj dozi da pokušaš nekako zaspati."
0:28:17,0:28:28,"U najgoru ruku, dakle preporuka Američke akademije kao zadnja linija može se uzeti jedan lijek koji se zove Zolpidem za ljude koji apsolutno nikako ne mogu zaspati, a moraju zaspati u novoj vremenskoj zoni."
0:28:28,0:28:30,Ali to je zaista korak deset.
0:28:33,0:28:49,"Još bi se malo zadržao na ovome što je, znači rekao si malo prije da ne znamo zašto spavamo, ali da te čujemo kako definiramo san, jel postoji neka definicija uopće i šta se događa recimo u našem mozgu kad spavamoamo."
0:28:49,0:29:04,"To je stanje promijenjene svijesti gdje mozak ulazi u određene, mozak i cijeli organizam ulazi u jedno stanje, jedno promijenjeno stanje koje možeš vidjeti za početak u mozgu putem možda i valova."
0:29:04,0:29:08,"Dakle, možda i valovi su jednostavno iščitavanje aktivnosti žičanih stanica."
0:29:08,0:29:09,Što radiš?
0:29:09,0:29:32,"Kod ljudi koji želiš doista vidjeti da li spavaju ili da li ne spavaju, nije samo dovoljno vidjeti jesu li oči zatvorene ili nisu, jer zbog očitih razloga nije samo dovoljno vidjeti je li čovjek diše ovako ili onako, ili je rad srca ovakav ili onakav, ne, ili je li čovjek leži ili stoji na nogama, već je važno da pogledaš aktivnost mozga jer spavanje potiče od mozga, nije samo za mozak, ali potiče iz mozga."
0:29:32,0:29:41,"I ono što možeš vidjeti kada sad išiš određene elektrode ili na glavu, možeš vidjeti aktivnost žičanih stanica koja se očituje putem valova, što je vrlo jednostavno."
0:29:41,0:29:53,"Dakle, kako žičane stanice su aktivne, tako možeš u biti vidjeti valove na ekranu kada putem tih elektroda i putem određenih valova ti možeš zaključiti da li je čovjek u stanju budnosti ili u spavanju."
0:29:53,0:30:03,"Jer postoje određeni valovi koji su povezani sa budnosti, naprimjer jedni valovi koji su zovu beta valovi, dakle ti valovi su vrlo brzi valovi koji su jedno aktivno stanje budnosti."
0:30:04,0:30:09,"Dakle, kad mi razmišljamo, mi pričamo, bilo koje probleme rješavamo, to su najčešće beta valovi."
0:30:09,0:30:20,"Razni još valovi imaju, naprimjer, kada je čovjek u stanju opuštene budnosti, onda se u mozgu javljaju takozvani alfa valovi, to je na opuštenoj budnosti i to je nešto što se događa prije regularnog spavanja."
0:30:21,0:30:25,Ovdje pričamo o ljudima koji imaju zdravo arhitekturu spavanja i zdravo spavanje.
0:30:25,0:30:41,"Kad čovjek ulazi u spavanje, ti počinješ vidjeti takozvane teta ili teta, teta valove, koji se isto tako mogu relativno lagano razlikovati od ove ostale i kako ideš dublje u san, tako možeš vidjeti karakteristike svakog od četiri stadija spavanja."
0:30:42,0:30:56,"Naprimjer, u stadiju 1 ćeš vidjeti dosta ovih tetovalova, ne samo ali dosta ovih tetovalova što ti govori, ok čovjek nije niti u sanju super dugog spavanja, nije budnost jer nema baš alfa i nema baš pete, ok u teta smo i to je stadij 1."
0:30:56,0:31:24,"Kada ulaziš u stadij 2, uz te tetovalove vidjet ćeš nešto karakteristično, a to se zovu vretena spavanja, dakle to su vrlo kratke oko sekundu, dugački, brzi valovi koji se događaju za vrijeme spavanja i na ekranu doista izgledaju kao mala vretena, dakle imaš normalne valove., imaš jako brzu aktivnost koja traje pola sekunde, sekundi, to su retena spavanja, karakteristična za uzdravih ljudi koji nisu na raznoraznim lijekovima, to naravno možemo pričati, karakteristična za stadij dva spavanja."
0:31:24,0:31:51,"I druga stvar za stadij dva su nešto što se zove K kompleks, K kompleks, dakle to su jedan poseban val koji ti vidiš na ekranu kada spojiš čovjeka na elektrode i ne znamo u potpunosti čemu oni služe, ali su oni dosta asocirani uz memoriju, transfer memorije iz kratkoročnog, dugoročnog pamćenja, jel to sto posto nije, ali isto koja retena spavanja koji su svi sa nekakvom memorijom."
0:31:51,0:32:52,"Kada ideš dublje u spavanje u stadi tri što se karakterizira kao duboko spavanje, još se zove i sporovalno spavanje, a sporovalno se zove jer se tada događaju na elektrodama ili putem EEG-a, te elektrode se zovu elektronencefalografija, dakle čitanje aktivnosti mozga, vidiš velike i spore valove koji se zovu delta valovi i kada vidiš puno delta valova, čovjek je u stadiu tri uz još neke ostale karakteristike, stadi u tri spavanja i nakon toga ideš u REM stadi spavanja gdje vidiš valove koji se zovu na iglesi SOTU, to je kao valovi, kao pila, izgleda kao pila s kojom možeš pilati drvo ili nešto, sotilni valovi, i u tom rem-sadju spavanja, uz te valove koji izgledaju vrlo slično kao i budnost, jer su vrlo brzi i mali valovi koji se mogu javljati slično u budnosti, vidiš da je frekvencija srca odjednom povećana, dakle da se događa nešto se događa, da je disanje odjednom više nije tako regularno i lijepo i fino, nego je malo disregulirano."
0:32:52,0:33:00,"I treća stvar što vidiš su brzi pokreti očiju u rem-sadju spavanja, jer rem-rem stoji za rapid eye movement, odnosno brzo pokretanje očiju."
0:33:01,0:33:04,I kada pogledaš sve te karakteristike zaključuješ da je čovjek u rem stadiju spavanja.
0:33:05,0:33:15,"A da vam ovdje kažem jer to je, mislim da je to jako važno u biti general jedan poremećaj spavanja ako mogu ovdje koji se veže uz rem i još jedna važna stvar uz rem."
0:33:15,0:33:20,Rem je najčešće povezan sa snovima odnosno snovi su najčešće povezani sa rem stadijem spavanja.
0:33:20,0:33:42,"Otprilike oko sedamdeset osamdeset posto snova se događa za vrijeme rema ne samo snovi se ne događaju samo za vrijeme rema ali većina se događa za vrijeme rema snovi za vrijeme rema faze su najčešće vrlo vidni bizarni kristalno jasni drugim riječima vidjet ćeš svog prijatelja koji si jučer, sanjaš svog prijatelja koji si vidio jučer, vrlo lijepo, sve ćeš lijepo vidjeti."
0:33:43,0:33:52,"U drugim stadijima spavanja da se događa taj isti san, sve je vrlo mutno, ne vidiš fino obrise nego je sve vrlo nekako mutno i nije baš kristalno."
0:33:53,0:34:10,"I u tom rem stadiju spavanja, osim tih vividnih i bizarnih snova, koji mogu biti i agresivni, nasilni i svakakvi drugi snovi, važno je da se čovjek ne pokreće svoje udove iz razloga što ako glumi ili da se bori s nekim, ne bi bilo dobro da se bori u krevetu s partnerom ili sam sa sobom jer to može biti ozbiljne ozljede."
0:34:10,0:34:36,"A što se tiče upravo toga, postoji jedan poremećajaj koji je jako važno za raspoznati, a zove se poremećaj ponašanja za vrijeme rema, koji je, mislim, identificiran prije 40-ta godina, ja sam pripadao jednoj konferenciji gdje je bio gospodin koji je prvi put identificirao, taj RBD, RBD, Rem Behavior Disorder, odnosno poremećaj ponašanja za vrijeme rema, gdje ljudi, nažalost, fizički glume svoje snove."
0:34:36,0:34:44,"Dakle, ako glume da se tuku s nekim, bježe od nekoga i slično, oni fizički to glume u krevetu, a to mogu biti izrazito nasilne snove."
0:34:44,0:34:45,"Dakle, to nije malo pokretanje ruku."
0:34:46,0:34:58,"Može biti, ali najčešće nije klasični to simptom nego su to vrlo nasilni, često negativni snovi jer ljudi pokreću udove, bacaju se iz kreveta u krevetu, s partnerom se mogu tući i sl."
0:34:58,0:35:00,i to je jako opasno i za sebe i za partnera.
0:35:00,0:35:31,"I najveći problem toga osim ozljeda koje mogu biti vrlo ozbiljne, dakle čovjek može se baciti iz kreveta, ne ispasti nego se baciti iz kreveta i to može biti vrlo opasno je nažalost što pedeset do sedamdeset posto osoba koji imaju ovaj poremećaj spavanja možemo objasniti i zašto kroz deset do petnaest godina razviju jedan od tri neurodegenerativna poremećaja parkinsonovu bolest ili lui bolest ili Louis Body demenciju sa Louijevim tijelešcima, što je isto jedna neurodegenerativna bolest, ili treća koja se zove multipla sistemska atrofija."
0:35:31,0:35:43,"Drugim riječima, ti kroz snove, kroz ovaj rem stadi, kroz poremećaj ponašanja za vrijeme rema, ti je najveći prediktor neurodegenerativne bolesti uopće, što je fascinantno."
0:35:44,0:35:53,"A to vrlo rijetko se uopće prepozna u klinici, a pretpostavlja se da jedan do dva posto odraslih ljudi ima neku formu ovoga poremećaja ponašanja za vrijeme rema."
0:35:53,0:36:06,"Tako da ti u biti kroz spavanje, zbog određenih procesa koje možemo pričati, možeš se nažalost relativno velikom vjerojatnošću vidjeti tko bi mogao imati jedan od neurodegenerativnih poremećaja."
0:36:06,0:36:10,"I ono što je pitanje bi bilo, ok, kad to prepoznaš, što možeš napraviti?"
0:36:11,0:36:26,"Nažalost, ne možemo promijeniti kurs bolesti, nažalost, ono što možeš napraviti je da ljudi ne ozlijede sami sebe, to se može relativno uspješno riješiti, ali ne možemo promijeniti kurs bolesti da ta osoba razvije ili ne razvije Parkinsonovu bolest."
0:36:26,0:36:44,I sad upravo postoje razne studije koje se tiču imunološkog sustava itede da vidimo da li kod tih ljudi možemo promijeniti kurs na način da se razvije Parkinson ili druga ili negativna boreljeća negativnim poremećajem kasnije ili da se uspori progresija kad se razvije ili daj Bože da se nikako niti ne razvije.
0:36:44,0:36:45,Ali to je jako važno prepoznati.
0:36:46,0:36:48,Da mi reci da li si upisao sve faze spavanja do kraja?
0:36:50,0:36:50,Mislim da jesam.
0:36:50,0:36:52,"Jedan, dva, tri, četiri ili tako."
0:36:52,0:36:53,"Jedan, dva, tri i rem sad."
0:36:54,0:36:55,"Jedan, dva, tri."
0:36:56,0:37:04,"Da, ovaj, zašto se događa to u rem fazi jer znamo to uopće zašto se događa to brzo pokretanje očiju?"
0:37:05,0:37:06,"To je lateralno, jel?"
0:37:06,0:37:10,"Mogu se pokretati lateralno, gore, dole u svim smjerovima se mogu pokretati."
0:37:12,0:37:24,"Mišići, oči, zajedno sa mišićima diafragme, očito srce i dišni mišići između rebara su oni koji nisu inhibirani za vrijeme spavanja."
0:37:25,0:37:29,I zbog te zašto dišni nisu inhibirani i zašto trebamo disati.
0:37:30,0:37:31,"Zašto oči nisu, to isto ne znam."
0:37:32,0:37:37,"Evo to ne znam zašto nisu oni inhibirani, ali nisu i zbog toga se pokreću oči."
0:37:37,0:37:40,"Koja je svrha pokretanja očiju za vrijeme vremena, ne znam."
0:37:41,0:37:48,"Da, čini mi se da puno toga znamo što se događa ili koje su posljedice nečega, ali zašto se to događa."
0:37:50,0:37:53,Znanost još uvijek nema odgovore na te pitanja i lijepo mi je kad kažemo da ne znamo.
0:37:54,0:37:59,Treba biti iskreni i reći da ne znamo i to je prilika da pokušamo jer to bolje naučiti.
0:37:59,0:38:05,"I ono što isto treba reći je možda naprimjer za ove pokrete oči ne znamo zašto se događaju, možda imaju neku svrhu."
0:38:05,0:38:11,"Ne znam u ovome trenutku, a moram priznati nisam siguran da znam puno grupa u svijetu koji se baš bave uopće time."
0:38:11,0:38:16,"Jer rekao bih da je generalni konsenzus, ok pokreću oči za vrijeme Rema, što sad?"
0:38:16,0:38:17,Ali možda ima nešto od toga.
0:38:18,0:38:22,"Da, ti si zapravo neuroznanstvenik, evo tako kažem."
0:38:23,0:38:25,I kad zapravo razmišljamo o MOS mozgu.
0:38:27,0:38:29,Oči su jako bitan dio tog mozga.
0:38:30,0:38:30,Apsolutno.
0:38:31,0:38:32,To je praktički div mozga.
0:38:33,0:38:37,"Očni živac je sve što ide iz oka, koji ide direktno u mozak."
0:38:37,0:38:41,To je praktički jedan nastavak mozga ako će na taj način gledati.
0:38:41,0:38:50,"I ti zaista kroz oči, mislim, kao što medicinski sjedi danas kroz oči, možeš vidjeti brojne poremećaje koje se događaju i u mozgu i drugdje."
0:38:50,0:38:51,"Što je jako, jako zanimljivo."
0:38:51,0:38:54,"Možeš, na primjer, vidjeti što će optalmolozi puno bolje znati od mene."
0:38:55,0:38:57,"Ti možeš vidjeti posljedice, nažalost, dijabetesa."
0:38:57,0:38:59,Isto tako na mrežnici oka.
0:38:59,0:39:01,Tako da pogledaš u fundus oka i možeš vidjeti.
0:39:01,0:39:10,"određene promjene koje indicira, ok, diabetes je progredirao do te i te mjere itede Također i neke druge poremećaje možeš vidjeti."
0:39:10,0:39:24,"Naprimjer, neurodegativne određene poremećaje možeš vidjeti, ali ne ovako da gledaš čovjeka, nego sa jednom detaljnom analizom možeš vidjeti, ok, doista na pozadini oka postoje promjene koje bi mogle indicirati da se nešto događa neurodegativno."
0:39:27,0:39:36,"Jedna stvar koju su tvoji kolege koji se bave spavanjem zapravo nazvali makronutrijentima spavanja, engleska skraćenica QQRT."
0:39:36,0:39:42,"RT, znači kvantity, quality, regularity i timing."
0:39:42,0:39:46,"Znači količina, kvaliteta, regularnost i timing."
0:39:47,0:39:47,Lijepo su to.
0:39:48,0:39:49,Što bi to točno trebalo biti?
0:39:49,0:39:53,"To su jako divno nazvali makronutrijenti, ali to se baš lijepo opisao što smo i prije pričali."
0:39:54,0:40:02,"Dakle, za spavanje, možemo pričati o nutrijentima, isto i generalno za spavanje, što i sad proučavamo isto u laboratoriju, ima par ovako zanimljivih nekih otkrića."
0:40:03,0:40:12,"Zaista je važno, ključna hrana za kvalitetan san, što su i oni ovdje rekli, ta regularnost spavanja koja je izrazito važna, taj timing spavanja."
0:40:12,0:40:17,"Dakle, jako je važno ići spavati i buditi se u isto vrijeme, bez obzira je li vikend ili nije."
0:40:17,0:40:34,"Nažalost, u realnom svijetu to nije uvijek lako, osobito kod ljudi koji imaju dinamičan životni stil, koji putuju često, to nije moguće, ali rekao bih da je nakon dužine spavanja, najvažniji aspekt spavanja, buđenje i odlazak u spavanje u isto vrijeme, nevezano koje je doba dana."
0:40:35,0:40:47,"I ovo što si još rekao, rekli smo ova regularnost spavanja, tajming spavanja i ta dužina spavanja, kvantity, ta dužina spavanja je od 7 do 9 sati za odrasle ljude, za starije ljude."
0:40:47,0:40:50,Rekao bih da nije normalno da starija osoba spava četiri sata?
0:40:50,0:40:54,Često je pitanje je li normalno da stariji ljudi spavaju loše ili spavaju malo?
0:40:55,0:41:01,"Odgovor je sljedeći, nije normalno da starija osoba i sa sedamdeset godina spava tri sata ili četiri sata."
0:41:01,0:41:19,"Dakle, ta osoba isto tako treba spavati i na šest sati, međutim ono što se događa najčešće je da ti ljudi imaju poremećaje spavanja zbog razno raznih i drugih medicinskih poteškoća, jednostavno starenja i slično tome i ne mogu spavati u kontinuitetu šest ili sedam sati, ali nije normalno da spavaju pet sati."
0:41:20,0:41:27,"Da, čak dok sam istraživao ove izvore, nisam proučavao samo tvoj rad, nego sam bio proučavao radi drugih ljudi isto."
0:41:28,0:41:31,Neki od njih su rekli čak da je ta regularnost bitnija od količine.
0:41:31,0:41:33,"Naravno, ako nije količina drastično smanjena."
0:41:34,0:41:43,"To sam ja vidio te radove, dakle ne mogu ti reći nužno moje mišljenje je li ili nije, ali bih rekao da je barem jednako bitna."
0:41:43,0:41:48,"I kad bi ljudi mogli poštivati tu regularnost spavanja sa količinom spavanja, pa to bi bilo genijalno."
0:41:48,0:41:50,"A nažalost, vaš životno stila to zaista nije."
0:41:51,0:41:52,Osobito preko vikenda.
0:41:53,0:41:59,"Dakle, brojni ljudi, kada ih pitaš koliko spavaš preko radnog tjedna, spavaš toliko, kada spavaš po vikendu?"
0:41:59,0:42:00,"A, pa onda produžim tri sata."
0:42:01,0:42:03,"pa idem spavati, ne znam, u 2 ujutro i tako."
0:42:04,0:42:06,"Mislim da se danas puno to napravi preko vikenda, da."
0:42:06,0:42:09,"To se čak, evo sam si zapisao, zove se socijalni jetle."
0:42:09,0:42:18,"To je i apsolutno si dobar jer kad zaspiš preko vikenda u 3 ujutro, naravno ako se probudiš u 7 spavao si ne znam, 4 sata i osjećaš loše pa ćeš produžiti do 10."
0:42:18,0:42:25,"I onda kad produžiš do 10, idući dan ti se neće početi spavati u 10 nego opet u 2 ujutro i to je jedan socijalni jetle koji trebaš nadoknaditi."
0:42:25,0:42:32,"A nažalost u ponedjeljak se trebaš vjerojatno dignuti u 6.30, a nećeš uspjeti ako se počne tek spavati u 2 ujutro."
0:42:33,0:42:36,Nešto što bi ljudima sigurno bilo zanimljivo su kronotipovi.
0:42:37,0:42:46,"Ja sam si ovdje zapisao da ne znam da li je to sveopće nekakav stav da postoje četiri kronotipa: lav, medved, vuki i delfin."
0:42:48,0:42:50,Istina je li to malo ovako više zabava neka?
0:42:51,0:43:01,"Što se tiče tih naziva životinja, ja ću reći ovako, generalni konsenzus da postoje tri kronotipa: jutarnji, večernji i onaj intermedijarni, dakle onaj srednji, reći ću tako."
0:43:03,0:43:08,"Kako su drugi ljudi definirali, ne znam jer zaista vjerojatno postoje razne definicije, ali ovo je nekako generalni konsenzus."
0:43:09,0:43:13,"I to je nešto što je biološki tako, dakle generalno."
0:43:13,0:43:16,"Generalno, ali ima par zvijezica koje ovdje treba reći."
0:43:16,0:43:22,"Generalno nije da ja odredim, ja ću sad biti večernji tip i odjednom se na večernji pa onda sam idući tjedan jutarnji."
0:43:22,0:43:30,"Generalno ljudi imaju tendenciju, u odrasloj dobi možemo pričati o djeci i kako to varira od djece zapravo ka odrasloj dobi i ka starijoj dobi."
0:43:30,0:43:38,Generalno su ljudi ili jutarnji ili večernji ili najčešće oko 60-50-60% ljudi su ovi srednji tipovi.
0:43:39,0:43:46,"Srednji tipovi znači spava mi se, ovo govorim vrlo plastično, u 11.00 ponoć, digne se u 6.00, 7.00 ujutro i to je to."
0:43:46,0:43:55,"Ljudi koji su jutarnji tipovi idu spavati puno ranije, već u devet ili deset i dižem se u pet ujutro i to je onaj tko rano rani dvije sreće grabe."
0:43:56,0:44:11,"A večeri tipe ove kojima je možda stvarno realno i najteže od svih i oni koji idu spavati u dva ujutro jednostavno ne mogu zaspati prije i dižu se u deset, a htjeli bi se dignuti u deset, a to treba dignuti u šest ujutro ili u sedam jer su kronične ispane."
0:44:11,0:44:14,Tako da nažalost tim ljudima nije baš najlakše.
0:44:15,0:44:26,"Naravno da postoje načini, ali to zaista treba se posvetiti tome da pomakneš svoje vrijeme usnivanja i buđenja na ranije ili kasnije."
0:44:26,0:44:38,"To nije sad ću ja uzeti malo neku tabletu i to je to, nego to su nekoliko tjedana zaista ozbiljnog i ne baš lijepog posla da pomakneš taj vrijeme buđenja i ispavanja."
0:44:38,0:44:42,To se osobito može raditi kod ljudi koji imaju poremećaj cirkadijalnog ritma.
0:44:42,0:44:51,"Dakle, cirkadijalni ritam je naš unutarnji ritam koji traje malo duže od 24 sata i on nam govori sada je dan, bit ćeš budan, sada je noć, spavaćeš."
0:44:52,0:44:55,"Međutim, on također govori je kada ćeš biti pospan."
0:44:55,0:45:00,"Nekim ljudima, nažalost, on govori da ćeš biti pospan tek u četiri ujutro."
0:45:01,0:45:28,"Nekim ljudima već u šest popodne i to je očito problem i to mogu biti poremećaj cirkadijalnog ritma, ali također se to javlja i kod slijepih osoba i tako da to možemo priču, to je jedno vrlo zanimljivo područje poremećaja cirkadijalnog ritma i ti možeš sa melatoninom, ekspozicijom, kavi, bijelome svjetlu u biti shiftati taj ritam ranije ili kasnije, ali to nije jedan dan već to je realno ovisno koliko je taj drift dalek, to može trajati i tjednima i tjednima, mjesecima bih rekao."
0:45:29,0:45:35,"Što se tiče tih kronotipova, ako sam te dobro razumio radi se o genetskoj opredjeljenosti."
0:45:36,0:45:42,A genetika nije Nije u našoj slobodnoj volji da odaberemo što ćemo raditi.
0:45:43,0:45:48,Ali zanimljivo je kako čovjek u biti mijenja taj kronotip tijekom života.
0:45:48,0:45:54,"Većinom kad su ljudi, kod kojih smo bili djeca, mislim da je vrlo rijetko kod djece sa šest godina spati u jedan ujutro."
0:45:54,0:46:05,"Dakle, većinom ljudi, djeca idu spati ranije i onda kako starimo u tinejdžerskoj dobi događa se prirodni shift tog ritma na kasnije pa idu spati u ponoć jedan ili dva."
0:46:05,0:46:13,"Nažalost onda je škola u sedam i onda se događaju ti problemi, a trebala bi ta djeca spati barem osam devet sati, vjerojatno i deset sati, to možemo ispričati."
0:46:13,0:46:16,Kad smo odrasli ljudi to generalno se stabilizira.
0:46:17,0:46:21,"Generalno odrasli ljudi ne idu spavati u devet, neki naravno idu, ali generalno ne."
0:46:21,0:46:30,A kako starimo opet se vraćamo na ono dječje razdoblje da ranije idemo spavati i ranije se budimo i to je taj jedan krug cirkadijalnog ritma života.
0:46:30,0:46:32,Pripremamo se za vječno spavanje.
0:46:35,0:46:40,Čuo sam tu jedan pojam koji je dosta onako malo šokantan možda za nekoga.
0:46:41,0:47:00,"To se zove kao slip divorce ili kao razvod spavanja što znači da partneri recimo koji imaju različite kronotipove, jedan jutarnji tip, drugi noćni tip, pa nikako ne mogu, žena bi išla u 9 spavati, a muž bi išao u 12 pa nikako da se dogovore."
0:47:00,0:47:02,Oni spavaju u različitim krevetima.
0:47:02,0:47:09,"I to je i ne samo zbog toga, naravno je to valjda što si rekao, ali osobito zbog poremećaja spavanja, se isto može dogoditi i slip divorce."
0:47:09,0:47:26,"To je recimo često kod apneje za vrijeme spavanja, kada ljudi prestanu disati brojne pute za vrijeme spavanja, što dugoročno može imati razne posljedice negativne za zdravlje, primarno jer kad čovjek ne diše, ne udiše kisik, smanjuje se razina kisika u krvi i to dugoročno može imati posljedice loše za zdravlje."
0:47:26,0:47:29,Ali nažalost jedan od češćih simptoma apneje je i hrkanje.
0:47:30,0:47:44,"Nije baš najugodniji zvuk po noći i onda jel češće muškarci imaju apneju, ona najčešće supruga ili djevojka ne bi više spavala s tim čovjekom u krevetu i onda se nekako dogodi malo divorce pa ide u drugu sobu spavati."
0:47:45,0:48:18,"Ili što je doista često kod ljudi koji imaju ovaj poremećaj ponašanja za vrijeme rema gdje partner opet češće muškarci fizički glume svoje snove koje imaju vrlo agresivno, vrlo nasilno i imali smo ljude koji se doista ovo u bolnici pričam u Massachusetts General Hospitalu, bolnici jednoj Harvardovoj, ljude koji, supruge najčešće, koji se boje spavati sa supružnicima iz razloga su se supružnici nesvjesno bore s nekim u spavanju i to su ozbiljne ozljede i onda se opet dogodi jedan divorce ili neki drugi još poremećaj."
0:48:19,0:48:34,"Naprimjer ću ti reći ovdje što se tiče poremećaja koji se zovu parasomnije, dakle to su poremećaji razno razni, doista fascinantni možda, a ne tako često da se priča o njima, poremećaj ponašanja ili ponašanja za vrijeme spavanja."
0:48:34,0:48:53,"Dakle to su ljudi koji potpuno nesvjesno u određenom stadiju spavanja itede hodaju, trče, drže predavanje, boksaju se, voze automobil, jedu, pripremaju hranu, to najčešće nije baš mišljenje kvaliteta hrane itede."
0:48:54,0:48:58,To je fascinantno što čovjek potpuno nesvjesno za vrijeme spavanja može raditi.
0:48:58,0:48:58,Fascinantno.
0:48:58,0:49:00,Osobito vožnja za vrijeme spavanja.
0:49:00,0:49:03,Ima nekoliko slučajeva koji su bili u Americi na sudu.
0:49:05,0:49:07,"Možeš vjerovati, ali pazi, sami si koliko je to kompleksno."
0:49:07,0:49:13,"Dakle, ti ljudi se dignu iz kreveta, spavaju, dignu se iz kreveta, otvoreni oči, hodaju."
0:49:14,0:49:20,"do lokacije gdje prvo treba otvoriti vrata kućna, koja su najčešće zaključana, nađu ključ, otvore vrata."
0:49:20,0:49:21,Kako to rade sa zatvorenim očima?
0:49:22,0:49:22,Sa otvorenim očima.
0:49:24,0:49:25,Još je bilo fascinantno da se zatvore oči.
0:49:26,0:49:38,"Ali pazi, otvore ta vrata, dođe od automobila, upade u automobil, voze, to najčešće nisu vožnje 500 km, to je vožnja vrlo kratka, ali voze, parkiraju negdje sa strane i jedino se probude."
0:49:38,0:49:48,"Treba reći, to je zaista rijetko, ali to je sleep driving, znači vožnja za vrijeme spavanja, koja može biti potaknuta određenim lijekovima ili koje možemo pričati, ali to je jednostavno fascinantno."
0:49:48,0:49:49,Možda najčešće je.
0:49:49,0:49:52,"Često je taj sleepwalking, odnosno hodanje, mi se čaranje."
0:49:52,0:49:52,"Mi se čaranje, ja mislim."
0:49:52,0:50:00,"Dakle, ljudi ne samo da hodaju, već hodaju, trče i apsolutno svakakve aktivnosti drže predavanja."
0:50:01,0:50:07,"Mi smo imali ljude koji, čovjek bi se ustao, sat vremena sjeo na jeveč i držao predavanje."
0:50:07,0:50:10,"Koje navodno bilo perfektno, kaže suprug, za vrijeme spavanja."
0:50:10,0:50:12,I onda bi se vratio u krvicu i to.
0:50:13,0:50:14,Mnogo će ja i podcast napraviti.
0:50:15,0:50:17,O parasolima trebaš napraviti podcast.
0:50:17,0:50:19,"Ne, možda ja i podcast napravim."
0:50:23,0:50:29,"Da im recimo, molim te, da li bi postoje neki testovi što se tiče otkrivanja koji smo kronotip?"
0:50:30,0:50:31,Da li bi to mogli nekako saznati?
0:50:34,0:50:38,"Odgovor je da, ali to nije lagano, nije lagano izvedivo."
0:50:38,0:50:40,"Dakle, odgovor je da, reći ću ti u idealnom svijetu."
0:50:40,0:50:51,"Dakle, postoji nešto, naš kronotip, jedan od najočitijih znakova koji smo kronotip je vrijeme kada se počne lučiti melatoninu krv."
0:50:52,0:51:18,"Dakle, melatonin je jedan hormon i neurotransmiter koji je izrazito važan za i kontinuitet spavanja i pospanost, ali primarno važan da Da mozak, jer se on odluči primarno iz mozga, iz jedne regije koja se zove epifiza u mozgu, dakle, luči se iz te epifize direktno u krv i onda on odlazi do stanica i govori stanicama, sada je noć, sada trebate raditi one procese koji su zaduženi za vrijeme noći."
0:51:18,0:51:31,"Dakle, on primarno sinkronizira ove periferne male cirkadijane satove sa glavnim satom u mozgu, jer mozak na temelju svjetla od vani zaključuje, jedan od načina, zaključuje je li dan ili noć."
0:51:31,0:51:33,"I zato, naravno, korištenje mobitela, svjetla itd."
0:51:34,0:51:37,za vrijeme noći ili prije spavanja može poremetiti spavanje.
0:51:38,0:51:44,"I ti možeš mjeriti taj melatonin iz pljuvačke, iz krvi."
0:51:44,0:51:48,"Recimo to su dva najčešće sljuvačke i iz krvi, ali iz pljuvačke je najlakše."
0:51:48,0:51:49,Što možeš raditi?
0:51:49,0:52:12,"Ako želiš otkriti točno koji si krontip, a jednostavno te ne zadovoljavaju da ispuniš jednu anketu koja te pita ili nekakva pitanja kao iz toga zaključuješ, možeš doista biološki mjeriti na način da generalno, ali opet treba pitati čovjeka kad normalno ide spati budis, ali generalno, između šest popodne i ponoć ili jedan ujutro, svakih sat vremena može i dva ili daljno sat."
0:52:13,0:52:22,"sat, jednu plivačku u jednu malu tubu da svaki sat vremena imaš rezultat kolika je količina melatonina u toj plivački."
0:52:22,0:52:39,"Onoga trenutka jer melatonin tijekom dana je generalno vrlo nizak, nije nula ali je vrlo, vrlo nizak i jednog trenutka ćeš vidjeti da on počinje rasti iz te plivačke i tada ćeš reći, ok, ovo je moment kad se moj melatonin luči, dakle ovo je početak kad mi se govori da trebam ići spavati."
0:52:39,0:52:51,"I ako se melatonin počne lučiti u šest popodne što nije baš najidalnije, to može biti i poremećaj spavanja itede ali to znači sigurno da je tvoj cirkadijani ritam uranjen."
0:52:52,0:53:05,"I onda možeš reći da je, doista cirkadijani ritam uranjen, ako se počne lučiti tek u ponoć, što isto tako nije normalno, jer generalno se luči dva do tri sata prije usnivanja, generalno početka kad vidiš taj porast melatonija."
0:53:05,0:53:06,Tako da to je najdalji test.
0:53:07,0:53:08,Što je problem tog testa?
0:53:08,0:53:09,Jako je osjetljiv na svjetlo.
0:53:10,0:53:20,"Ne nužno tuba, nego oči su jako osjetljive na svjetlo i treba biti u jako niskom svjetlu, kontinuirano šest sati, što nije baš lagano."
0:53:20,0:53:32,"Dakle, ne mobita svako malo koristiti jer će poremetiti melatonin koji je jako osjetljiv na svjetlo, odnosno kada oči vide svjetlo, određeni signal će doći do mozga i kazati ne treba lučiti melatonij jer vani je svjetlo."
0:53:32,0:53:39,"Dakle, sniziti svjetlo i to šest sati u kojem ćete tu stajati, svako sat vremena pivačka, i onda ćete doista znati kada ti se melatonij počne lučiti."
0:53:39,0:53:40,To je idealan test.
0:53:40,0:53:43,Ali to je u realnom svijetu doista teško raditi.
0:53:45,0:53:49,Sad smo napokon došli do onog dijela kako možemo imati dobar san.
0:53:51,0:53:59,"Čuli smo koja je cijena nespavanja, što je san i uvijek nekako najbitnije pojmove, definicije oko sna."
0:54:01,0:54:09,"Kako bi izgledalo, meni se čini onako da zapravo da bi imali kvalitetan san doslovce cijeli životni stil nam treba biti uredan na nekakav način."
0:54:10,0:54:12,A čini mi se da većini ljudi to jako dosadno.
0:54:14,0:54:19,"Znaš ono, kao što sad moram biti savršen da bi imao savršen san, a ljudi nemoj biti savršeni."
0:54:20,0:54:22,"Neki se čak i trude, ali nije baš normalno."
0:54:23,0:54:27,Koja je recimo anatomija dobrog sna što se tiče cijelog tog životnog stila?
0:54:27,0:54:31,"Možemo čak i te rutine, pa onda malo obuhvatiti šire taj cijeli životni stil."
0:54:32,0:54:35,"Prvo ću reći, kvalitetan san navečer počinje ujutro."
0:54:36,0:54:39,"Dakle, kad se probudimo, tad počnemo raditi na kvalitetnom snu."
0:54:39,0:54:40,Vrlo su jednostavne stvari.
0:54:41,0:54:45,Ali opet nisu baš najkonfornije za sve.
0:54:45,0:54:48,"Za početak, vjerojatno ova će brojni ljudi reći ja to ne mogu."
0:54:49,0:54:50,A neki iduće će da mogu.
0:54:50,0:54:56,"Kad se probudiš ujutro, dakle ne treba stajati u krevetu još sat vremena, na mobitelu, u mraku itd."
0:54:57,0:55:01,"nego kad se probudiš, treba se dignuti iz kreveta i izloži se svjetlu."
0:55:01,0:55:02,To je prvo.
0:55:02,0:55:13,"To nije baš najugodnije ujutro kad se probudiš odmah otvoriti roletne ili zavijesu i ono svjetlo joj joj, a jako je važno iz razloga što trebaš što ranije resetirati svoj cirkadijani ritam kojim."
0:55:13,0:55:16,"kojem jer mu ti govoriš sa svjetlom, van je dan, idemo se pokrenuti."
0:55:16,0:55:18,To bi bilo super napraviti svako jutro.
0:55:18,0:55:20,To bi bilo idealno ako možeš napraviti svako jutro.
0:55:20,0:55:33,"Ako je vani magla, vani je noć jer se budiš u pet jutra radi posla i slično, bilo koje svjetlo, kućno svjetlo je neko svjetlo da doista se izludiš i ne treba koristiti krevet nego za spavanje i intimne odnose."
0:55:33,0:55:36,"Ali ne treba jesti u krevetu, mobitel i slično drugo."
0:55:37,0:55:53,"Raditi u krevetu jer mi želimo i to je jedna od tehnika koja se radi kao prva linija za ljudima, za ljude koji imaju problema sa nestanicom u sklopu nečega što se zove kognitivno biheheveralna terapija za nesanicu koja zvuči kompleksno, ali vrlo je jednostavna."
0:55:53,0:56:02,Jedna od glavnih stvari je da mi trebamo prilagoditi mozak da on zna da je krevet i soba spavača za spavanje.
0:56:02,0:56:10,"A ne, ok, u 9.00 ću ići tu malo jesti, onda ću u 12.00 doći raditi na laptopu, pa ću u 3.00 imati sastanak i sve ostalo, nego soba je za spavanje."
0:56:11,0:56:11,To je prva stvar.
0:56:12,0:56:22,"Idealo bi bilo da ujutro imaš nekakvu tjelovježbu, jer to je isto jedan jako dobar znak cirkadijalnom ritmu, da se doista treba resetirati, vani je dan, idemo se pokrenuti."
0:56:23,0:56:27,"Znam da neki ne mogu zbog posla, nema teretana i sve ostalo, a to bi bilo idealno."
0:56:28,0:56:31,Tajmiranje obroka je isto tako važno.
0:56:31,0:56:35,"Dakle, ne treba jesti pet minuta prije spavanja u tri ujutro ili slično tome."
0:56:36,0:56:49,"Imaju poremećaj ispavanja koji se zove naprimjer nighttime eating sindrom, nes, dakle to je poremećaj jedenja za vrijeme spavanja, za vrijeme i prije spavanja gdje ljudi ne mogu ići spavati dokle nešto ne pojedu."
0:56:49,0:56:54,"I jednostavno imaju taj impuls, apetit, moram pojesti ili inače ne mogu zaspati."
0:56:54,0:56:56,Za to možemo i pričati.
0:56:56,0:56:57,"Dakle, tajmiranje je isto tako važno."
0:56:57,0:57:05,"Idealno doista da je to tajmiranje regularno, ne doručak, čas u osam, čas u dvanaest, čas u osam navečer, taj dio."
0:57:05,0:57:21,"Onda prolazimo kroz dan, kava, ako nekome treba ujutro super, nekome treba, nekome ne treba, ali kava nakon dva, tri popodne, rekao bih stvarno četiri popodne ne treba, na nekoga uopće ne utječe kava, to je fer i možemo pričati i zašto."
0:57:21,0:57:43,"Nekoga dramatično utječe, ali generalni konsenzus nakon tri, četiri popodne ne treba kavu iz razloga što prosječnom čovjeku opet varira i to možemo isto mjeriti, ali opet nije baš tako jednostavno, treba šest do osam sati da se pedeset posto 50% kofeina, ne 100, nego 50% kofeina koji smo unijeli izađe iz tijela primarno putem urina."
0:57:43,0:57:52,"Što znači ako su u 4 popodne popio kavu, 6 sati od toga, recimo 6 sati je 10 na večer, još uvijek 50% kofeina u tijelu, u prosječnoj osobi."
0:57:52,0:57:54,A kamo da je kopioš u 7 na večer kavu?
0:57:54,0:57:58,"Ljudi neki mi kažu ja popijem 3 minuta prije spanja, zašto me savršeno?"
0:57:58,0:57:59,U redu.
0:57:59,0:58:03,Neki ljudi ako popiju i u 12 popodne ne mogu spati na večer.
0:58:03,0:58:05,Tako da zaista to varira.
0:58:05,0:58:08,Ali generalno ne nakon 3-4 popodne.
0:58:08,0:58:43,"Kad se čovjek vrati s posla, 4-5, ovisno naravno imaš ljude koji rade i noćne smjene, razne smjene, ali recimo generalno ako radi do pet, vratiš se s posla, super, ne treba ići spavati u šest popodne jer se osjećam umorno, osobito ne od sat vremena dva iz razloga što drijemanje po danu, ako je kraće od trideset minuta, između dva i četiri popodne za ljude koji imaju normalnu higijenu spavanja je u redu, van toga nije u redu jer najčešće ćemo upasti u duboki san, ovaj N3, ovaj duboki san i to će poremetiti noćno spavanje."
0:58:43,0:58:51,"Drugim riječima, najvjerojatnije nećeš tako lako zaspati navečer, onda ćeš tek zaspati u dva ujutro, a u sedam A u 7 sati se traž prebubiti, neće spavati 5 sati."
0:58:51,0:58:54,"Znači od 2 do 4, ok, nekako u redu."
0:58:55,0:58:57,"Kratak, 30-40 minuta, ne treba duže."
0:58:58,0:59:05,Često ljudi kažu ja se ne mogu odmoriti nakon 30-40 minuta koji to nisu ni probali jer general su navisli spava 2 sata popodne.
0:59:05,0:59:10,"Dakle, probe navijeti sat 30 minuta ili 35 nakon što legneš u krevet."
0:59:10,0:59:11,Probe i to je dovoljno.
0:59:11,0:59:13,"I opet otići u krevet, ne biti na kauču."
0:59:14,0:59:19,"Ne treba biti na kauču, ne treba biti u svjetlu nego 30 minuta slobodno odi u krevet."
0:59:19,0:59:20,Krevet je za spavanje.
0:59:20,0:59:23,"Bilo to drijemanje ili spavanje, u konačnici spavanje."
0:59:23,0:59:26,"I kada se približava već noć, idealno bi bilo."
0:59:27,0:59:42,"Da, bilo kakve stresne situacije, čitanje raznih stresnih mailova, sad će me netko porukirati da je ujutro nešto se loše događalo, evo problema, to je sve normalno se događa, ali generalno kažem, barem satveno predspavanje, ne to čitati jer se čovjek treba relaksirati."
0:59:42,0:59:48,"Broj jedan uzrok nesanice je stres, obiteljski, financijski, poslovni, kojiakvi drugi stres."
0:59:48,0:59:49,Je stres.
0:59:49,0:59:52,"Dakle, ne treba to čitati, ne treba jesti satveno predspavanje."
0:59:52,1:00:00,"I evo baš mi sad treba večera, užasno sam sa gladom i već sam došao od vani, da je možeš i pojesti neku jabuku, samo nešto da te malo zasiti, a ne nekakav ogroman"
1:00:00,1:00:03,normalan obrok jer najvjerojatnije spavanje neće biti tako kvalitetno.
1:00:04,1:00:06,Šta si rekao kada zadnji obrok je radio?
1:00:06,1:00:11,"Ja bih rekao, pa zadnji veliki obrok više od tri sata prije spavanja, ne trideset minuta prije spavanja."
1:00:11,1:00:12,Što se tiče tekućine?
1:00:13,1:00:15,"Te kućine, to je fair pitanje."
1:00:16,1:00:19,"I reći ću još jedan detalj, uvijek ima nekakvih malih tih detalja."
1:00:20,1:00:29,"Što se tiče tekućine, slobodno možeš popiti čašu vode sat vremena prije spavanja, ali ne treba trideset minuta ili deset minuta prije spavanja, sad ću ja popiti litru vode."
1:00:29,1:00:33,"Dakle, naravno da ne trebaš se buditi ponoć, a to rekli smo je kontinuitet spavanja stvarno važan."
1:00:34,1:01:03,"Još jedan detalj, što sam rekao i sad idemo u spavanje, izgasiti sva svjetla, to je jako važno jer svjetlo je znak naše mozgu da je vani dan, u ponoć nije dan nego je noć, a ne trebamo govoriti mozgu da je vani dan, nema svjetla, bilo kakvu svjetla, osim u situacijama što treba napomenuti, kod starijih ljudi i kod ljudi koji imaju problema sa pokretanjem, ne treba forsirati gašenje svjetla jer ne treba se netko probuditi tri ujutro, pasti i onda imamo ogroman problem."
1:01:03,1:01:10,"Imali smo ljude koji imaju razno razne probleme koji su im pali po noći, nije problem što su pali, nego se ne mogu sami dignuti."
1:01:10,1:01:15,I onda su trebali zvati vatrogasce u Americi da dođu u tri ujutro da ih dignu.
1:01:16,1:01:17,"Dakle, kod tih ljudi ne treba to forsirati."
1:01:18,1:01:28,"Ali, generalno, kod ljudi koji nemaju poteškoća s pokretima, potpuno gašenje svjetla, zamračenje prostorije, topla kupa, neki kažu mi hladna kupa prije spanja, što god to opušta."
1:01:28,1:01:30,"Dakle, to je, što god to opušta."
1:01:30,1:01:42,"I dvije male tehnike koje su zaista jednostavne, a mogu pomoći u snivanju, osobito ako se osjećaš jednostavno napeto, puno misli u glavi, ne mogu zaspati, sutra da je puno, jedna jednostavna tehnika."
1:01:42,1:02:03,"Ako imaš sutra puno stvari odmah, planovi ti padaju na pamet, jel dominaciju svijeta u ponoći ti padaju na pamet, zapiši ih na papir, zvuči jednostavno, zaista pomaže, zapiši ih na papir, taj papir je pokret tebe, neće pobjeći ujutro, zapiši ih i jutro ćeš se baviti tim, a ne vrtiti ih u glavi i sad razmišljati o kako riješiti neke velike probleme u ponoć ili u tri ujutro."
1:02:03,1:02:15,"Osobito kada se ljudi probude često u tri ujutro, krenu misli razno razne negativne najčešće misli u tri ujutro, znači stani sa strane, ima vremena, ajde se prona spavati."
1:02:16,1:02:32,"Ako nam mozak ide što se tiče onih možda ni valova iz BT, nekog budnog stanja u Alfa, pa u Teta, pa u Delta, da li možemo na nekakav način prirodno predspavanje dovesti mozak možda do Alfe, kroz nekakav mindfulness?"
1:02:34,1:02:34,Odgovor je da.
1:02:34,1:02:36,"Znači, to je odlično pitanje."
1:02:36,1:02:45,"Ne bih rekao da možeš do Delta, ali do opuštene budnosti alfa valova, to su razno razne mindfulness, meditacije, bilo kakve takve stvari su u redu predspavanja."
1:02:45,1:02:46,"Tehnika disanja može, možda malo."
1:02:47,1:02:52,"Ima i tehnika disanja koja se zove, koju svi vjerojatno upoznajete, 4-7-8, što je vrlo jednostavno."
1:02:52,1:02:56,"To je sjednačna krevet, potpuno si opušten, što znači 4-7-8."
1:02:56,1:03:00,"To znači 4 sekunde udišeš, a nije poanta ovdje disanja, već opušten."
1:03:00,1:03:05,"Dakle, 4 sekunde lagano udaha, 7 sekunde zadržiš dah i 8 sekunde izdišeš."
1:03:06,1:03:08,I to ponoviš nekoliko puta i general te to opusti.
1:03:08,1:03:28,"I druga tehnika koja se zove progresivna mišićna relaksacija, nakon disanja legneš u krevet, prespavanje si i što se događa u progresivnoj mišićnoj relaksaciji se događa to da ti svaku grupu mišića od stopala do čela obostrano napneš i zadržiš koliko god moguće, deset, petnaest sekundi."
1:03:29,1:03:30,"Dakle, poanta se umoriti ovdje."
1:03:30,1:03:41,"Dakle, stopala napneš pa opustiš, pa onda potkoljenične mišiće napneš pa opustiš, pa nadkoljenične itede dok ne dođeš do čela i generalno nakon već čela čovjek se već umori i lakše zaspi."
1:03:42,1:03:52,"I to su neke vrlo jednostavne tehnike i generalno zaista, kad čovjek loše spava, ne treba odmah zamišljati, sad ću ja uzeti tabletu i moji problemi su riješeni."
1:03:52,1:03:59,"Dakle, tableta za vrijeme, tableta za nesanicu je rješenje ukoliko ništa prije ne pomogne, a ne prva linija terapije."
1:03:59,1:04:07,"To nije moje mišljenje nego je to preporuka Američke akademije za spavanje, dakle ljudi koji imaju enormno iskustva u tome i zaista to treba imati na umu."
1:04:07,1:04:11,"I nema brzog rješenja za spavanje, za lošu kvalitetu spanja."
1:04:11,1:04:19,"Svajanje je proces u koji se ulazi, a ne samo gumb on i off i problemi sa spavanjima se neće riješiti."
1:04:19,1:04:45,"Evo, jedan dan sam uzela tabletu i to je to nesanica i to je proces i treba se s tim pomiriti, a i puno je bolje, zdravije je zbog tisuću razloga pokušati riješiti uzroke te nesanice, a ne samo ne mogu zaspati u ponoć, budi se u tri jutro, jedan norma vel i sličan, to je deseta linija za spavanje, a to je možemo pričati zasebno, a to se nažalost najčešće uzima ovdje."
1:04:46,1:04:47,To su neke moje frustracije.
1:04:49,1:04:55,"Da, čini se zapravo da kvaliteta životnog stila enormno utječe na kvalitetu spavanja."
1:04:56,1:05:00,"I onda obrnuto, kvaliteta spavanja, analitična kvaliteta životnog stila?"
1:05:00,1:05:01,"Sigurno, sigurno da."
1:05:03,1:05:04,Da li si ikad čuo za NSDR?
1:05:05,1:05:06,Nisam.
1:05:06,1:05:07,Nisam čuo?
1:05:08,1:05:08,Da.
1:05:09,1:05:11,Ne znam kako bi ti ga objasnio.
1:05:11,1:05:12,Endrj Huberman ga je.
1:05:13,1:05:14,On je čini mi se tvoj kolega.
1:05:14,1:05:16,Ja znam ga preko maila.
1:05:16,1:05:17,Znaš ga preko maila?
1:05:18,1:05:20,Evo dogovorit ću mi intervju.
1:05:20,1:05:21,Možemo se dogovoriti.
1:05:21,1:05:21,Jednog dana.
1:05:22,1:05:24,Koju tehniku ja čujemo što kaže?
1:05:24,1:05:26,Mislim da on je to popularizirao.
1:05:26,1:05:30,"Ima jedan video njegov na YouTube-u, ono koji ima dvadeset milijuna pogleda zapravo."
1:05:31,1:05:37,zapravo se radi tehnika vrlo slična ovaj body scan tehnici u meditaciji.
1:05:38,1:05:42,"Ležiš, zatvoriš oči i skeniraš zapravo cijelo tijelo."
1:05:42,1:05:59,"Slično ovome što si ti rekao kad aktiviraš mišiće recimo stopala, listova, butina itede Nešto slično samo što je zapravo davanje fokusa na to zatvoreno ali to je zapravo tehnika za opuštanje ali ne za spavanje."
1:05:59,1:06:00,Znači nije poanta da zaspiš.
1:06:00,1:06:05,"Ali vjerojatno ju možeš koristiti pred samo spavanjem da bi smirio cijeli organizam, um itd."
1:06:06,1:06:11,"Sigurno postoji brojne tehnike, naravno, za koje nisam ovdje čuo što se tiče opuštanja."
1:06:11,1:06:12,"Non-sleep depress, to je zanimljivo."
1:06:13,1:06:15,"A non-sleep depress, zanimljivo."
1:06:16,1:06:22,"Evo detalje ne znam, ali ako je to nekakva benigna tehnika ovo što si opisao, dakle to je sve u redu prije spavanja."
1:06:22,1:06:27,"Ljudi se na raze načine mogu opustiti prije spavanja, a ključno se prije spavanja opustiti."
1:06:27,1:06:31,"Dakle, dok god se ne uzima bilo kakav kofein, bilo kakvi supplementi i sl."
1:06:31,1:06:34,"o kojima naravno isto možemo pričati prije spavanja, to je sve u redu."
1:06:39,1:06:48,"Što se tiče namirnica recimo u prehrani, da li vidite nekakvu vezu namirnica i recimo kvalitete sna?"
1:06:48,1:07:06,"Da, reći ću koje namirnice generalno su povezane sa kvalitetnim snom, ali ono što je važno reći je utjecaj generalno namirnica na usnivanje i održavanje spavanja i ako ga ima je malen, to treba reći."
1:07:06,1:07:13,"Dakle, ovo sve što ću reći sljedeće nije rješenje, neki može pomoći ljudima, ali to nije veliki utjecaj."
1:07:13,1:07:34,"Dakle, generalno se preporuča hrana, ako treba neka hrana se preporučati, koja ima povišene razine ili melatonina u sebi ili serotonina u sebi jer u konačnici to može dovesti do proizvodnje melatonina koji nam je važan za između ostalog usnivanje, ali rekli smo ne primarno nego za sinhronizaciju cirkadijena i satova."
1:07:34,1:07:39,"To su orašasti plodovi, kokoš, dakle puretina, piletina i sl."
1:07:40,1:07:50,"voće, određena voća, osobito višnje, dakle to je taj poznati primjer u medicini spavanja te višnje da se mogu, taj sok od višanja i tako."
1:07:50,1:07:59,"Dakle, ako ćemo biti iskreni, mislim neki ljudi to piju, ali nije baš da vidimo neku pretjerani utjecaj na to, ali, gled, postoji nešto što se zove placebo."
1:08:00,1:08:03,"I taj placebo je vrlo moćan, to može biti jako, jako moćno."
1:08:03,1:08:07,"Ali kažem, dakle to su ti orašasti plodovi i slično, riba isto tako."
1:08:08,1:08:14,"Van toga, generalno nema neke posebne hrane koja potiče usnivanje."
1:08:14,1:08:38,"Ono što treba ovdje isto reći je hrana koja ima veliku količinu ugljikohidrata, dakle, riže, krumpiri i slično tome, predspavanje, generalno mogu potaknuti doista brže usnivanje, tako da to isto treba ovdje reći, ali ne bih rekao da treba jesti ogromnu količinu krumpira pred spavanje, zato da bi bolje zaspao, jer ako ne može zaspati, možda postoji neki problem koji trebamo porazgovarati prije nego što idemo na veliku količinu krumpira ili riže."
1:08:41,1:08:56,"Meni se često to znalo desiti i sad ne znam da li je to neka pseudo znanosti ili gorije što god, ali često sam se znao probuditi kroz noć u specifično doba."
1:08:56,1:09:00,"Bude uvijek to otprilike oko 3 sati, 2 do 3 sata."
1:09:00,1:09:06,Je li to nešto što je kod vas zabilježeno često da se ljudi uglavnom bude tada?
1:09:09,1:09:14,Ako ljudi imaju regularni tajming spavanja.
1:09:14,1:09:15,"Dakle, to je uvijek važno za reći."
1:09:15,1:10:04,"Jer mi ovdje sve pričamo što smo danas pričali, generalno je za ljude koji idu spavati 11 ponoći, jedan bude se u šest sedam osam ujutro međutim imaš ljude koji idu spavati u pet ujutro, ima ljude koji spavaju dnevno dvadeset dva sata od dvadeset četiri sata jel ili dvadeset tri dakle to je doslovno cijeli dan spavaju dakle ne pričamo o tim ljudima sada ovdje ako ljudi imaju normalno ili očekivano buđenje i usnivanje ljudi se doista generalno koji imaju buđenje bude oko dva ili tri ujutro zašto oko dva ili tri ujutro ne u pet ujutro doista ne znam zašto se tad bude generalno je važnije možda pitanje zašto se bude pod a nema razloga pod b bol znojenje potreba za ići na vc, bilo kakve, odjednom mi neke misli noćne more, dakle to isto treba pitati kod osoba koji se bude i koliko brzo zaspiš nakon što se probudiš."
1:10:04,1:10:09,"Zaspiš u deset minuta, ako se to dogodi i to budženje se dogodi jednom svakosedam dana."
1:10:11,1:10:22,"Specifično što mi se to doslovce znalo dogoditi nekoliko dana zaredom, znači ono tri, četiri, pet dana zaredom i to svaki put u isto vrijeme se provodim."
1:10:24,1:10:50,"Nisam bio siguran, mislim da nema veze s tim da moram ići na WC ili tako nešto, nego ono doslovce probudim se, napravim grešku, pogledam u mobitel, znam koliko je sati, opet je pola tri i onda se misli i sad ležim, ležim, ležim, sad mi sad ću za vas, pa pogledam četiri, pa već je pola pet, pa već je pola šest pa onda neću više ni slati, idem dalje."
1:10:51,1:11:05,"General stvarno isto preporuke kod ljudi koji se često bude po noći, sad treba maknuti iz sobe jer samo pogled, ovo što sam rekao, nas to je stvarno često, pogled na sat dolazi najstres, isusu se, tri ujutro je, moram se probuditi, ima još samo tri sata spavanja i sve ostalo."
1:11:05,1:11:21,"Generalno to maknuti je ako čovjek ne može zaspati kroz deset i petnaest minuta izaći iz kreveta, prošetati se negdje do dnevnog boravka do balkona ili negdje gdje nema ogromne količine svjetla, ne zaboravi, ulično svjetlo je svjetlo, a brojni ljudi žive u gradovima itede samo da to imamo na umu."
1:11:22,1:11:27,"I ono što jedna preporuka je ovdje, radi nešto što je jako dosadno tebi."
1:11:28,1:11:35,Po mom iskustvu zbog razloga evo o kojima možemo i ne moramo pričati često ljudi Često ljudima je jako dosadno čitati knjige.
1:11:36,1:11:41,"Osobito jednu knjigu koju nećemo ovdje spominjati, jedna poznata, poznata knjiga, stara knjiga."
1:11:41,1:11:46,Ljudi kad čitaju tu knjigu zaspu jako brzo i onda se vrate u kreveti zaspu.
1:11:46,1:12:02,"Tako da je preporuka doista, ovo nije ni šala uopće što sam rekao, ali bez šale ako ju uopće ima, odi raditi nešto što ti je dosadno, ali ne aktivno, nego nešto, odeš na utrosjed, možda čitaš nešto bez veze i tako, vratiš se u kreveti nakon 10-15 minuta, nego stoji u krevetu forsirajući se zaspu."
1:12:02,1:12:06,"Čak i to svjetlo koje si upalio da bi pročitao knjigu, e sad."
1:12:07,1:12:11,"Idealno, naravno, idealno da nema svjetla ovakvoga, a što imamo ovdje u snu."
1:12:11,1:12:12,To je super za spavanje.
1:12:12,1:12:14,"Ovo je idealno, zar ne?"
1:12:14,1:12:17,Zato da vi ne možete čak ni u jet lagu ovdje zaspati.
1:12:18,1:12:23,Pa baš bijelo svjetlo ovako je idealno kad trebamo cirkadijni ritam tretirati poremećaj.
1:12:23,1:12:24,Tako da ovo je idealno.
1:12:25,1:12:32,"Znači koji je savjet kad se probudimo u noći, naradi nešto što ti je dosadno, nema gledati u mobitel?"
1:12:32,1:12:34,"Ne, nema gledati u sat, nema gledati u mobitel."
1:12:35,1:12:46,"Ako ne možeš zaspati odmah ili znaš da generalno ne možeš zaspati odmah, digni se iz kreveta, odi na trosit, odi na balkon, nešto dosadno radi i onda se vraća u krevet nakon petnaestdva a to je najčešće čitanje."
1:12:49,1:12:54,"Jedan gospodin koji je postao jako popularan u zadnje vrijeme, ovaj Britanac, zove se Brian Johnson."
1:12:55,1:12:56,Sigurno si čuo za njega.
1:12:57,1:13:09,"Vjerojatno jedan od najbitnijih ljudi u svijetu dugovječnosti, zdrave vječnosti trenutno, ovaj koji ulaže jako puno novaca i ono, jedan je onako kako se kaže ne znam hrvatski Ginea pig ono."
1:13:11,1:13:11,Pokusni kuna.
1:13:11,1:13:12,Pokusni kuna.
1:13:12,1:13:14,"Mislim, Munić, najbliže da."
1:13:15,1:13:25,On je rekao da kroz njegova istraživanja najbitnija stvar što se tiče kvalitete sna je prespavanje spustiti broj od koca srca.
1:13:26,1:13:28,Da je to najbitnija stvar za kvalitetu sna.
1:13:29,1:13:32,Ja bih rekla da to ima veze s ovim opuštanjem što sam rekla.
1:13:33,1:13:34,To je zaista krucijalno.
1:13:35,1:13:42,"Na koji način on to radi, možemo ga i pitati, odnosno trebaš ga dovesti ovdje, to ćemo nekako riješiti, ali to je jako, jako važno."
1:13:42,1:13:45,"Mislim, znam generalno što on radi i da je njemu spavanje."
1:13:45,1:13:46,"krucijalno, itd."
1:13:46,1:13:48,što je jako lijepo da on to i promovira.
1:13:50,1:13:55,"Ali to opušanje, prespavanje, smanjenje otkuca srca, prespavanje je jako, jako, jako važno."
1:13:55,1:14:02,"Ono što ću ti reći ovdje, brojni ovi savjeti za spavanje koje smo ovdje sada rekli, zvuče vrlo jednostavno."
1:14:02,1:14:13,"I možda onako ljudi nekad očekuju, sad će biti nekakva tableta, sad će biti neka velebna tehnika, ali to su generalno vrlo jednostavne tehnike za nesanicu koju dosta ljudi doista i djeluju."
1:14:13,1:14:17,I treba sve to pokušati prije nego što idemo na bilo kakve lijekove i sredstva.
1:14:17,1:14:29,"Jer ja bih rekao ovako., većina nestanica se može riješiti ako znamo uzrok, a uzrok je najčešće, ne uvijek, ali najčešće nekakva forma stresa, anksioznosti i sl."
1:14:29,1:14:37,"I onda ne treba tretirati nestanicu kao takvu, naravno ako je dramatična ćemo pomoći ljudima, ali nego tretirati uzrok te nestanice."
1:14:40,1:14:50,"Malo prije smo spominjali prehranu, a koji je zaista učinak tijelo vježbe i da li vidite korelaciju u tijelo vježbe i kvaliteti snage?"
1:14:50,1:14:52,"Odgovor je da, sa jednom zvijezicom."
1:14:52,1:15:02,"Dakle, tijelovježba generalno tijekom dana i to su ove velike studije koje rade tijelovježbana poveznica sa održavanjem spavanja, brzinom u snima itd."
1:15:02,1:15:09,"Generalno su naše pozitivne poveznice u smislu tijelovježba bilo kad za vrijeme dana, pomaže kvaliteti spavanja navečer."
1:15:09,1:15:11,"Nisam rekao da je to dramatično, ali pomaže."
1:15:12,1:15:15,"Ono što je često pitanje je kad mogu, odnosno ne mogu raditi tijelovježbu."
1:15:16,1:15:20,Što ako ja želim sat vremena prije spanja otići u teretanu jer mi u zgradi i to je to.
1:15:20,1:15:26,"Dakle, poslije studije koji kažu da to nije dobro, poslije su i kažu da je to u redu."
1:15:26,1:15:28,"Odgovor, ja bih rekao, generalni konsenzus je."
1:15:28,1:15:31,Baš unutar sat vremena možda i ne treba baš tako raditi.
1:15:31,1:15:38,"Tjelovježbu, zašto ljudi dođu na kući, otkuca iz srca i sve ostalo, stres, osjetito su aktivni, a trebali bi ići spavati."
1:15:38,1:15:48,"Međutim, već 2-3 sata prije spavanja i ipak bih rekao da je konsenzus da, osim ako nećemo sad trčati maraton 2-3 sata prije spavanja, da je generalno u redu odraditi telovježbu."
1:15:48,1:15:56,"Rekao bih da je telovježba još i važnija za generalno zdravlje nego za samo spavanje i prehrano, ovo što smo prije spominjali, nego za samo spavanje."
1:15:56,1:16:09,"Jer ako pogledaju jer ako pogledaš tri ključne stupa zdravlja, prehrana, tjelovježba i spavanje, svi su nekako povezani jedan s drugim, ali generalno su oni važni za brojne, brojne organe i mentalno zdravlje isto tako."
1:16:09,1:16:22,"Da, to je zapravo onaj četiri stup koji rijetko spominjemo, to je to nekakvo duboko opuštanje, recimo, jel svi smo danas, nismo svi, ali velika većina nas je ubrzana, stres je glavni krivac za sve."
1:16:23,1:16:23,Uvijek.
1:16:24,1:16:24,I onda je to tako.
1:16:26,1:16:31,"Što je kako svi, ljudska psihologija, ovaj volimo te pričati."
1:16:31,1:16:32,Što je sa suplementima?
1:16:33,1:16:34,"Da, to je."
1:16:35,1:16:38,"Osim melatonina, tu je i opomnija i tako dalje."
1:16:38,1:16:39,Ima ih toliko.
1:16:39,1:16:43,"I toliko je, mislim, dječano možemo pričati o tome."
1:16:43,1:16:50,"Ali najčešće kako dođemo do suplementa, ljudi pitaju, ja ne mogu spavati, sve sam pokušao, a zreda je nešto prirodno."
1:16:50,1:16:52,"I onda budu, a što je sa suplementima?"
1:16:53,1:16:55,"Dakle, imaš toliko suplementa."
1:16:55,1:17:03,"Ovi što si rekao, melatonina, za spavanje, asvagande, valerijane, gaba, glicin, LTA nan."
1:17:03,1:17:06,"I vjerojatno sam još neke propustio, i kombinacija ovoga se ne."
1:17:07,1:17:08,"Manezije sam propustio, i tako."
1:17:09,1:17:13,"Dle, ako ima učinka, učinak je mal."
1:17:14,1:17:15,"Ne moj mišljenje, nego to su studije koje."
1:17:15,1:17:21,"Kada kažem mal, kažem, primijetili smo da ljudi koji uzimaju valerijanu 10% brže usnivaju."
1:17:21,1:17:25,10% je sa 20 minuta na 18 minuta.
1:17:25,1:17:27,"Dakle, to nisu baš nekakvi pomaci."
1:17:28,1:17:29,Neke ljude djeluju to jako dobro.
1:17:30,1:17:32,"Ja to placebo ili nije, to isto ne znam."
1:17:32,1:17:55,"Ali, ja nemam ništa protiv da ljudi pokušaju, naravno, nećemo se foremo se forsirati sa deset tableta, deset suplementa radi spavanja nego vjerojatno postoji i sud je za druge aspekte zdravlja, ali generalno to nije prva ni druga ni treća linija po preporuci Američke akademije za spavanje da je to za spavanje, ali generalno liječnici neće imati problema osim ako nema nekih kontraindikacija."
1:17:55,1:18:07,"Dakle stvarno je važno isto tako pogled koji ostale lijekove osoba uzima, da li ima neke ostale medicinske poremećaje jer naprimjer, ovo sam vam dao jedan vrlo jasan primjer, melatonin koji se stvarno često uzima, a opet se treba targetirano uzimati."
1:18:07,1:18:44,"Jer i kad ljudi kažu niska doza, jedan miligram što zvuči pa nešti jedan miligram, to nije u fiziološkim uvjetima niska doza, to je dosta ozbiljna doza, ali generalno na policama je to niska doza i zato treba, ja znam ljude koji uzimaju četrdeset miligrama melatonina, to su abnormalne količine melatonina radi razno raznih antioksidansa fekata itede Koliko je to sve dugoročno zdravlje dobro, to je sve vrlo, vrlo upitno, ali vraćajući se na ove, nove suplemente za spavanje, melatonin može, ali opet, ozajestno treba porazgovarati sa liječnikom koji zna vašu situaciju bolje nego ja."
1:18:44,1:18:48,Melatonin može pojačati imun sustav.
1:18:48,1:18:48,Što to znači?
1:18:48,1:19:08,"To znači kod osoba koje imaju autoimune poremećaje, kod osoba koje imaju transplantate određenih organa ili neke druge poremećaje mi možemo, a ne želimo pojačati imun sustav kod osoba koje imaju transplantirani organ jer želimo da se taj organ doista primi, mi možemo sa melatoninom možda malo pogoršati to primanje organa."
1:19:09,1:19:14,I zato je važno razmotriti cjelokupnu situaciju čovjeka i zdravstveno stanje prije bilo koje od ovih suplementa.
1:19:15,1:19:30,"Ali generalno, recimo po nekakvoj, kako kažem, možda snazi, možda je to malo teška riječ, ali magnez je u više studija da nego ne pokazao se relativno blago efikasan za usnivanje i održavanje spavanja."
1:19:30,1:19:38,"Valerijane, ili korijene ove valerijane, to je na biljke, se pokazao u više studija da nego ne kao blago koristan za usnivanje."
1:19:39,1:19:40,Također i ova švaganda.
1:19:40,1:19:47,"Možda ovaj glicin, tjanin, gabas su malo, jesu, nisu, ali to su sve vrlo mali efekti."
1:19:48,1:19:52,"Možeš probat, ali ako ti ne djeluje dva tjedna ne trpiš da je to uzimati za spavanje."
1:19:53,1:20:01,"Da, možemo s druge strane pričati o supstancama koje zapravo kvaraju kvalitetu sna ili usnivanje općenito."
1:20:02,1:20:04,"Već smo spomenuli bili kavu, evo."
1:20:06,1:20:33,"I sad kad bi pogledali jedan neuredan životni stil jedne prosječne osobe, znači i kasno kava i možda nekoga kasno trenira, što je pozitivno, ajde da i trenira barem ako ništa drugo, onda naravno i vrlo popularni alkohol, ja ne znam da li je jedna supstanca društveno prihvaćenija od alkohola, čak i prihvaćenija od cigareta i bilo čega drugoga, pogotovo ono socijalnog, evo ja ovdje, kako alkohol utječe na san."
1:20:34,1:20:44,"A to je veliki zaista alkohol, ono što mi je drago vidjeti je da konzumacija alkohola tijekom proteklih godina pada u svijetu, ne samo radi spanja nego radi generalnog zdravlja."
1:20:44,1:20:53,Ja znam za studije i to mislim i drugi ljudi znaju za studije koje pokazuju da mala količina alkohola sto mililitara ne znam poboljšava ovo i ono rekao bih ovako.
1:20:53,1:21:07,"Generalno velike studije koje su meta analize, dakle radili su analize, stotine studija su pokazale i mislim da je to ipak konsenzus među liječnicima da i ti ikakva količina alkohola nije dobra za zdravlje, dakle ne samo za pamet nego za zdravlje."
1:21:08,1:21:12,"I to je moje snažno stalište, a o cigarama uopće da ne pričam i drugim nekakvim."
1:21:12,1:21:23,"Ja pazim, u Americi imaš, ovdje pričamo o generalizaciji cigara i alkohola, u Americi imaš razno razne supstance na ulici koje se prodaju itede bez recepta."
1:21:24,1:21:25,Apsolutno bez recepta.
1:21:25,1:21:28,"I ono što je problem je, ti ti uopće ne znaš što je u tim supstancama."
1:21:28,1:21:31,"Jer prodaje se kao X, ali unutra je pomiješana od 10 stvari."
1:21:32,1:21:34,"I onda osoba, nažalost, to uzme i događa se svašta."
1:21:34,1:21:44,"Dakle, to je zaista i kad dođeš u Americi, zaista te se često pita, ili kao pacijenta se generalno pita, je li konzumirate ikakve rekreacijske droge, kako onika, od marihuane itd."
1:21:45,1:21:48,Neki ljudi opet možemo pričati o marihuani i CBD-u za spavanje itd.
1:21:49,1:22:06,"Ali da skratim priču, konsenzus ljudi koji se bave spavanjem je da ipak nije preporuka, iako znamo da anegdotalno određenim ljudima pomaže marihuana za usnivanje ili ovi gumenji bomboni ili sa THC-om."
1:22:08,1:22:18,"Vraćajući se na ovaj dio što smo pričali o alkoholu, predspavanje, generalno alkohol pomaže u usnivanju."
1:22:19,1:22:25,"Međutim, problem je što otprilike alkohol da se metabolizira treba otprilike prosječne osobe oko sati po dva."
1:22:26,1:23:04,"Drugim riječima, kad popiješ alkohol u 11, zaspeš u 12, u jedan ujutro je to dva sata otprilike od jedanaest ćeš se probuditi jer to što se metabolizira alkohol treba izaći vani, a ono će izaći vani putem urina i ti ćeš se probuditi, treba ćeš ići na WC nažalost ne jednom i onda pošto ćeš imati san koji nije kontinuiran, sutra ćeš se osjećat loše, a ne samo to već i alkohol remeti i kad imaš spavanje, arhitekturu spavanja primarno utječe na duboko spavanje da ćeš ga imati manje, a duboko spavanje je ključno da se sutra ne osjećamo energija koncentrirano, odmorno i sve ostalo."
1:23:04,1:23:09,"I zbog toga svega, a kamoli zbog drugih aspekata na zdravlje, alkohol jedno ogromno ne."
1:23:09,1:23:10,I cigare isto tako.
1:23:10,1:23:18,"Dakle, pušenje prije spavanja, grozno za spavanje, dakle zbog tisuću aspekata, a dugoročno zdravlje uopće da ne pričam."
1:23:19,1:23:23,"Tako da takve stvari doista nikad, a osobito prespavanje ne treba raditi."
1:23:24,1:23:25,Što zapravo nikotin radi?
1:23:27,1:23:42,"Što se događa u organizmu kad recimo vidim da su postale popularne i one nikotinski žvake, žvake kao bonbon ili što je već, znam ljude koji to konzzumiraju da se osjećaju fokusiranije, da dobiju energije i slično."
1:23:42,1:24:04,"I kad to konzumiraš prije spavanja, kad se trebaš opustiti i doslovno utonuti u san, a uzimaš nikotin ili pušiš ili bilo što prije spavanja, naravno da će ti vrijeme usnivanja biti oduženo, da nećeš možda zaspati odmah, da će kvaliteta spavanja zbog toga što uzimaš supstancu koja potiče budnost a ne spavanje biti poremećeno i da će se sutra osjećat bez veze."
1:24:04,1:24:18,"A to ja bih rekao da je to još i najmanji aspekt tog nikotina od cigara što će se sutra osjećat bez veze jer pušenje naravno izaziva ovisnost i naravno da deset godina pušenja, tojest studije, milijardu studija pokazalo da djeluje loše na praktički svaki aspekt zdravlja."
1:24:18,1:24:21,"Ne govorim uopće na pluća šta je očito, ali na svaki aspekt zdravlja."
1:24:26,1:24:52,"Iskreno me zanima kada bi analizirali sad, ne znam da li postoje takve studije, da li postoje podaci koliko ljudi svakodnevno koristi kavu, koristi alkohol, koristi nikotin, najgore kroz pušenje, koliko ljudi je već i ovisno na nekakav način i u mobitelu i u društvenim mrežama takozvani popularnom skrolanju?"
1:24:54,1:25:03,"Koliko to nas radi, evo ja moram priznati isto, kriv sam uhvati me pred spavanje baš ono šta ćeš, pa ideš se opustiti pa malo ovaj skrolar, šta se događa?"
1:25:03,1:25:05,To je dub skrolara.
1:25:06,1:25:06,Katastrofa je.
1:25:07,1:25:55,"Ta jednostavna životni stil danas, ako pogledaš koliko se skupa ljudi to radi, pa rekao bih, ja ne znam točan broj, ali vjerojatno osamdeset i devedeset posto radi barem jedno posljednje jedno od sljedećih stvari, vjerojatno i sto posto mislim da je podatak, sam dobro pročitao oko trideset posto ljudi u hrvatskoj puše ja ne znam to točno nije to sam negdje pročitao a sigurno nije deset posto dakle to je to je mislim to zaista treba smanjiti ne smanjiti nego ukinuti jer to je užasno loše za zdravlje alkoholu drago mi je što se smanjuje konzumacija alkohola iako naravno ja ovdje ne zagovaram nula alkohola ikad u životu naravno da ćeš jednom kada je nekakva proslava čaša vina i slično naravno kada je neka svečana večera da ćeš uzeti nešto slično dakle nego količina alkohola na dnevnoj razini, da ti dvije čaše x alkohola piješ, nema to dugoročno zdravlje, nije dobro."
1:25:56,1:25:56,Dugoročno zdravlje.
1:25:56,1:26:03,"Imamo ljude, to je sa sjećanjem, mislim, ljudi koji su ozbiljni potrošači alkohola."
1:26:03,1:26:06,"Dakle, i to apsolutno nije lako smanjiti, to koliko će ih je lako."
1:26:06,1:26:08,A došli su primjerovi poremećaja spavanja.
1:26:08,1:26:16,"Naravno da alkohol, nažalost, pomaže tom lošem spavanju, ali to je još i najmanji problem što bih rekla da ti ljudi imaju što se tiče alkohola i zdravlja generala."
1:26:17,1:26:29,"Mislim da će ova tema zanimati puno ljudi, onako to je više u sferi malo misterije, mislim cijelo spavanje je zapravo misterija, ako ćemo iskreno, a to su ti snovi."
1:26:30,1:26:34,I koja je funkcija opće tih snova?
1:26:34,1:26:36,Što znanost zna o snovima?
1:26:36,1:26:44,"To je, prvo treba reći, nije lako proučavati snove jer ti u biti ne znaš kad čovjek sanja i kad ne sanja."
1:26:45,1:26:56,"Ono što postoje studije je da ti na temelju aktivnosti određenih regija mozga možeš pretpostaviti, ali ne znati da čovjek sanja."
1:26:56,1:26:58,"Što on sanja ili ona, to nitko ne zna."
1:26:59,1:27:04,"Ono što prve studije rade, a to je da doslovno probudiš čovjeka i pitaš jesi li sad sanjao, što si sanjao."
1:27:05,1:27:14,"Najčešće se ljudi sjeću s nova ako ih probudiš direktno iz snova, iz rem faze jer se najčešće snovi tu pripisuju toj rem fazi, odnosno najčešće se doista i događaju u rem fazi."
1:27:14,1:27:15,Koja je funkcija snova?
1:27:16,1:27:31,"Odgovor je ne znamo je li uopće postoji neka funkcija ili je to samo nekakav nusprodukt prenošenja kratkoročno u dugoročno pamćenje jer naravno neki ljudi sanjaju stvari koje nikad u životu nisu vidjeli, dakle nekakve totalno žividne i bizarne snove."
1:27:31,1:27:51,"Ali ipak bih rekao da većina snova na neki način smo negdje dijelove tih snova vidjeli ili nešto slično tome i onda je teorija da su u biti snovi jedan nusprodut prenošenja pamćenja iz kratkoročnog u dugoročno koji se doista događa primarno za vrijeme spavanja, osobito dubljeg spavanja."
1:27:51,1:27:58,A rem faza iako nije ono klasično duboko spavanje se smatra da je to ipak dublje spavanje.
1:27:58,1:28:05,"Ali ono što snovi, sadržaj snova, isto što se često pita."
1:28:05,1:28:10,"Dakle, postoje neke stvari gdje je ipak malo jasnije što sadržaj snova može indicirati."
1:28:10,1:28:17,"Dakle, kod ljudi koji imaju posttraumatski stres poremećaj, to je jasno da će snovi biti primjerno povezani sa traumom koju su imali."
1:28:17,1:28:25,"I zato je važno kada imaju ljudi noćne more, ne samo reći, ok, imaš noćne more, dobro, sad ćemo vidjeti kako je riješiti, nego koliko se često javljaju, koji je sadržaj tih noćnih mora."
1:28:25,1:28:41,"Ako je nekakvi bilo kakvi traumatični, jesam li to ikad doživjeli u stvarome životu ili je netko od vaših u obitelji ili prijatelja doživio to jer to mogu biti zaista simptomi nečeg podležećeg poremećaja mentalnog zdravlja."
1:28:41,1:28:46,"Ostali snobi, kad sanjamo prijatelja koje smo vidjeli jučer, doista ne znam što to znači."
1:28:46,1:29:19,"Naravno da ima ljudi koji teoretiziraju to znači ovo, to znači ono, ali sa znanstveno-medicinske strane snobi generalno nemaju nekakvo značenje osim da mogu indicirati naprimjer ovo što smo rekli posttraumatski stres poremećaj, nekakvi je li ili drugi psihijatrijski problem, naprimjer osobe s depresijom ili schizofrenijom mogu imati vrlo Ne mogu reći karakteristične snove, ali snove koje se ponavljaju, dakle ponavljajući sadržaj snova, gotovo uvijek sanjam nekakvi negativni scenarij."
1:29:20,1:29:27,"Ne nekakve random stvari koje sam vidio negdje, nego nekakav negativni scenarij koji kontinuirano sanjam isto može biti određen simptom."
1:29:27,1:29:41,"I često kod ovog poremećaja ponašanja za vrijeme Remata, kad ljudi fizički glume svoje snove itd., to su često izrazito negativni, krvavi snovi, borbe, bježanja i jednog."
1:29:41,1:29:43,"i jako, jako stresni snovi naprimjer."
1:29:44,1:29:51,"Tako da treba pita za sadržaj, ali van ovoga značenje snova je doista ne znam hoćemo li ikad znati što znače u biti snovi kao takvi."
1:29:52,1:30:02,"I ono što je zanimljivo ovdje kod snova je ljudi koji su slijepi od rođenja, ne znam jesmo li to pričali zapravo prošli put ili ne, ljudi koji su slijepi od rođenja isto tako mogu sanjati."
1:30:02,1:30:03,Ili što je ideja?
1:30:03,1:30:19,"Dakle, naravno ne znamo sto posto zašto ali ideja je ti ljudi isto tako opipaju svijet oko sebe iako ga ne vide i onda oni najčešće sanjaju oblike ne nužno da sanjaju ono što su vidjeli ako su slijepi od rođenja, nego oblike nekakve sanjaju."
1:30:19,1:30:34,"Ljudi koji imaju amputirane udove mogu sanjati da su oni, da imaju zapravo sve udove u snovima, da hodaju, da trče ako su amputirane ili noge, isto tako se to može sanjati."
1:30:34,1:30:37,"Dakle, to je fascinantno zapravo kako i zašto, ali odgovor je ne znam."
1:30:38,1:30:40,Što je to lucidno sanjanje uopće?
1:30:40,1:30:56,"Da, lucidni snovi su jedna vrlo karakteristična grupa ili snova gdje ljudi su svjesni u određenom trenutku da su u snovima i oni mogu na određeni način kontrolirati svoje snove, dakle hodati u snovima ili raditi nešto što žele u snovima."
1:30:57,1:31:11,"Postoje nekakve tehnike koje sam čuo o kojima uopće ne zamislite točne, nisu točne kako potaknuti da lucidno sanjate jer svima nekako ideja, mislim svima nekim ljudima, je ideja da, oj, kad sam u snovima mogu raditi svašta što hoću, što u stvarnosti ne mogu itd."
1:31:12,1:31:17,ali značenje lucidnih snova isto tako vrlo je jedna misterija da kažem.
1:31:18,1:31:19,"Ono što je zanimljivo, bila je jedna studija."
1:31:20,1:31:25,"relativno nedalja, možda godinu ili dvije dana, plus minus, koja je bila vrlo zanimljiva."
1:31:25,1:31:31,Komunikacija sa ljudima koji spavaju i sanjaju lucidno.
1:31:31,1:31:32,Što to znači?
1:31:33,1:31:44,Imali su grupu lucidnih sanjara i grupu ljudi koji su bili budni u toj sobi i išli su vidjeti da li možeš komunicirati sa ljudima koji sanjaju lucidno.
1:31:45,1:31:47,Odgovor je da sa zvijezdicom.
1:31:47,1:32:02,"Dakle, oni su što su napravili je, ovi ljudi koji su bili budni u sobi, za vrijeme kad bi vidjeli da ovi spavaju, ok, a ovi kad bi lucidno sanjali, bi namignuli ljudima u sobi kao da sanjaju, što je zanimljivo samo po sebi."
1:32:02,1:32:07,"Naravno to ne funkcionira svaki put, ali to je, tako su opisali."
1:32:07,1:32:14,"I onda kad bi ovi ljudi koji su bili budni u sobi znali da ovi lucidno sanjaju, bi ih pitali pitanja."
1:32:14,1:32:31,"Ako je, a vrlo jednostavno pitanje, ako je dvačetiri točno, namigni sa desnim oko, ako je netočno sa lijevim oko, dakle takva nekakva, ako je pari izlaganja Francuske, ako je da, lijeve i u određenim situacijama bi doista uspjeli to napraviti."
1:32:32,1:33:00,Naravno da nije bilo sto posto ali ono što je zanimljivo i da barem u određenim postocima slučajeva i to je bilo više od pedeset posto ako se sjećam ali nije bilo devedeset ti si mogao komunicirati sa ljudima koji sanjaju što je jedan fascinantan u biti jedan ulaz u snove ako može tako čuo sam da čak neke životinje ovaj imaju mogućnost da im je jedna strana mozga spava druga je budna i čak sam čuo da suprotno oko recimo da je ovo oko vezano za ovu hemisferu.
1:33:01,1:33:05,"Da, i to je veliko dupina, mislim da se to često govori."
1:33:06,1:33:16,Ideja evolucijska je da nije baš idealno ako nisi predator i nekom socijalnom da proveš 12 sati u jednom stanju gdje te može svatko pojesti.
1:33:16,1:33:22,"I onda je kao ideja da trebaš ostati buda, ali opet trebaš i spavati, to je kao nekakvo međurešenje."
1:33:22,1:33:28,"Mi zapravo ne znamo zašto se to događa, niti znamo puno o tome, ali to je jedan fenomen."
1:33:28,1:33:32,"Ljudi to ne rade, ljudi spavaju sa obje strane mozga."
1:33:33,1:33:41,"Tako da neke životinje, ja bih ipak rekao ogromna, ogromna većina životinja, da praktički skoro sve spavaju sa obje strane mozga."
1:33:41,1:33:43,I životinje sanje isto tako.
1:33:43,1:34:12,"I prvi put je otkriveno, jedna tisuća devetsto šezdesetih ja mislim godina je bilo francuski dan profesor žuve ako sam to dobro pročitao je otkrio mačaka koje su sanjale da bježe ili nešto da hodaju itede je otkrio regiju mozga koja je zadužena za ovaj dio da mišići za vrijeme rema budu praktički paralizirani, da mi ne glumimo svoje snove."
1:34:12,1:34:15,"I on je taj dio mačaka točno uništio, jedan mali dio mozga."
1:34:16,1:34:24,"I te mačke su pokretale svoje šape ili svoje udove kao da se kreću i bježe od nekoga za vrijeme budnosti, za vrijeme sanjanja."
1:34:24,1:34:30,I tako on otkrio zapravo da je ta regija mozga zadužena za sanjanje 1960.
1:34:30,1:34:30,godine.
1:34:30,1:34:32,"Fascinantno, zamislite uopće te pokuse."
1:34:34,1:34:35,Koji je tvoj plan za danas?
1:34:35,1:34:36,Spavaš ili ne spavaš?
1:34:36,1:34:46,"Ja imam danas još nekoliko stvari za obaviti i onda mi ujutro, ujutro idem kratko za Split jer moram vidjeti što ima tamo, a ujutro avionu šest tako da opet ću spavati."
1:34:47,1:34:49,Hoćeš li spavati večeras ili je to plan?
1:34:49,1:34:52,Ma plan mi je ako me cirkadijani ritam nekako ne poreme ti.
1:34:52,1:34:55,"Ali s obzirom da nisam spavao baš dobro jučer, vjerojatno danas hoću spavati nešto."
1:34:56,1:34:58,Želim ti jako lijepe snove.
1:34:58,1:34:58,Hvala ti Vinkov.
1:34:59,1:35:02,I bilo mi je zadovoljstvo i gušno opet razgovarati s tobom.
1:35:02,1:35:04,Također i hvala ti puno na pozivu.
1:35:05,1:35:07,"Ljudi, vidimo se za tjedan dana."
1:35:07,1:35:07,Bog.
