Start (HH:MM:SS),End (HH:MM:SS),Segment
0:00:00,0:00:02,"Bokš ima, ja sam Iva Kraljević i dobrodošli u podcast."
0:00:02,0:00:05,"Bokš ima, ja sam Iva Kraljević i dobrodošli u podcast."
0:00:05,0:00:14,"Bokš ima, ja nisam Iva Kraljević, ali vi gledate podcast Ive Kraljević."
0:00:14,0:00:18,"E sad, kako najaviti Ivu u njezinom podcastu?"
0:00:19,0:00:20,Daću sve od sebe.
0:00:28,0:00:31,U njoj se mnoštvo talenata skrbi Iva.
0:00:32,0:00:43,"Kreativa, komunikat Iva, inicijativa., ona je odlučna, hercegovka i zato nije sama kriva."
0:00:44,0:00:51,"Neki će reći da je ona diva i neće biti daleko od istine, a ja ću reći to je kraljević Iva."
0:01:01,0:01:04,"Hvala ti na ovako originalnoj, prebrojoj najavi."
0:01:04,0:01:05,Hvala na trudu.
0:01:05,0:01:08,Mislim da je to tebi sad zapravo došlo spontano.
0:01:08,0:01:08,Svaka čast.
0:01:09,0:01:12,"Pa evo ako da budem iskren, nedavno mi je palo na pamet."
0:01:13,0:01:19,"Jer ne znam kako je i tebi, ali meni obično prije snimanja glava najviše radi dan, dva prije."
0:01:19,0:01:22,I onda mi dođe stvarno puno ideja.
0:01:23,0:01:24,Čestitke na 50.
0:01:24,0:01:24,podcastu.
0:01:24,0:01:27,"Dakle, ljudi moj, ovo je jubilarni 50."
0:01:27,0:01:28,podcast.
0:01:28,0:01:29,"Da, ne mogu ni ja vjerovati."
0:01:29,0:01:30,Hvala.
0:01:30,0:01:31,Je li došao brzo ili...
0:01:32,0:01:32,Ne znam.
0:01:33,0:01:37,"Nekako osjećaš da je to bilo prije sto godina, ona prva epizoda?"
0:01:38,0:01:41,"Da, u jednu ruku imam osjećaj kao da je bilo prije sto godina."
0:01:43,0:01:51,"Ne znam što bih rekla, baš nekako čudno, veselim se svakom tom novom zaokruženom broju., baš nas jako veseli ovoj 50."
0:01:51,0:01:53,i tako je se slučajno potrfilo da je 50.
0:01:53,0:01:55,ujedno i prva epizoda treće sezone.
0:01:56,0:01:58,Baš volim kad se takve stvari poklope.
0:01:59,0:02:03,A došlo je i još se poklopilo da si i ti zaokružena.
0:02:03,0:02:05,"Da, sad je drugačije."
0:02:05,0:02:06,"Da, i ja sam opet."
0:02:08,0:02:09,"Da, sve se zaokružilo lijepo."
0:02:10,0:02:21,"Došlo je, mislim, lagala bih kad bi rekla da je došlo ovako brzo jer dosta je tu trebalo posla da se dođe do 50."
0:02:21,0:02:21,epizode.
0:02:22,0:02:25,"Ali, ako pogledamo unatrag, nije."
0:02:27,0:02:30,"Skrolaš onako, gosti, na neke si vjerojatno i zaboravila."
0:02:30,0:02:43,"Da, da, da, dobro do duše, ja na svoje gosti ne mogu zaboraviti, ali kad, na primjer, mužu prepričavam, govorim o nekome, kažem pa to je žena koja je bila kod mene u podkastu, vidim ja da je to stvarno sad već bilo nešto davno, čim se ni on ne može sjetiti."
0:02:44,0:02:57,"E pa svaki lijepi jubilej zaslužuje jedan lijepi poklon, tako da sam ja donio jedan mali poklon, da si vjerojatno što se nalazi u ovoj vrećici, što je ovo Marin donio sebi, ne sebi nego tebi draga i imao."
0:02:57,0:03:01,"Mislio sam da ti je to torbica pa će se usvojudio, sada je."
0:03:02,0:03:06,"Evo, dakle, jedan slatki jubilej zaslužuje slatki poklon."
0:03:06,0:03:07,"Tako da, 50."
0:03:08,0:03:11,"podcast će biti ovičaren, barem neko vrijeme dok ga ne pojedete."
0:03:12,0:03:19,"Ovo je vrsna čokolada, vrsna čokolada, to rade moj punac i punica, ručno rađena čokolada."
0:03:19,0:03:22,"Evo, činilo mi se kao jedan vrijedan."
0:03:22,0:03:22,Mogu je.
0:03:23,0:03:25,"Evo, naravno da možeš vidjeti, možeš i pojesti."
0:03:25,0:03:31,"Mogao bi stvarno okupiti danas rodbinu i prijatelje da ovo teška srca načmemo, ali."
0:03:33,0:03:34,Prvo sam osvikao čisto da ostane kao čokolada.
0:03:34,0:03:35,"Naravno, naravno."
0:03:36,0:03:38,Vjerujem da će se i svi tvoji gosti.
0:03:39,0:03:44,"Da, nije mi prvi put da čujem i vidim vrstnu, odličnu stvar."
0:03:45,0:03:52,"Baš volim hrvatske priče i koliko sam čula i jako je lijepo rade i uključuju, da mi ti pomažu."
0:03:52,0:04:08,"Pa da, to je jedna obiteljska firma koja djeluje sedam, osam godina i ono što je zanimljivo, uključuju i osobe sa invaliditetom koje su zaposlene, čak polovica zaposlenih čine osobe s poteškoćama i to je ono baš što je lijepo."
0:04:08,0:04:14,"I ovako premium čokolada, uglavnom za korporativne poklone, suvenire."
0:04:15,0:04:16,"Evo, mala reklamica."
0:04:16,0:04:18,"Neka neka, kupujmo hrvatsko."
0:04:18,0:04:19,Kupujmo hrvatsko.
0:04:19,0:04:33,"Evo, vjerujem da će se svi tvoji gosti pridružiti mojim čestitkama i da još imaš, evo, i željama da imaš još barem 50 podcasta, dok ti ne dođe možda neka nula ideja, nek biznis projekt, tko zna."
0:04:34,0:04:46,"Ali za početak, jedno ako malo možda opuštenije pitanje, uvijek me zanimalo, ti si Iva, zapravo, te bi se ostvario san tolikih žena da si se udala za kraljevića."
0:04:48,0:04:49,Pa kako je to biti udana?
0:04:49,0:04:53,za kraljevića i jeste li vjerojatno imaš ovakvih fora?
0:04:53,0:05:08,"Pa čak i ne, ali pada mi na pamet da što ono ponekad cure dvoumese po neke u Zagrebu, ostaviti svoje prezime, pridružiti, zadržati kako ja nisam imala tu dilemu jer ipak postati kraljević, sada tu automatske neka princeza."
0:05:09,0:05:19,"Ja sam se baš tome veselila iako evo ovim putem pozdravljam i svoje Grubišiće koje jako volim i ponosna sam i na to prezime, ali da, lijepo je biti kraljević."
0:05:19,0:05:22,"Lijepo izvuči ovako, poska Stive kraljeviće."
0:05:22,0:05:23,Nije bilo teško.
0:05:26,0:05:27,"Ajde, ajde, baš lijepo."
0:05:28,0:05:37,"Dok sam malo istraživao o tebi i neke druge informacije osim ovih što ćemo čuti na podcastu, vidio sam na drugu Ivu Kraljević."
0:05:37,0:05:40,"Koja je isto poprilično poznata, barem."
0:05:40,0:05:43,"Kako mediji to prikazuju u posljednje vrijeme, dakle riječ je o mladoj glumici."
0:05:44,0:05:48,"Ivi Kraljević, pa me zanima jesu li te ikad nazvali ovako zabudom kao Ivo, oprosti, imam ulogu za tebe."
0:05:49,0:05:50,Ili nisi to doživio?
0:05:51,0:06:03,"Ne, sad sad samo sam laudator televizije, mislim da možda nisu fulali broj, ali da, znam da postoji Iva Kraljević i rekla bih da je i uspješnija od mene, tako da mislim da..."
0:06:04,0:06:05,Paš mene sad ne treba nazvati.
0:06:05,0:06:12,"Da, definitivno ju imam, želim pozvati u gostu tu podcastu pa da ju poznamo Ivu Kraljević broj 2."
0:06:12,0:06:14,I bilo bi baš fora imati.
0:06:14,0:06:15,Ive i Fekar bi Ive Kraljević.
0:06:15,0:06:18,Pa epizoda će se sigurno zvati Iva Kraljević na kvadrat.
0:06:19,0:06:20,"Da, da, baš dobro."
0:06:20,0:06:21,"Hajde, hajde."
0:06:22,0:06:27,"Još jedno iznenađenje, ali sad je vezano stvarno s tebe, mi je bilo kad sam, ne znam, prije odmoranih."
0:06:28,0:06:33,"A ima tome vjerojatno i godinu dana, kad ne znam kako je došlo do toga, neku poruku sam dobio od tebe."
0:06:33,0:06:38,"Aha, ni, oprosti, nisam ti se javio, ja sam ti introvert., vidiš."
0:06:38,0:06:44,"Ja mislim, Ivan je nešto ljuta na mene jer u nekom lošem foru sam bacio na proglaštence ili nešto."
0:06:45,0:06:57,"Ali zanimljivo je, evo, da si introvert, a radiš, baviš se ovim poslom, kad kažeš da si introvert, na što točno misliš i kako ti to odmaže u ovome poslu ili pomaže ili ti to odlaziš s tim?"
0:06:57,0:07:02,"Ne znam ni sama, mislim, ovaj posao je meni trenutno poprilično baziran na intimne razgovore."
0:07:04,0:07:13,"Primijetila sam sad netko možda koji je bolje istraživao tu, ne znam, psihologiju, vrste karaktera i tako dalje, možda će me preciznije smjestiti jesam li ja zaista introvert."
0:07:13,0:07:15,"ili ne, ja se samo tako osjećam ponekad."
0:07:16,0:07:22,"A moram priznati da mi je to nekad i fora reći, jer imam osjećaj da ću zaista to šokirati malo ljude, jer ne očekuju."
0:07:22,0:07:30,"Ali, na primjer, super se snalazim ovako nekim intimnim razgovorima i stat pred neku masu ljudi."
0:07:31,0:07:37,"Jer kad pogledate što je isto ti i masa ljudi, to je isto poprilično intimno, ne znam ako me razumiješ."
0:07:38,0:07:47,"A ako moram sad dijeliti sobu sa još 10-15 ljudi, tu mi teško padne, tu se osjećam kao malo introvert."
0:07:48,0:07:49,Kad vidiš ovako uskupi.
0:07:49,0:07:55,"Ne znam je li to dijagnoza ta, ali jednostavno osjećam da me to više iscrpi."
0:07:55,0:07:59,To sam zapravo prvi put čula kako prepoznati jesi li introvert ili ekstrovert.
0:08:01,0:08:04,To druženje s ljudima punili te ili iscrpljuje.
0:08:04,0:08:15,"Ja volim biti s ljudima, ali nakon toga mi treba, nakon malo vremena na samom, ili ako sam na nekoj konferenciji, nakon koje se moram malo druškat s ljudima, nakon toga ja moram sjediti sama na kavu."
0:08:16,0:08:18,To uvjerujem da se mnogi prepoznaju.
0:08:19,0:08:23,"Da, da, da, pa mnogi ljudi su isto to, introverti ili poluintroverti."
0:08:23,0:08:24,"Neki dio imaš svoj, neki."
0:08:25,0:08:43,"Mislim, meni je bilo olakšanje samo iz sebe jednostavno kad sam priznala da ja vjerojatno nisam baš ekstrovertirana, ne zato što to sad nešto znači ili je nešto bolje ili gore, nego čisto da sebi dopustim da upravo to nakon nekog druženja sjednem sama sa sobom i malo se napunim s tom tišinom i evo, to mi je dovoljno."
0:08:43,0:08:50,"Ništa drugo nije da sad idem oko lebori, ja sam introvertirana iz nekog razloga, nego više onako da ti si svjestan da je to skroz u redu."
0:08:51,0:08:55,A vidio sam da imaš neki pik na planere.
0:08:55,0:09:01,"Dakle, planeri, planeri, planeri, to se isto često pojavljiva kad sam malo na Google-u i na Google-u."
0:09:01,0:09:05,Napravila si svoj planer koji čak i prodaješ.
0:09:06,0:09:08,To je vezano za trudnice.
0:09:08,0:09:09,Za trudnice.
0:09:09,0:09:12,"Ali prije si radila neke planere, dakle stalno neke planere."
0:09:12,0:09:15,"Dakle, voliš planirati i onako strukturirana si."
0:09:15,0:09:16,"Pa volim, volim."
0:09:16,0:09:27,"Doduše nemam baš neki preljep rukopis, ali trudim se, pogotovo kad kupim neki jako lijep planer, onda kupim automatski i lijepu kemijsku i onda jednostavno to me ponesemo."
0:09:27,0:09:29,"I na to držiš, samo u jednom trenutku."
0:09:29,0:09:29,"Ne, ne, ne."
0:09:29,0:09:41,"Ponekad držim da imam jako puno praznih planera koji jednostavno su bili preteško je bilo odoliti i nekupit ih, ali evo baš sam nedavno kupila jedna tako lijep planer, lijepih nekoliko kemijski, crvena, plava, crna."
0:09:42,0:09:45,I nekako kao da ti je odjednom organiziraniji život.
0:09:46,0:09:50,"Sad ja reklamiram planere kao uopće koncept, ali to je u mom slučaju zaista tako."
0:09:50,0:09:58,I vrlo često ja i jesam polazila od toga kako se ja osjećam u vezi nečega i što meni paše i što meni treba.
0:09:58,0:10:01,Pa ja to nekako malo razvijem u biznis bar donekle.
0:10:01,0:10:02,Tako je bilo i s planerima.
0:10:02,0:10:06,"Ja sam se zaručila, bila u TK-e 2018."
0:10:07,0:10:13,"I već tada sam ja stvarno uživala u razmišljanju o vjenčanju, planiranju vjenčanja."
0:10:13,0:10:17,"Ne nužno ono kao isključivo moje vjenčanje, nego taj biznis vjenčanja."
0:10:17,0:10:21,"To je meni bilo ono, wow, kao san, snova organizirati vjenčanja."
0:10:21,0:10:25,"A očito sam samo htjela nešto organizirati u životu, ali u tom trenutku je to bilo vjenčanje."
0:10:26,0:10:36,"I onda sam napravila planer, jer nekako u tom trenutku, sada ih ima, ali tada nisam mogla u knjižari naći neki lijepi planer za vjenčanje."
0:10:36,0:10:38,A volim lijepe planere.
0:10:38,0:10:49,"I onda sam ja napravila planer, dizajnirala ga, to je bilo jako, baš onako slatki jedni početci, jer sad nedavno sam sređivala jednu policu i nađem to, doslovno ja sam na."
0:10:49,0:10:52,na A4 papire crtala rukom te planere.
0:10:52,0:11:04,"Ja nisam grafički dizajner, niti dan danas ne bih to znala oblikovati tako, nego sam to nacrtala, googlala grafički dizajner, googlala tiskara Zagreb, znači nemam nikakvu pozadinu."
0:11:04,0:11:10,"Sada je mene neko gurno u to pa mi je bilo lakše nego ono, baš sam išla pješice i da mi ja napravim planere."
0:11:10,0:11:20,"Na kraju, zaista to je zaživjelo u neki biznis do te mjere da sam već na faksu i osnovala i firmu i sve je bilo me jako strahno, nešto prodava, taj me poraznače, meni radi mog planera svijest."
0:11:20,0:11:23,"Mislim, nikad se ne zna, sve treba lijepo po redu kako treba."
0:11:24,0:11:28,"Nisam znala ništa, bilo me užasno straho da bi ne bi nešto krivo, neki račun."
0:11:28,0:11:30,"Baš su to bili, kažem, slatki početci."
0:11:30,0:11:40,"Iako dolazim iz poduzetničke obitelji, ali nisam ja htjela svoje zamarati time, niti su oni nešto preozbiljno u tome vidjeli kao nek se dijete igra, nek nešto proba."
0:11:41,0:11:43,"Ona je stvarno otvorila firmu, ima i žig kao dobro."
0:11:44,0:11:45,To su bili prvi indek poduzetništva.
0:11:46,0:11:50,"I onda nakon toga sam bila udala se, to je cijelo vrijeme taj biznis dobro išao."
0:11:51,0:12:12,"Usput sam dodala i neke druge planere, tjedni planer, dnevni planer, neki tamo papiri za skiciranje rasporeda sjedenja, svašta je tu bilo osim tog planera, uspustim i dijelila nekakve savjete na društvenim mrežama, udala se, rodila djete i nakon što sam rodila prvog sina, palo mi je na pamet kako bi dobro bilo imati planer za trudnice."
0:12:14,0:12:34,"Jer opet iz neke potrebe, sjećam se, odem na pregled kod ginekologa, on me pita, ok, imaš li kakvih pitanja i u tom trenutku blokada, nemam sve što mi pada na pamet ili glupo pitanje ili ne želim reda radi nešto pitati i sjednem u auto i vozeći se do doma, sine mi je jedno, tri pitanja."
0:12:35,0:12:40,"I onda sam pomislila, kao baš ne bi bilo loše im imati neki planer za trudnice i tako je nastaviti."
0:12:40,0:12:41,Sa tako praktičnim nekim.
0:12:42,0:12:44,"Tako je, a i koji te nekako prati i savjetima."
0:12:46,0:12:48,U jednu ruku bila malo i terapija u mom postpartumu.
0:12:49,0:13:00,"Ja sam to, baš sam pisala sadržaj za taj planer i on je poprilično sadržajan, nije samo prazne tablice, nego malo sam to onako otvorila dušu, pogotovo za trudnice koje su trudne prvi put, što te čeka."
0:13:00,0:13:09,Ja sam bila prva trudnica u svom širen krugu obitelji i nisam imala nečake ili ne znam sestru koju ću nešto pitati.
0:13:09,0:13:18,"Baš sam bila prva, prva što je u jednu ruku super, nema uspoređivanja., evo neki dan mi kaže Fredica da joj ne znam mala, ima toliko i toliko mjeseci, još nije prohodala."
0:13:18,0:13:31,"I onako pomislim, moj mali je prohodao puno kasnije, ali sva sreća pa ja nisam imala s kime uspoređivati, nisam se toliko opterećivala i sve je nekako išlo svojim prirodnim tokom i Bog hvala sve je u redu."
0:13:31,0:13:36,"Tako da ima nešto dobro u tome kad si prvi i ne uspoređuješ se niskim, ali neke stvari bi mi bile lakše."
0:13:36,0:13:43,"Tako da te stvari koje nisam imala, sam ja stavila u planer, tako da danas trudnice mogu ipak pročitati, bar iz moje perspektive."
0:13:44,0:13:48,"Plus što mi je jako bitno napomenuti, moj ginekolog je to pregledao, neke malo stvari ispravio, dodao."
0:13:49,0:13:51,"Dao svoj blagoslov, da taj sadržaj može ići vani."
0:13:52,0:13:57,"Iako naravno ne može zamijeniti savjete liječnika, ali i liječnik je dao svoj blagoslov."
0:13:58,0:14:00,"Pazi ti, pomogni ti planeri, jer uspiješ ti to sve isplanirati?"
0:14:01,0:14:02,Držiš li se planova?
0:14:03,0:14:04,Ja često napišem od plan za dan.
0:14:05,0:14:06,Možeš li isjetljati?
0:14:08,0:14:14,"To mi je jedna prijateljica koja je stručna u tom polju rekla, o tome mi jako liči na Adehade."
0:14:14,0:14:19,"Ja imam jako dugačku listu, tu du listu, jednog 16 stvari."
0:14:20,0:14:22,Ja od toga napravim 14.
0:14:23,0:14:24,I to je ok.
0:14:25,0:14:34,"Jako ambiciozna lista, možda malo i preambiciozna, ali ja već znam unaprijed da ako ne napravim sve, ako napravim i 90%, to je super."
0:14:34,0:14:36,Evo to ste moj planiranja.
0:14:36,0:14:41,"Recimo, jesi li planirala ovo čime se nazbaviš?"
0:14:41,0:14:48,Je li to bio neki plan ili je to bilo nešto što si u jednom trenutku osjetila jer to baš i nije vezano uz planere?
0:14:49,0:14:49,"Da, da, da."
0:14:50,0:14:54,Ali ne bi vjerovao išlo je to nekim čak i opet spontanim tokom.
0:14:55,0:14:59,Moram se sad vratiti opet na te planere i planiranje vjenčanja.
0:15:00,0:15:01,Ja sam to šerala.
0:15:01,0:15:04,te savjete mladenkama na Instagramu.
0:15:04,0:15:14,"I sjećam se u jednom trenutku moja mlađa sestra, ona je 12 godina mlađa od mene, znači ona je skroz jedna druga generacija, druga kultura, življenja i druge stvari prati."
0:15:16,0:15:17,Poslala mi je nešto s TikToka.
0:15:17,0:15:22,"Ja sam u tom trenutku rekla, TikTok, ja ti niti imam tu aplikaciju, ne znam, ne kužim se."
0:15:23,0:15:29,"I onda sam samoj sebi postavila pitanje, je li ti već pristaješ ne biti u korak s vremenom?"
0:15:29,0:15:40,"Kao prvo, dio poslati je da poznaješ društvene mreže i medije itd., a s druge strane, da sam imala jedno dijete ili čak sam već rodila drugo, nisam sigurna sad."
0:15:41,0:15:54,"Ne bila sam trudna s drugim i pomislila sam, ako sad već dižem ruke od novih trendova, što će biti kad oni budu imali neke stvari, ja ću biti totalno out i pozovem ja svoju lucu, svoju sestru da dođe ti kod mene na kavu, pokažem što je taj TikTok."
0:15:54,0:16:08,"I tako pomalo ja krenem dijeliti opet savjete za mlade nke, ali budući da sam ja tu bila mama na TikToku, mislim sa svojih 26-7 godina, ali sam ipak bila baš kao starica na TikToku, to je bilo to vrijeme kad su samo klinci plesali i tako."
0:16:08,0:16:10,Ja sam baš bila kao šta ova stara turela.
0:16:10,0:16:12,"Nije bilo plesa, samo si govorila, dijelila sam se."
0:16:12,0:16:13,Ja sam samo govorila.
0:16:14,0:16:14,"Da, ne."
0:16:17,0:16:20,"I vrlo brzo sam ja počela, okupila se ta neka zajednica."
0:16:20,0:16:29,"Svi koji jesu na društvenim mrežama i bave se time, znaju da čim se ti malo duže i konzistentnije, tamo okupi se neka baza stalnih pratitelja."
0:16:30,0:16:34,"I počeli su mi postavljati neka pitanja, kao da zaista pitaju možda ne mamu, ali isto je tu stariju sestru."
0:16:35,0:16:38,"Pitanja više nisu bila o ovim čovanju, nisu uopće bila."
0:16:38,0:16:45,"Manje više nego što da napravim kad mi dečko kaže to, ili kako znati da je on pravi, tako neka pitanja."
0:16:46,0:16:49,"Ja sam tu uvijek on odgovarala, bio mi je gušt, mislim, klivao."
0:16:49,0:16:55,"Plivam u tome sasvim dobro, budući da sam jedna od pet sestara i htjela ne htjela, vrlo često sam tako dijelila te savjete."
0:16:56,0:17:00,"I onda je tu i tamo provukao neki komentar, ti bi trebala otvoriti YouTube."
0:17:02,0:17:07,Moja intuicija je bila podvojena kao mane i da bar.
0:17:08,0:17:10,"Ma ne kao u smislu, ma ne to je krinčkoće me."
0:17:11,0:17:19,"Zato što sam ja samo pratila kanale na engleskom, pa mi je bilo, to jednostavno kod nas ne bi zaživjelo."
0:17:19,0:17:25,"A ovo da bar je bilo, da bar živim vani, da bar je engleski moj prvi jezik, da bar sam na nekom većem."
0:17:25,0:17:25,tržištu.
0:17:25,0:17:27,Stvarno baš bi rado.
0:17:28,0:17:38,"I onako kako ponekad kad si ono na Lilac je toliko malo potrebno, sjećam se jedan moj rođak iz trećeg koljena, doslovno on sada kao slušač se sablaznit."
0:17:39,0:17:48,"davno je to bila njegova cura, danas žena, ali tada ja mislim da su bili neoženjeni, je diplomirala ili obranila diplomski ili nešto tako."
0:17:48,0:17:52,"Znači, totalno za mene osobno nebitna jedna situacija."
0:17:52,0:17:57,"Još nebitniji opis koji je totalno kliše, on je dolje napisao za dobre stvari i nikad nije kasno."
0:17:58,0:18:01,"Ponekad je toliko malo dovoljno, ja sjećam to i kao."
0:18:01,0:18:01,"Če ja pročitam, to je kao."
0:18:02,0:18:03,Ajdem ja provat na YouTube.
0:18:04,0:18:12,"I videi su bili na temu baš to kako pokrenuti biznis, kako isplanirati inštrumente."
0:18:13,0:18:17,Sedam znakova kako znad da je dečko potencijalno tvoj budući muže.
0:18:17,0:18:21,"Tako neka ono, baš neki videići za, opet u moje glavi, mlađe moje sestre."
0:18:23,0:18:30,"Ali zanimljivo, prvi video tada, to je bilo prije, znači bila sam trudna sa malinko i sad ima tri i pol godine, skoro četiri."
0:18:31,0:18:35,Prvi video je završio kao hvala vam na slušanju i vremenu.
0:18:35,0:18:38,"Vidimo se, nadam se u budućnosti da ću ovdje imati i neke goste."
0:18:39,0:18:50,"Ja sam već imala tu kao neku ideju da, okej, pa ne mogu ja vječno sama tu nešto pričati, niti sam vješta u svim temama koje su potencijalno jako zanimljive, ali nisam još tada ni znala da se to zove podcast."
0:18:50,0:18:53,"I onda ono, miks po mic, evo, tako je krenulo."
0:18:53,0:18:56,"Forma podcast-a, kako nekakvih emisija, odkud je?"
0:18:57,0:18:57,"Da, da."
0:18:58,0:19:05,"Što zapravo puno olakšava, jer inače prije je to bilo puno teže da si htio pokrenuti nešto drugačije."
0:19:05,0:19:06,"Da, slično, da."
0:19:06,0:19:12,Ali to i ima neke veze sa tvojim školovanjem.
0:19:12,0:19:13,"Da, da, da."
0:19:13,0:19:15,Ti si završila odnose s javnošću.
0:19:15,0:19:22,"Odnose s javnošću, dakle imaš nekog afiniteta prema odnosima s javnošću, odnosima s gostima."
0:19:25,0:19:28,Pa i u kriznim situacijama o kojima ćemo nešto kasnije.
0:19:29,0:19:38,"Tako da evo, nekako kad te slušam, baš nekako vidim to kao neke male pazlice koje su pomalo vodila jedna drugoj."
0:19:39,0:19:49,"Kao da nekako bilo je očito u nečijem planu, sad je li to bilo u tvojem planu, ali nisi bježala od toga kao i ona, nemoj me i oi, nemoj me."
0:19:49,0:19:49,tamo.
0:19:50,0:19:51,"Pa nisam, nisam, nisam."
0:19:51,0:19:54,Baš mi je to bilo jako imalo smisla.
0:19:54,0:19:57,"Jer ja i kad sam bila djete, ja sam uvijek igrala da vodim nekakav show."
0:19:58,0:20:01,"Ja sam gomila da sam ja, ne znam, Sanja dolažala ili opravim free."
0:20:01,0:20:04,"Jednostavno mi je to bilo nešto fora, to me privlačilo."
0:20:04,0:20:06,"Preda, znači jednostavno, našla si se tu."
0:20:06,0:20:11,"Da, zato i mojima nije bilo čudno, kao tipa moj roditelj, tek nedavno su oni shvatili što je zapravo podcast."
0:20:11,0:20:13,"Logično, to je neka nova stvar."
0:20:13,0:20:16,Ali nikada im nije bilo čudno što je Iva na kameri priča s ljudima.
0:20:19,0:20:20,To im je bilo nekako prirodno.
0:20:20,0:20:24,"A kad si počela surađivati s Bitno Netom, baš s tim kratkim videćima?"
0:20:24,0:20:25,Nije da se sjetim.
0:20:26,0:20:26,Sjećam se.
0:20:29,0:20:33,Tino Krvavica mi se javio da je vidio jedan moj video tada još prije podcasta.
0:20:33,0:20:36,"I to sjećam se, spomenuo je video o čednom odjevanju."
0:20:38,0:20:44,"Da mu se svidio taj video, sad ne znam, možda je on pogledao još koji i da bi se oni htjeli okušati u malo više toj nekoj video formi."
0:20:46,0:20:49,Pa da im treba netko da im onako malo pripomogne ili sa savjetom.
0:20:50,0:20:56,"Sad se ne sjećam jer mi već tada ponudio da ja budem na kameri, ali znam da nisam to priželjkivala iskreno."
0:20:57,0:21:03,"Jednostavno, već sam imala i svoj profil, činilo mi se malo previše da ja sad krenem iskakati iz paštete."
0:21:03,0:21:21,"Međutim, kad sam upoznala tu ekipu iz redakcije i vidjela kako su dobra ekipa, kako su dobri ljudi i kako mi je skroz u redu biti jedna od njih, da pa će ono čast, onda mi je nekako više bilo i nekako lakše pristati na to da stanem ispred kamere."
0:21:21,0:21:23,"Pa dobro, da, otvorili su ti prostor i to je isto."
0:21:23,0:21:24,"I to isto, da."
0:21:24,0:21:25,"I to je isto, da."
0:21:26,0:21:29,"Dakle, ti možeš biti dio i neke ekipe i dati nešto svoje."
0:21:30,0:21:36,"U smislu, u jednoj zdravoj ekipi postoji i neslaganja se rješavaju na neki."
0:21:38,0:21:39,S te strane.
0:21:39,0:21:39,"Da, baš baš."
0:21:40,0:21:42,Nisam iskusila nikakva neslaganja s njima.
0:21:43,0:21:45,Baš su dobra ekipa i jako se daju.
0:21:47,0:21:48,Baš vidim da im je to poziv nekako.
0:21:49,0:21:51,"Evo, jasno, naletio na jug kraljeći prvi put tako."
0:21:52,0:21:58,I baš mi je bilo zanimljivo i odmah sam zamijetio nekako da je kvalitetno.
0:21:58,0:21:58,Da je dobro.
0:21:59,0:22:00,"Da ti paše, da ti leži."
0:22:00,0:22:02,A što nije baš često slučaj.
0:22:03,0:22:09,"Evo, ako da budem otvoren, iskren u crvenim krugovima, izleti ljudima, baš vas svako veli strašno."
0:22:09,0:22:11,A onda izleti i varaš pa sam malo opustao.
0:22:12,0:22:13,Pa kažu dobro.
0:22:13,0:22:17,Stvarno mi je bilo dobro i tu bih stvarno pohvalio tvoje radno.
0:22:18,0:22:24,Baš mi je bila čast što si mene pozvala da budem tvoj voditelj u 50.
0:22:24,0:22:24,emisiji.
0:22:24,0:22:30,Stvarno sam počašćen jer mi je jako dobro radio svoj podcast.
0:22:31,0:22:41,Stvarno po pravilima i struke i vidi se da se jako dobro pripremiš i nekako dobro kombiniraš.
0:22:41,0:22:46,A moram reći poznate i goste i manje poznate goste i stvarno biraš vrlo zanimljive teme.
0:22:46,0:22:47,Baš mi je dobro.
0:22:49,0:22:50,Meni je čast što je tebi čast.
0:22:51,0:22:54,"Evo, mama, Marin Periš je rekao da je njemu čast doći, mama."
0:22:54,0:22:55,"Evo, mama, mama."
0:22:56,0:23:01,"I pogodila si sa mnom jer ono, fali ti malo muških u podcastu pa evo, evo i taj dio je dobar."
0:23:01,0:23:02,"Da, da, da."
0:23:02,0:23:03,I fali mi malo da me netko opusti.
0:23:04,0:23:07,"Iako puno je lakše biti u ovoj fostebi, nisam to očekivala."
0:23:08,0:23:10,"Lakše, ne znam, možda radi promjene jednostavno."
0:23:11,0:23:14,"Kad ti je stalo do nečega, da si malo lakše."
0:23:14,0:23:14,"Da, da, da, da."
0:23:15,0:23:20,"A recimo, mi doživljavaš li sebe kao nekoga tko svojim podcastom navještaje vam želje?"
0:23:20,0:23:22,"Mislim, razmišljaš li o tome?"
0:23:22,0:23:25,Jer često imaš i neke teme koje dotiču pitanja.
0:23:25,0:23:26,vjere.
0:23:27,0:23:28,"Ono što te zanima, pretpostavljam."
0:23:28,0:23:29,"Da, da, da."
0:23:30,0:23:38,"Zašto ne stavljam si previše pritisak da je to moj, neću reći, poziv, ali da je to moj zadatak broj jedan?"
0:23:39,0:23:44,"Jer kao prvo, niti sam teolog, možda nekad nešto kažem krivo, pa ću se ispraviti."
0:23:44,0:23:50,"Uvijek više volimo kad su te teme u pitanju nasuprot, imate teologa, svećenika itd."
0:23:50,0:23:55,"Ali ja sam tu više kao otvorena za takve teme, mislim da je to isto bitno."
0:23:57,0:24:01,"Da dopuštam da se takve poruke šalju, da ja doprinesem koliko mogu."
0:24:03,0:24:07,Ali mislim da smo opet s druge strane svi pozvani evangelizirati.
0:24:08,0:24:13,"Ako ništa svojim, ne onako ništa, nego prvenstveno svojim životom, svojim djelima, svjedočenjem."
0:24:13,0:24:16,Ne mora to biti teoretiziranje nužno.
0:24:17,0:24:22,"Iako bismo se trebali mi katolici bolje potkovati u znanju, to je isto druga tema."
0:24:23,0:24:45,"Ali evo ja sam tu više kao jedan kanal da što, ne znam, stručnjaci, što ljudi svojim životnim pričama ipak odskrinu negdje kod slušatelja ta vrata da možda da isto Krist uđe između ostalog u njihova srca i često dobijem takve poruke."
0:24:46,0:24:50,"Pa dobro, da, evo pitam te to zato što možda si nekad naletjela na te komentare."
0:24:51,0:25:03,"Ja nisam naletio na takve komentare o tebi, ali razmišljajući što bi te mogao pitati, evo, pametno mi je napam da možda netko može steći dojam, ah, onaj vjerski podcast, a ne znam, sad je ugostila ovoga ili onoga."
0:25:04,0:25:15,"I onda na kraju dobiješ neke negativne komentare, zapravo zbog nerazumijevanja da je ovo zapravo Iva Kraljević podcast, a ne, ne znam, evanđelje podcast ili ne znam."
0:25:15,0:25:20,"Tako da, jer onda vidite i na bitno netu, na našim, da povezuju to dvoje."
0:25:20,0:25:26,"A zapravo ono kako ja to vidim je da zapravo ti otvaraš teme koje tebe zanimaju, ono što ti jesi."
0:25:27,0:25:35,"A što opet je važno zato što postoje katolici koji imaju svoje misije, a koji se malo i plaše ući u te teme."
0:25:35,0:25:36,"Da, da, da, istina."
0:25:37,0:25:51,"Kad se baš ugodno iznenadim, kad upoznam neku osobu koja javno djeluje, i onda upoznam privatno čovjeka, k tome je i vjernik, ne bi nikad rekla, ok, neki poslovi ne dopuštaju da ti previše dijeliš, naravno."
0:25:52,0:26:02,"Pa evo, ne znam, ako može biti poticaj nekome da malo više ukomponira i taj dio bez straha, jer meni se ništa nije dogodilo, tu je tamo neki ružan komentar, to s vremenom shvatiš da je jednostavno dio ovog posla."
0:26:04,0:26:08,"Ali, ako želiš da te neko javno hvali, moraš prihvatiti da te javno kudi, jedno bez drugog ne ide."
0:26:10,0:26:25,"Baš mi je drago da si spomenuo, to je Ivo Kraljević podcast, moj profil koji se sad zove Ivo Kraljević podcast, se prije zvao, prije podcasta se zvao 70x7, što asocira direktno na evanđelje, mislim, tko ga poznaje, asocira."
0:26:25,0:26:26,direktno na evanđelje.
0:26:27,0:26:41,"Međutim, kad sam pokretala podcast i morala mu dati neko ime, nešto me jednostavno, nešto mi je dalo na razmišljanje je li to dobar naziv upravo iz tog razloga."
0:26:42,0:26:50,"Jer želim ga totalno lišiti te odgovornosti, ajmo reći, odnosno te krive etikete da je to vjerski podcast jer nije."
0:26:51,0:26:57,"To je jednostavno, evo, moj kanal na YouTubeu se zove Iva Kraljević."
0:26:58,0:27:11,"Da, u ovih 50 epizoda je bilo puno spominjanja vjere jer je to toliko dio mog života da bi isključivanje toga bila jedna autocenzura, jedna neiskrenost prema slušateljima, jedno suzdržavanje koje zapravo ne želim."
0:27:11,0:27:23,"Ja želim govoriti o tim temama i mislim da ih nedostaje, zapravo nikad ih dosta, ali ne isključujem to da će u jednom trenutku možda biti neki neočekivani gost."
0:27:24,0:27:31,"Neočekivana nekome kome strpaju isključivo u taj kalup vjerski podcast, nije vjerski podcast, ali je voditeljica vjernica."
0:27:31,0:27:32,Mislim da je to dovoljno.
0:27:33,0:27:34,I ona je otvorena kojom?
0:27:35,0:27:37,"Da, bilo kojemu gostu."
0:27:37,0:27:42,Gostu i bez straha da se otvore i takve teme.
0:27:43,0:27:52,"Možda jedno pitanje može biti, savjetuješ li se s nekim prije nego otvoriš neku malo više vjersku temu?"
0:27:52,0:27:54,Imaš li nekoga s kojim na liniji onako je?
0:27:54,0:27:55,Oprosti se onda te pitam.
0:27:55,0:27:58,"Ali uglavnom je to pro-life, to su stvari više manje jasne."
0:28:00,0:28:17,"Nemam baš jednu osobu, ali bilo mi je baš bitno osjetiti kod mog župnika, sad je to moj bivši župnik, ali evo sad je doslovno neki dan otišao, bilo mi je bitno osjetiti kod nje kod njega to zeleno svjetlo da on je ok s tim što ja radim."
0:28:17,0:28:25,"Nakon što sam osjetila to zeleno svjetlo kroz razgovore i kroz ispovijedi, onda bih ga znala pitati često za savjet."
0:28:26,0:28:34,Jednom je bila jedna situacija gdje je jedan mali isječak iz podcasta ljudima aludirao kao da promičemo protestantizam.
0:28:35,0:28:39,"Jednostavno, mislim, tezeri su takvi da ne možeš cijeli kontekst uklopiti."
0:28:40,0:28:49,"I onda sam ja baš odmah svog župnika ono što ti misliš, on je rekao ne, ne, ne, sve je ok, iz cijelog konteksta se osjeti što ste htjeli reći."
0:28:49,0:29:02,"Međutim, ako bude trebalo i sastavio mi je jedan tekst iz svoje perspektive, on odvojio je dio jednog popodneva da mi pomogne, to mi je, na primjer, baš puno značilo i on to sigurno može na način na koji ja ne mogu."
0:29:04,0:29:06,"Evo, kod njega mi je bila bitna ta podrška."
0:29:07,0:29:14,"Konkretno, gdje je meni to palo na pamet pitanje, je kad sam vidio epizodu sa nom Rucner."
0:29:14,0:29:21,"To je bila možda onako, možda do sad najkontroverznija epizoda, ne znam hoćeš li se ti složiti, barem od onih koje sam ja vidio."
0:29:22,0:29:24,Jer odmah sam išao dolje gledati komentare.
0:29:26,0:29:36,Komentarima nisu toliko negativni koliko su ljudi imali potrebu osvrnuti se na ono što je Ana rekla o svom slučaju.
0:29:36,0:29:41,"A za one koji ne znaju, dakle, Ana Rucner je bila svirala jednom u Dubrovniku na otvaranju gej bara."
0:29:42,0:29:49,"I meni je bilo prvo kad sam vidio da ti ona gošća kao, aha, baš me zanima kako će Ivatov ishandlat."
0:29:49,0:29:52,"Jer ono, kontroverzna je tema."
0:29:54,0:30:00,"Inače, ja sam osoba koja pazi puno s osudom lakom."
0:30:01,0:30:06,"Mislim, svima smo mi donekle laki na obaraču i moramo raditi na tom dijelu."
0:30:06,0:30:11,"Jer kad uđeš malo i dublje u vjeru i tako, on je neki ti je prvi impuls, ono da odmah nekako moraliziraš."
0:30:12,0:30:13,Od toga se moramo malo osloboditi.
0:30:15,0:30:17,"Ali me baš zanimalo, evo, bilo mi je intrigantno."
0:30:17,0:30:21,"Tako da, evo, recimo, jesi li se s kime posavjetovala za tu epizodu?"
0:30:22,0:30:25,Je li ti bilo poznato uopće što se s nama događalo?
0:30:25,0:30:27,To je bilo nekadavno u svim medijima.
0:30:28,0:30:33,"Da, da, meni je više zanimljivo baš da je to nekome prva asocijacija nano rudcner jer meni kao violinistici je to."
0:30:34,0:30:43,"Evo, i nakon što sam se upoznala s tim slučajemem i dalje na prvih nekoliko mjesta mi je ona kao wow, uzor glazbenica."
0:30:44,0:30:50,"A tek onda i zapravo ne bi vjerovala, ali ja nisam do njenog gostovanja ni znala za taj slučaj."
0:30:51,0:31:06,"Ja ne znam kako ili sam ja bila možda tada još mlada, evo sad na pamet ne znam ni koja je to, kad je to točno bilo, koliko davno, možda i nije bilo davno, možda me je samo ta vijest zaobišla u tom trenutku ili ju je neka druga zasjenila, ali ja nisam imala pojma za taj slučaj prije nego što mi je ona došla."
0:31:06,0:31:13,"Tek dan prije mi je jedna prijateljica rekla, a dolazi Tijana Rucner kao i spomene to nešto."
0:31:13,0:31:18,"To nešto gejbar, ne želim sad zvučati neinformirano, ja ono kao da, da, da."
0:31:19,0:31:24,"I opet nekako to malo zanemarim, mislim, dobro, neću se sad baviti nekim tračevima."
0:31:24,0:31:34,"I onda netom prije snimanja u razgovoru sa Anom Rucner, ona je prva pokrenula tu temu, na moje iznenađenje, jer sam ja zaista mislila da je to tamo neki trač ili nešto nebitno."
0:31:34,0:31:41,"Ja onako nabrijana jedem priču s našom vrstnom glazbenicom, što i danas mislim, i nisam mislila da ne idu tu neku temu."
0:31:41,0:31:56,"I to su bili početci od kad sam, znaš, ova, idem sa neku siguricu, ne želim izvlačiti niti ljude cijediti gdje su potencijalno tanki., niti izvlačiti nekakve ekskluzive iz nekih tračeva, jer nisam znala da je to baš bila neka udarna vijest u tom trenutku događanja."
0:31:57,0:31:59,I Ana je prva pokrenula tu priču.
0:32:00,0:32:14,"I tu sam ja osjetila da ona očito želi priliku da se izjasni po tom pitanju, što mi je onako bilo dosta i hrabro i stvarno baš hrabro od nje da, evo, staće pred kamerom i riječi svoju stranu."
0:32:15,0:32:24,"Sad kažem, dosta je davno bila i ta epizoda, a kamoli taj slučaj otvaranja gejbara, samo se sjećam da smo zaključili na kraju s tim da nije lako biti u isto vrijeme."
0:32:24,0:32:35,"vrijeme i u svijetu i ne od svijeta i u tom showbizu i to su bili neki njeni dugogodišnji prijatelji i to su bile njene unutarnje borbe što učiniti, odbiti, prihvatiti."
0:32:36,0:32:37,Mislim da to isto nije.
0:32:38,0:32:47,"Ona je rekla da nije ni ona u početku znala da je riječ o takvoj vrsti bara, nego je htjela napraviti uzbuđenje u prijatelju koji njoj pomaže dosta u Dubrovniku s njenim projektima."
0:32:48,0:32:59,"Evo čisto da ljudi malo ne gledaju, evo kažem bilo mi je zanimljivo, da osjetilo se da ima potrebu o tome govoriti, osjetilo se da je doživjela nekakve osude."
0:32:59,0:33:02,E sad mi ne znamo kako su ljudi njoj pristupili.
0:33:02,0:33:07,"Možda je neko stvarno dobro namjerno došao i rekao slušaj, našlo to ti nije baš bila dobra stvar."
0:33:08,0:33:13,"Nije svaki komentar, pogotovo osobe koja je bliska, nužno i osuda, nego je osuda tog čina, nije osuda nužno tebe."
0:33:14,0:33:17,Moramo malo tu biti i mi malo jači da znamo i prihvatiti priču.
0:33:17,0:33:18,"Tako je, tako je."
0:33:18,0:33:36,"I mislim da smo se na kraju i baš zaključili cijelu tu, ajmo reći, temu u podcastu time da vrlo često ljudi znaju reći kad su tako neke teme u pitanju, pa i su se sa svima družio, nije bježao od ne znam carinika i tako dalje, farizena, nemam pojma."
0:33:37,0:33:43,Ali smo onda na kraju zaključili s tim da bi on ipak svaki taj susret s grešnicima završio sa idi i nemoj više griješiti.
0:33:44,0:33:54,"Tako da mislim da kad bih ja sad zvala nekoga u podcast i na sve njegovo samo kimala glavom, znaš ono, ma pustiti, neksiti, dobro je to."
0:33:55,0:34:04,"Moram ja imati taj neki balans da održim se svoga, ali isto tako da se ne pravim svetija od nekog drugog, samo što je njegov grijeh malo drugačiji od nekog mog grijeha."
0:34:05,0:34:13,"Jer kad bi tako bilo, kad bih ja bila sad predobra za jednu adnorucner, što ne mislim apsolutno, mislim, ona je predobra."
0:34:14,0:34:21,"cura, mi smo i dalje u kontaktu i baš je toliko draga i topla i uspješna i cool ženska."
0:34:21,0:34:24,I baš mi je čast i drago što sam je upoznala i što ste odazvala.
0:34:24,0:34:35,"Ali kad bih se ja u nekoj priči držala iznad nje pa ju ne pozvala, isto tako zašto bi ti pa jedan Don Damir Stojić meni došao u podcast, znaš ono?"
0:34:36,0:34:37,Tako da ne gledam to stvarno.
0:34:37,0:34:44,"Ja više, evo slušam te i ja sam nekako tu u nekim raspravama držao tvoju stranu, evo da malo iskrenem."
0:34:45,0:34:49,"Zato što, kažem, laki smo na obaraču."
0:34:49,0:35:05,"i ovo što kažeš, stavljamo se često ispod drugoga, i zaboravljamo zapravo da je to stavljanje iznad drugoga, se naziva oholost i da ta oholost je duhovni grijeh koji je puno veći nego svi moralni grijesi naši koji imamo."
0:35:06,0:35:09,To je razina više grijeha.
0:35:10,0:35:24,"I to ne znači da nećemo osuditi njen čin, ja opet govorim, ali biti otvoreni za susret, biti otvoreni da dopustimo da druga osoba ima svoj proces rasta u vjeri, svoj proces."
0:35:25,0:35:28,"Znači, svoje korake u odnosu na svoj, nismo svi na istoj razini."
0:35:28,0:35:36,"Dakle, kad Pavao isto govori u svojim posljedicama, da imamo osjećaj, da imamo pažnje prema slabima."
0:35:37,0:35:39,"Kao slabiji u vjeri, jači u vjeri, on to tako govori."
0:35:40,0:35:44,"Dakle, ako oni ne žele jesti meso žrtvano i dolima, nemoj niti s njima to jesti."
0:35:44,0:35:45,Zašto slabiji su u vjeri?
0:35:45,0:35:52,"Ti kožiš tu stvar, ali nemoj sada oni tebe zbog toga da upadaš, kao ja sam bolji, ja sam svetiji, ja znam da to smijemo."
0:35:52,0:35:55,"Znači, evo, ta jedna pažnja je bitna."
0:35:56,0:36:01,"Znači, evangelizacija i navještaj prije svega je pogledom, pristupom, susretom."
0:36:02,0:36:11,"To je ono možda, evo, možda se puno i tvojih gledatelja ne slaže s papom Franjom, možda sigurno ima nekih prijepornih stvari, to sad nije tema."
0:36:11,0:36:17,"Ali ono što je meni, recimo, što sam ja dobio od njega, je da susret ide prije morala."
0:36:17,0:36:24,"Znači, da prvo moraš susret osobu da bi kasnije mogao poučiti i nekim moralnim pravilima koji su kršćanima."
0:36:25,0:36:28,"Prvo ide susret s Kristom, a moral je drugotan katolicima."
0:36:29,0:36:32,"Ne nevažan, nego on je na drugome mjestu."
0:36:32,0:37:01,"Znači, dovedi osobu da susretne Krista, onda će malo po malo ta osoba i u susretu s njim i u zajednici, dakle ako je ta osoba otvorena, ako ti je došla, ja ne želim opravdavati Anorucner, ja mislim da je taj čin bio možda ne mudar ili, ali ne mogu reći ni da vam je bilo lako, to je javna osoba, kužim li ja što javna osoba prolazi u takvim trenucima, situacijama itede Tako da ona i dalje sad gdje god dođe svjedoči vjeru i s te strane, evo svakoj je čast, evo."
0:37:01,0:37:06,"Tako da evo vrlo je pipava tema, razumijem i odvažna si što otvaraš te teme i evo tu."
0:37:07,0:37:19,"Pa ne znam je li odvažna ili najimna jer meni to i nije bilo nekakva dilema, znaš, baš sam zato sad spomenula Don D Damija Rastojiča, pa da mi napamet, i on bi mogao kad ga ja pozovem u podsku sreću, a i vam je nezdrela u vjeri."
0:37:19,0:37:27,"Ona je bila rekla prije pola godine, a što svi smo mi baš to si super rekao, svi smo mi na određenoj svojoj dionici puta."
0:37:28,0:37:30,Problem je bio kad bi ti mislila da si zrela.
0:37:30,0:37:37,"Da, mislim, ne, problem je da ako ti smatraš da jesi, ali evo ti sama govoriš, sluša, znaš, jesam li ja sretna od nje, nisam."
0:37:38,0:37:43,"Ali evo dobro je da otvorimo ove teme, meni je baš bilo na srcu da porazgovaramo malo i o ovome, čisto zato što je malo."
0:37:44,0:37:48,"Da sad sjetimo neke stare epizode, pa da ljudima upogledaju koji nisam brao."
0:37:48,0:37:51,Znači svi će opisovati i sad ćeš nam još brdo komentirati.
0:37:51,0:37:53,Ali moram spomenuti to da sam zasvirala sa mnom.
0:37:54,0:37:58,"E pa to, a dobro, to sam mislio kasnije kao neke highlightere, ali to je baš bilo dobro."
0:37:58,0:37:59,"E, to je baš bilo dobro."
0:37:59,0:38:00,"Da, to je."
0:38:00,0:38:02,"I još neke situacije, ali to ćemo malo kasnije."
0:38:02,0:38:03,"Ajde, ok."
0:38:03,0:38:05,"Dobro, evo sad govorimo o tim početcima, zašto?"
0:38:05,0:38:12,"Zato što sam vidio da i na tvojim, na tvojim Instagramu znaju često biti ova, baš ta pitanja."
0:38:12,0:38:15,"Ljude zanima, zanimaju tvoji početci, kako si krenula u podcast."
0:38:16,0:38:20,"Znam da je bio na početku i prije ovog podcasta još jedan pokušaj, je li tako?"
0:38:20,0:38:22,"Pokušaj, dobro, sam ga pozvala."
0:38:22,0:38:23,"Da, da, da."
0:38:23,0:38:25,"Nije se nastavilo, pa ne, da, da."
0:38:26,0:38:28,"Što je bilo s tim, Moći, želiš li malo podijeliti s nama i taj dio?"
0:38:28,0:38:29,"Pa, vrlo rado."
0:38:30,0:38:36,"Mislim da je dobro da netko ko možda kreće u nešto pa je nesiguran, pa mu možda prvi pokušaj nije uspio, drugi, treći, četvrti, peti."
0:38:36,0:38:40,"Ja sam se kad sam pokrenula svoju prvu firmu, uvijek šalila sa svojima."
0:38:40,0:38:44,"Mislim, to je ok, šala kada imaš 24 godine i otvaraš firmu."
0:38:44,0:38:50,"Ja sam rekla, negdje sam pročitala da sedam puta ako propadneš, osmi put ćeš uspjeti."
0:38:50,0:38:51,Bolje da ja što prije krenem.
0:38:52,0:38:57,"Nikad nisam osjećala pritisak da iz prve nešto mora uspjeti, iako nikad nisam išla s tim predumišljama."
0:38:57,0:39:00,"Evo, ta firma i dalje funkcionira radi, tako da Bog hvala."
0:39:00,0:39:14,Ali ne treba čekati ono kreni kad osjećaš da je to to jer bolje putem se usavršavati nego čekati neki idealan trenutak čisto ako neko kreće nešto da zna da ne osjeća pritisak od mora to biti s prve.
0:39:14,0:39:25,Tako da i ovaj podcast zapravo je na neki način drugi pokušaj iako evo iskreno već sam malo i zaboravila na taj prvi pa ne gledam to tako poprilično drugačije i koncept i forma i sve.
0:39:26,0:39:26,Što je bilo?
0:39:27,0:39:37,"Da se opet sad vratim na onu priču kako je sve krenulo, kako sam uopće došla na YouTube misleći da nadajući se da će se to razviti u neki dialog da neću samo ja eto tako dijeliti."
0:39:37,0:39:48,"Iako su mi bili jako, jako dragi ti videi gdje ja govorim jer sam ja pratila na taj način da možda neko zna tipa Emily Wilson ili tako neke kreatore sadržaja iz Amerike."
0:39:48,0:40:02,"Ja sam se vidjela kao moga bih ja to nešto ovdje tako na tu foru, ali jako volim podcaste i kad me netko pita šta slušaš od glazbe, pa rijetko kad šta slušam ili Božiju pobjedu ili podcast, no ona nema trećega ili nešto drugo od duhovne glazbe."
0:40:02,0:40:04,Tako da baš jako volim podcaste.
0:40:04,0:40:12,"Međutim, kad sam se odvažila idem ja u podcast, uvukao mi se taj neki crv sumnje da ne mogu ja to sama."
0:40:12,0:40:20,"To moram, valja zato što je u to vrijeme početaka podcasta i bilo dosta često da dvoje ljudi vodi podcast i komentira neku temu."
0:40:21,0:40:23,Eventualno im ponekad jeli dođe neko reći.
0:40:24,0:40:28,"Ne znam, jednostavno mi je to umagli, ali jednostavno sam mislila, meni treba netko."
0:40:28,0:40:29,I s kim ću ja sad?
0:40:31,0:40:44,"Do te mjere da bih ja čak na nekakvim spontanim druženjima, nakon konferencija, na kavama govorila, ja razmišljam pokrenuti podcast, pa ne znam s kim bi doslovno svaku svjećom tražila tko bi mogla biti ta osoba."
0:40:45,0:40:49,"Jednom se baš dogodilo upravo to, nakon jedne konferencije sela sam na kavu i pričam o tome."
0:40:49,0:40:50,da želim pokrenuti podcast.
0:40:51,0:40:58,"I kraj mene jedna cura, ja ju doslovno upoznam u tom trenutku, sve što ja kažem, ona bi isto."
0:40:58,0:41:01,"Ja kažem, pa ja zamišljam to kao tako i tako, te teme."
0:41:01,0:41:01,S kim bi?
0:41:02,0:41:05,"Da, ne znam s kim bi, ona bi isto to i spremna je ići sa mnom u to."
0:41:06,0:41:09,"Ja naravno pomislim, ok, ovo je Boži zna, idemo i ne kažem da nije bio."
0:41:10,0:41:14,I ne kažem da se nije moralo dogoditi to jedno iskustvo i meni i njoj.
0:41:15,0:41:20,"Ja sam bila uvjerena da je to na duže staze, da ćemo mi žariti palit podcast sceno, ali nas dije u tandemu."
0:41:21,0:41:27,"Međutim, krenulo smo mi to nakon možda mjesec dana poznanstva, sve je to išlo jako, jako brzo."
0:41:27,0:41:34,"Meni se tada činilo sudbonosno, sad ne znam, možda je bilo i brzo pleto, ali kažem, ne želim."
0:41:35,0:42:01,"I kažem, krenuli smo mi u taj podcast, podigle i Instagram na noge i sve, i bili smo u najmu, u studiju, nismo ništa uspjeli, mislim, uspjeli, nismo ništa mi monetizirali u tih godinu dana što smo imali podcast, to su bile poprilično male brojke i preglede, tako solidni za jedan hobi, ali ja sam imala puno veće ambicije, tako da meni to nije bilo solidno, baš me je to čak frustriralo."
0:42:02,0:42:15,"Ne znam, jednostavno sam taj tip, ono, go bigger, go home i nije bilo ni jeftino to izdvajanje na taj jedan hobby, najam studija, opreme, editiranje, masu alata za obrađivanje svega i svačega."
0:42:15,0:42:23,"Tko se bavi videom i općenito podcastom, zna da to, ako je samo hobby, je poprilično skup sport i nema smisla tapkat tako na jednom mjestu."
0:42:26,0:42:30,"Ja sam se onda i mislila, OK, u čemu je problem, kako to popraviti, kako to popraviti."
0:42:31,0:42:33,"I to je tralo, pa ta jedna frustracija sigurno pola godine."
0:42:34,0:42:38,"Ne da bih ja to prekinula, nego kao što ta Kao šta ne štima."
0:42:38,0:42:44,"I samo nakon otprilike godinu dana, točno se sjećam kako to obično bila s takvim trunucima, sjećam se i gdje sam bila i sve."
0:42:45,0:42:53,"I samo mi je došlo onako, i svi sada ne znaju pretentizivno reći, Boži glas, meni je došao neki glas, kreni s početka."
0:42:54,0:42:56,"Ako te toliko židzira, mislim šta sad ono?"
0:42:58,0:43:04,"Stvarno olakotna okolnost je bila što mi nismo od toga živjeli, nije da ti sad prekidaš neki biznis, nešto."
0:43:04,0:43:07,"Ali isto nije bilo lako, jer ipak si s nekim u tome."
0:43:08,0:43:11,"Kao ti sad dođeš sad svojoj ekipi iz Bože pobjede, dečki meni ovo tumače."
0:43:11,0:43:12,"Znaš, te komedije?"
0:43:12,0:43:14,"Mislim, ne smeta meni ni Božja pobjeda."
0:43:15,0:43:15,"Oprostite, što sam rekao?"
0:43:16,0:43:19,"Božja pobjeda, ne, ne, sorry jer sam u svojim mislima, znam da sam u svojim mislima."
0:43:19,0:43:20,"Razumijem, razumijem, dobro, mali lapsus."
0:43:21,0:43:24,"I ovaj, ne moj razarati, ne moj drugog."
0:43:24,0:43:25,Ja sam jednog i drugog.
0:43:25,0:43:26,Ja sam jednog i drugog.
0:43:26,0:43:27,Ja sam jednog i drugog.
0:43:27,0:43:28,Ja sam jednog i drugog.
0:43:28,0:43:31,"Ja, ne, ne znam, ne brkam to inače u životu."
0:43:33,0:43:40,"Ali evo, jednostavno kad i to često dobijem pitanje na isto, kako znat je li nešto tvoja želja ili Božji plan?"
0:43:40,0:43:49,"Evo, meni je to sad kad gledam retrospektivno veliki, veliki indikator jer ja sad kad pomislim, čekaj, imala si već jedan onako."
0:43:49,0:43:57,"solidno izgrađen profil, a znamo svi da je jako teško doći od prvih par tisuća na Instagram, ono od nule pa do par tisuća je stvarno krvav posao."
0:43:58,0:43:59,Kasnije je to sve lakše ipak.
0:43:59,0:44:09,"Ali ono, ostavljam profil, nije to bilo neki velik, to je bilo možda 3000 ljudi u godinu dana, znači to stvarno nije baš neki ogroman uspjeh."
0:44:10,0:44:12,"Ali opet, prekinut nešto i krenut od nule."
0:44:14,0:44:15,"Da, uvijek je neki mali osjećaj fejla."
0:44:16,0:44:25,"Međutim, zato kažem, kako znaš je li to tvoja volja ili ipak možda neki božji plan koji ti u tom zruku ne objašnjiv, taj entuzijazam da krenemo.emo od nule."
0:44:27,0:44:42,"Taj neki mir, to mišlju da ide, ja iz početka nemam pojma hoće li uspjeti, nemam pojma hoće li zapravo cijela ta moja dosadašnja, naša dosadašnja publika meni okrenuti leđa kao evo, ne znam, okrenula leđa prijetnje."
0:44:43,0:44:44,Makar si im dala ono u materijalu za priče.
0:44:46,0:44:59,"Iako mislim, ta prijateljica Frenica, poznanica, nekako su nam se različili automatski životni putevi, ali izrazito simpatična, draga, puno televizičnija od mene."
0:44:59,0:45:07,"Ja sam čak mislila, Mislila je da će ona to nastaviti graditi, dala sam joj apsolutno najzvolite da to nastavi, da zamijeni mene s nekim drugim."
0:45:08,0:45:17,"Tako da mogli smo mi sad biti na al pari dva podkasta, ona je se odlučila ići u drugom smjeru i po našem zadnjem razgovoru i ispijanju kave se nema nikakve zle krvi."
0:45:18,0:45:27,"Tako da to sam ja baš prepustila nekako mirne duše i to mi je bio znak da, ok, možda Bog ipak ima neki drugi plan, odnosno zove me na nešto drugo."
0:45:28,0:45:33,"I u početku stvarno nisam znala, baš je bilo taj neki mir, ali i upitnik."
0:45:34,0:45:36,Baš ono kad se samo baciš i nemaš pojma.
0:45:37,0:45:58,"I onda tek nakon godinu dana, zapravo i puno prije naravno, ali nakon godinu dana kad sam stvarno pogledala, ok, tamo smo, ako ćemo gledati samo tu jednu metriku Instagram, ajde da sad ne gledam sve, ali samo Instagram, jedna onako brojka koja je lagana za pregledat, tamo smo u godinu dana skupili 3000, ja sam tu u godinu dana imala 40.000 ljudi."
0:45:58,0:46:14,"I onda ako pomisliš, ok, ajde, ok, imalo je smisla, u tom trenutku je bilo čudno, bacaš se u nepoznato, ne možeš baš ljudima ni objasniti, kako sad objasniti da ti sa nekim mirom i čak guštom ideš iz početka, ali evo., odgovor na pitanje."
0:46:15,0:46:32,"Ja bih to odgovorio toj osobi da kad osjetiš mir, kad osjetiš neki miks mira, uzbuđenja i radosti kad razmišljaš o tome što ćeš raditi, pa čak i o poteškoćama koje ćeš uz put susresti."
0:46:32,0:46:35,"Da svejedno imaš uzbuđenje, da svejedno ti to predstavlja radost."
0:46:36,0:46:36,Da.
0:46:36,0:46:38,Misliš da nema neki apsolutni.
0:46:38,0:46:39,To sam sad sjetio na temu vjenčanja.
0:46:39,0:46:42,"Pa evo, pa slično i to."
0:46:42,0:46:43,Ali to ćemo malo kasnije o tome.
0:46:43,0:46:44,Slično i to.
0:46:44,0:46:47,I onda je tako krenulo da si krenula u ovaj podcast.
0:46:49,0:46:56,"I kraljevski si odradila ovih 50 epizoda kao prava kraljevička, molim lijepo."
0:46:57,0:47:02,"I sad si, možemo to sloveno reći, već postala influencerica."
0:47:03,0:47:04,"Jesi li ti influencerica, Iva?"
0:47:05,0:47:08,Vidiš li sebe kao katoličku influencericu?
0:47:09,0:47:10,Zašto to spominjem?
0:47:10,0:47:17,"Pa papa je bio imao susredu za katoličke influencere, digitalne misionare, on je to tako preimenovao."
0:47:18,0:47:19,Vidiš li se u toj skupini?
0:47:20,0:47:21,Jesi li pročitala dokument?
0:47:22,0:47:26,"Pročitala nisam, ali mi se jako sviđa taj izraz digitalni misionari."
0:47:26,0:47:30,"To je onako lijepo, to bi mi sjelo kao uopis profila bolje nego influencer."
0:47:31,0:47:43,"Ali da, da, pričala sam sa Don Tomom baš u prvoj epizodi druge sezone, znači sad evo prije godinu dana o tome, on je bio jedan od uzvanika, pozvanih na taj skup, apsolutno zasluženo."
0:47:43,0:48:01,"Pa smo malo popričali o tome da influenceri, taj izraz ponekad poprimi neku onako konotaciju, kako kod koga do duše, ali evo ja prva sam se opirala tome, ma nisam ja influencer, influenceri su oni što idu besplatno, da, da, da, to su oni koji besplatno idu po hotelima i stave dva storija."
0:48:01,0:48:02,što sam se isto jako.
0:48:03,0:48:22,"A propos onog kako smo brzi na osudama, evo i kako sam ja osuđivala te koji kao idu besplatno po hotelima, kao da je to nešto manje vrijedan posao, dok nisam, evo ove godine, moram se sad samu sebe baš posuditi pepelom, bila sam u hotelu, ja ponosna što sam ja to platila."
0:48:23,0:48:26,"I sretna mi je jednu influencericu, predragacu vrata."
0:48:26,0:48:31,"Tu smo popile kavu i ona meni kaže, kao muže s djecom na bazenu, ja sam tu poslom."
0:48:32,0:48:38,"I ona je bila zaposlena tih par dana, ona se nije s djecom baš nešto ni vidjela, ni kupala i tako dalje."
0:48:38,0:48:42,"Naravno da je to jedan lijep posao, ima i ljepših i manje ugodnih posla."
0:48:42,0:48:43,To se i zgleda kasnije na videu.
0:48:44,0:48:56,"Da, ali meni je to bila takva opomena da ja prva koja isto neke stvari uživam, ne možda na toj razini, ali isto uživam nekakve stvari, pa mi dođe neki paket, pa nešto od Selezijane, pa nešto ono."
0:48:56,0:49:16,"I evo ja osuđujem nekoga jer je kao u hotelu i ta njena izjava, ja sam tu poslom, me opomenula na više načina, kao prvo kako svaka čast za žena svoj posao tako ozbiljno shvaća i to sigurno i njeni suradnici i sponzor ili kako god već shvaćaju i zato je uspješna u tome tom poslu, a druga stvar da to je posao."
0:49:16,0:49:18,"Evo sad da se vratim na ovo, jesam li influencerica?"
0:49:19,0:49:28,"Iako jedno vrijeme ja sam kao to odbijala, jer isto sam živjela u toj nekoj kulturi gdje se na influencere malo gleda svi soka, totalno bez veze za razmišljanje."
0:49:28,0:49:32,"Pa mislim da smo svi donekle influenceri, kao što smo svi nekako misionari."
0:49:32,0:49:33,Sad jesmo li svi Đučujić?
0:49:33,0:49:35,"Da, jesmo li svi digitalni?"
0:49:35,0:49:35,Ne.
0:49:36,0:49:55,"Neko je misionar, odnosno influencer na poslu, u uredu, u župnoj zajednici, obiteljskoj kod sebe, doma, u široj obitelji itd., gdje god se kreće, a neko je digitalnoni, odnosno neko je na internetu i evo moram priznati da osjetim da jesam."
0:49:55,0:50:09,"Nadam se da to sad ne zvuči oholo, ali kad vidim neke poruke ljudi kojima je neka epizoda podcast-a zaista promijenila način razmišljanja, dovela ga nakon deset godina što nije bio na misi i otišao je na misu, ispovjedio se nakon petnaest godina."
0:50:10,0:50:22,"Jedna žena znači ja to, to je ono, za sad meni je nenadomašno kad je jedna žena rekla da je nakon, dotošen njena jedna poznanica ili prijateljica, nakon epizode jedne je odlučila zadržati trudnoću."
0:50:23,0:50:24,Znači ono.
0:50:24,0:50:36,"Ja znam da ima ljudi koji spašavaju više života, ali meni je to bilo ono, wow, je li to moguće da je moj posao toliko mene nadešao?"
0:50:37,0:50:40,"I je li to, a neki moj utjecaj na neki način je?"
0:50:40,0:50:41,Pa to je činjenica.
0:50:41,0:50:47,"Ja ne bih rekao da je to sad stvar za neku pohvalu, nego to je ono što brojevi govore."
0:50:47,0:50:48,To je ono što brojevi govore.
0:50:49,0:51:01,"Dakle, ono što, slažem se s tim širim definicijom, svi smo mi utjecajnici, na neki način utječem na obitelj, utječem na susjede i moram biti svjestan toga da utječem jer moram paziti više."
0:51:01,0:51:04,"Pazite, više kako se ponašam kad sam svjestan toga da sam utjecajnik."
0:51:04,0:51:15,"Ali, dobro, uža definicija bi bila ta da su to oni koji ciljano kreiraju, stvaraju digitalni sadržaj s ciljem navještanja evanđelja."
0:51:16,0:51:19,Rekao bih da tvoj podcast to radi nenametljivo.
0:51:19,0:51:36,"Ti ne ideš možda sa primarnim ciljem, nego to je više nešto što se dogodi jer je to dio tebe kao osobe i mi svi kršćani koji jesmo kršćani, gdje god bili, bismo trebali biti misionari što kažeš, tako da to je živa istina."
0:51:37,0:51:39,"Ali evo, ti nenametljivo evangeliziraš."
0:51:39,0:52:06,"Ja nekako volim vjerovati da i mi, božansena komedija, nenametljivo evangeliziramo, navještavamo evangelije jer nam je nekako primarni cilj nije sad ja ću egzegezu nekog teksta raditi ili ne znam baš pozivati direktno, ali nekad možda smo direktni, nekad manje direktni, ali evo i mi upadamo možda u tu kategoriju i ako ne radimo ozbiljno kao ti, mi se to u slobodno vrijeme nađemo."
0:52:06,0:52:11,"Tako da, evo, ti si utjecajnica svakako, svakako moraš biti toga svjesna."
0:52:12,0:52:27,"A kasnije ćemo malo vidjeti koja to sve pitanja dobivaš, jer utjecajnik ima i svoj teret, svoju prtljagu koju onda dobije sa tim svojim utjecajem, a to je onda da ljudi pomisle da je stručnjak za sve i svašta."
0:52:29,0:52:51,"Kad si krenila u ovaj podcast, ti nisi sedam puta trebala fejlat, ti si već i iz druge uspjela, ali na što si posebno pazila na početku, što ti je bilo važno još prije da odmah postavim visok standard."
0:52:52,0:53:02,"Jer mislim da je prošlo vrijeme od onoga kad prije su savjetovali ako se dvomiš trebaš li objavljivati nešto na društvenim mrežama, na YouTube, bilo gdje, samo kreni."
0:53:03,0:53:38,"Iskreno mislim da je prošlo vrijeme toga, samo kreni pa kako god, OK, da se vratim na svoj savjet od prije, samo kreni, da, ali ipak ponudi neku kvalitetu, nemoj vidi jesi li uopće za to u što ideš, a onda daj sve od sebe da to ipak, barim je meni bilo, da to ipak bude na nekom nivou, ne samo radi mene same, nego da taj takav podcast sa takvim temama koje su specifične i da se ne lažemo i ono graniče sa jednim vjerskim podcastom, budimo realni, da ipak bude i da privuče i kvalitetom."
0:53:39,0:53:49,"Jer netko će poslušati, ne znam, Marina Periša kako priča, pa makar i zvuk bio loš, makar i jer te obožava jer zna da ćeš ponuditi nešto pametno, da neko dobro misli."
0:53:50,0:53:57,"Ali netko tko možda te ne poznaje ili mu te teme nisu prebliske, možda će ga ta kvaliteta zadržati."
0:53:58,0:54:00,Zato mi je bilo jako bitno u početku da ta kvaliteta bude.
0:54:00,0:54:02,Bude što je moguće bolja.
0:54:03,0:54:08,"Iako uvjeti nisu bili najbolji, bila sam u najmu u studiju koji u tom trenutku bio u garaži."
0:54:08,0:54:20,"Ta kulisa, to je bilo, na kameri je ispalo super jer ekipa koja mi je radila su profesionalci pa oni to na kraju izvedu u nekoj čaroliji u toj postprodukciji da to izgleda super."
0:54:21,0:54:37,"Ali mi smo zapravo bili u garaži, to je bila jedna, to je bila zavijesa i to je to zavijesa, stol koji je, ja mislim, bio prije u toj garaži, kasnije sam ja donijela svoj stol, moje stolice iz moje blagomaonice, moje zavijese, ja sam donijela svoje zavijese.."
0:54:38,0:54:40,"Ja sam bila bez zavjesa neko vrijeme, kuća."
0:54:41,0:54:44,"To je bilo sve ono, tako reći, sklepano."
0:54:44,0:54:50,"Ali mi je bilo bitno da ne izgleda na kraju sklepano, nego da to bude koliko može biti profesionalno."
0:54:51,0:55:01,"Pa makar to značilo da iz našeg obiteljskog budžeta ide jedna požrtvovna, jedna svota, ali mi je bilo bitno da to iziđe odmah i da su odmah gosti dobri."
0:55:02,0:55:12,"Prva epizoda Mirela Brekalo Popović, gospođa Čutura sa toliko snažnim svjedočanstvom, Matej Čuljak itd."
0:55:14,0:55:25,"Neki su u javnosti naravno poznati, neki manje poznati, ali već sam rekao, jako mi je zanimljivo kombiniraš i ove malo poznatije i ove malo manje poznate goste."
0:55:25,0:55:32,"Sad vidio sam neko pitanje kao gledaš li više teme ili goste, znači kako biraš."
0:55:33,0:55:34,Ali to vjerujem da ovisi.
0:55:34,0:55:37,Pa pokušavam sadržati od te neke kombinacije.
0:55:37,0:55:38,Ne sad nužno matematički.
0:55:39,0:55:51,"U idućih deset epizoda mora imati naš pet muških, ali opet da neki balans postoji, da za svakog ima po nešto, jer evo ispada iako sam krenula s mišljenju da ću biti za mlade cure."
0:55:51,0:56:01,"I dalje mi je ta populacija jako, jako interesantna i mislim da zaslužuju puno više sadržaja za sebe jer su jako osjetljiva skupina i je meni trebalo u tim godinama."
0:56:02,0:56:08,"Ali evo, gledajući svoju statistiku, publika mi je od 17 do 65."
0:56:08,0:56:18,"Tako da ono pokušavam i tu isto pokriti, znaš, od trudnoće do menopauze, a isto tako i muškima i očevima itd."
0:56:20,0:56:33,"Dobro, da se vratim kratko još na ovo, zato što ljudima to dosta izgleda jednostavno, jer ljudi su sjeli pred kamerom i pričaju, ali ovaj dio koliko je tu zapravo posla prije treba nekad istaknuti."
0:56:33,0:56:42,"Zato što to je onog zabilje sa stoom našu čaša, možemo odmah spomenuti i kafe Brazil."
0:56:42,0:56:43,"Da, da."
0:56:43,0:56:51,"Taj isto jedan detalj, vi to jedva vidite tu, ali evo, Iva se potrudila da dobije i sponzora, ovo je jedan od sponzora današnje emisije."
0:56:52,0:57:00,"Tako da recimo ovo, pa sad je li ova lampa uključena, nije, je li ova trauka tu ovako stoji ili ne."
0:57:01,0:57:15,"Sve ono što na kraju njima izgleda ugodno, zahtijevalo je neko razmišljanje prije toga, pa je, evo, s tim, vjerojatno, ženama je to puno, puno važnije, ali važnije je i nama, muškarcima, jer želimo da nas ljudi gledaju."
0:57:15,0:57:25,"Mene je malo danas, ambrožija je odredila moj stav i oputovo ova glava, jer moram se više moliti s svetom Ambrožijom."
0:57:25,0:57:28,Ali puno je tu posla iza kamere.
0:57:28,0:57:33,"Da, da, ovo je vrh Santa Leda, ovo je najslatki dio na kraju, naravno."
0:57:33,0:57:40,"Ali to ti je, opet mi je počeo na vinčanje, godinu dana plan planiraš to vjenčanje da bi na kraju to prošlo jednom danu i izgledalo kao."
0:57:40,0:57:41,"O, od tih sa dva."
0:57:41,0:57:42,Sa dva super.
0:57:42,0:57:43,Kako kultura izgleda.
0:57:43,0:57:58,"Da, ali ima tu jako puno pripreme i evo, Bogu hvala više nije samo izdatak nego može se to i monetizirati, može se od toga i ne baš prehraniti cijela obitelj."
0:57:59,0:58:05,"Ali, meni kao neki čovek parat za shopping super, zahvaljujući sponzorima i Brazil kao."
0:58:05,0:58:11,"Ja uvijek volim istaknuti tko su mi sponzori, ne samo zato što mi je to na neki način i."
0:58:13,0:58:19,"Moja dužnost, nego to znači da su to tvrtke koje podržavaju ovakve teme i ovakav sadržaj."
0:58:20,0:58:25,"A tu isto, kad si onako malo u nekoj specifičnoj niši, si ograničen."
0:58:25,0:58:36,"Tako da, uvijek kad netko poželi javiti se da podrži podcast, mislim da i publika drugačije automatski gledaju na te brendove i na ljude koji su iza tih firma."
0:58:37,0:58:40,Bilo ih je baš izredalo razno raznih ovih 50 epizoda.
0:58:42,0:58:47,"Pa evo, malo prolistajte koje sve podržava podcast u zadnjih 50 epizoda i podržimo i takve firme."
0:58:48,0:58:49,Ko je bilo pitanje?
0:58:49,0:58:51,Što se sve nalazi iza?
0:58:52,0:58:56,"Ajmo, meni pa od pripreme do, ne moram tebi objašnjavati, ali evo neko ko možda ne zna."
0:58:57,0:59:03,"Pa svaki, ja se uvijek šalim sa svojima i oni to već i znaju, svaka epizoda je meni kao ispit."
0:59:04,0:59:06,"Ono, pripremaš se jednostavno."
0:59:07,0:59:11,Jednostavno ne mogu to drugačije opisati kao ispit jer ti se puno prije pripremaš za tu temu.
0:59:12,0:59:23,"Prvo dok dogovoriš sve, tehnički, ono može li Emanuel, može li gost taj dan, može li imamo li sponzora, nekad i nemamo sponzora, nema veze, nekad imamo dva, tri."
0:59:24,0:59:29,"I taj tehnički dio dogovorimo, šminka, frizura, ok."
0:59:30,0:59:33,I onda tek ide učenje sadržaja.
0:59:33,0:59:40,"Mislim, ponekad manje, pogotovo ako netko dolazi ispričati svoje svjedočanstva, evo primjerice Manuela Zelič."
0:59:40,0:59:45,"Kad je bila pričala svoju priču, tu naravno ja sam tu da joj dam priliku da ju saslušam."
0:59:45,0:59:59,"S druge strane, neke teme zaista iziskuju da ja dođem pripremljena, ali bez obzira na čak i na količinu pripreme, opet taj dan kad dođe, to je jedna posebna, kao kada izaziš na pozornicu pred masu ljudi, a ovo je, budimo realni, iako je samo sad tu četiri kamere oko nas."
1:00:00,1:00:01,Sa ljudima zapravo.
1:00:02,1:00:05,"Tako da to je jedna jako, jako pozitivna trema, uzbuđenje."
1:00:06,1:00:14,"Kao da ideš na jedan ispit za koji si dobro učio, dobro si ga pripremio i vjerojatno ćeš dobiti dobru ocjenu, pa se i veseliš."
1:00:14,1:00:23,"Ali opet ono naš, bitno ti je, bitno ti je da zamoliš i muža i djecu da taj dan malo tiše dišu, da me puste i oni to već znaju."
1:00:25,1:00:28,I onda na kraju iziđe epizoda i to izgleda tako sve lako.
1:00:28,1:00:30,"I kad izgleda lako, znači da je bilo jako uspešno."
1:00:30,1:00:34,"To treba, mislim, u tih sati po dva, to je to kao u našem novom životu."
1:00:34,1:00:35,To je to.
1:00:36,1:00:36,Taj dio je.
1:00:37,1:00:38,Meni nikad nije zomažilo.
1:00:38,1:00:45,"Ozbiljno, taj te dio malo drži na vatrici."
1:00:45,1:00:46,"Ali dobro, predstavljaj."
1:00:46,1:00:52,A koliko su tvoji gosti dosta oblikovali to u emisiju?
1:00:52,1:00:57,"Znači, tipa ne znam, došla si i imala si jednu ideju, možda si napravila popis od prvih 5-6 gostiju."
1:00:58,1:01:06,"A je li ti nekad tvoj gost dao neku novu ideju, otvorio neki novi vidik da pozoveš nekog drugog gosta?"
1:01:07,1:01:18,"Moguće je više samo konkretno sjetiti, ali da, mislim, pogotovo mi mi smo mali narod, to ti je našo, uvijek ide po nekoj preporuci sad već."
1:01:19,1:01:26,"Tako da oni su svakako, pogotovo te prve epizode su oblikovale uopće na šta će ići taj podcast."
1:01:26,1:01:39,"Da će to biti jedna onako poprilično ozbiljna forma gdje se razgovaramo onako kao pametno, kao što vi imate u svojoj poželosnoj komediji onako više opušteni i džir, jer ste i vi takvi."
1:01:40,1:01:45,"Dakle, da, to ti baš oblikuje, to ti zada neku dinamiku, ne mogu ja tu puno."
1:01:45,1:01:49,Pogotovo jer i ja jesam pristala i zamislila.
1:01:49,1:01:55,"to kao jedan podcast u kojem sam ja, manje bitno, ajmo tako reći."
1:01:56,1:02:01,"Ja sam tu dao priliku, mikrofon i slušam."
1:02:01,1:02:07,"Ali dobro, daš ti sebe, daš ti jako vrijedan doprinos i svoj."
1:02:08,1:02:15,"Ja mislim čak, nekima možda to smeta, ne znam, ali meni je to jedna osobitost svog podcasta."
1:02:15,1:02:20,Tako da imaš često i neki svoj komentar na ono što čuješ.
1:02:22,1:02:24,"Nije baš da, ajmo reći, samo si."
1:02:25,1:02:32,"Samo nastojiš dobiti najbolji odgovor od gosta, nego nastojiš stvarno to, kao kava, doslovno, takva je neka vibracija, kako bi rekli."
1:02:33,1:02:34,"Da, ali dobro, to vam je mijeću s druge strane."
1:02:35,1:02:51,"To je dobra stvar, a recimo, sigurno se dogodilo da su ti gosti neki, da su možda i utjecali na tebe, ne samo na tvoj podcast, nego možda nekom idejom, nekom pričom, nekim iskustvom da su i tebi otvorili oči."
1:02:52,1:02:52,Apsolutno.
1:02:52,1:03:01,"Evo, naprimjer, jedna od prvih epizoda, a vrlo brzo je i dugo držala prvo mjesto u gledanosti sa sestrom Zrinkom šutalo."
1:03:01,1:03:05,Ona je nekako čak neke moje osobne predrasude o časnim sestrama razbila.
1:03:05,1:03:26,"Ja nisam odrastala sa časnim sestrama u mojoj župi nikad nije bilo časnih sestara i isto sam imala jednu određenu, ne negativnu, ne daj Bože, sliku, ali jednu predrasudu da su to najčešće malo uštogljenije žene koje su tako rođene da budu časne sestre."
1:03:27,1:03:31,Od malena su to htjele i tako su u nekim postavkama mirne.
1:03:31,1:03:36,"I onda ono, poznaješ jednu sestru s rinku i totalno onako."
1:03:36,1:03:51,"I dobila sam puno poruka nakon te epizode od časnih sestara koje su mi pisale: hvala ti što si nas prikazala da smo mi normalne, opuštene, zaigrane, leprševe, isto, ima nas raznih."
1:03:52,1:03:54,"Tako da evo, to je meni napisano."
1:03:54,1:03:56,Neka se javi neka djevojka koja je dobila poziv možda.
1:03:57,1:03:58,"Da, da, da."
1:03:58,1:04:00,"U epizodi tko zna, mora vidjeti statistiku tamo."
1:04:00,1:04:01,"Tko zna, tko zna."
1:04:02,1:04:02,"Znači, iz Rinka?"
1:04:04,1:04:06,"Mislim, sad teško mi je izvoditi stvarno sezonu."
1:04:07,1:04:13,"Pa evo, spomenula sam i već Manuela Zelić, osjećaš se toliko malen u vjeri, na primjer."
1:04:13,1:04:16,"Jer, naprimjer, kad vidiš ljude koji ili Draženka čutura."
1:04:17,1:04:32,"Evo, Mati Čujak mi je bio dva puta, on je totalno, ja mislim i privatno druživo i jednostavno, u jednom trenutku nisam mogla više odoliti i rekla sam daj dođi opet u podcast, onaj nađemo već neku temu, on je toliko slušljiv i zanimljiv i opušten i ono opet."
1:04:33,1:04:35,A zašto vam je kamerman iza kamere zove Mati?
1:04:35,1:04:37,"Jednostavno, toga pitanje."
1:04:37,1:04:39,Moguće imate sličnosti neke u karakteru.
1:04:40,1:04:49,"Naprimjer, evo Bibila Zanja, onolik koji čak me je zanadio što je uopće pristao biti gostom podcasta jer je to bilo isto među prvim epizodama."
1:04:50,1:04:52,Ja sam ga čak pitala kao i to.
1:04:52,1:04:59,"Njegov jedini uvjet je bio, ajde, molim te, dođi ti u Istru, da ja ne moram dolaziti u Zagreb jer ako može, ako je to jedini uvjet, evo palim auto dolazimo."
1:05:00,1:05:13,"On je nas je ugostio u svojoj kući, znači isto se potrudio i dok smo mi snimali, njegova žena je kuhala, poslije toga smo zajedno ručali, baš jedno posebno iskustvo, pogotovo kao jedan friški podcaster, baš mi to puno značilo."
1:05:13,1:05:16,Ja sam ga čak na ulazu pitala kako to da si pristao.
1:05:17,1:05:18,On je rekao moramo se držati skupa.
1:05:19,1:05:23,To mi je bilo super i naučio me jednu istu lekciju u samim početcima.
1:05:26,1:05:33,"Evo, to meni ne služi na čast, ali je to dio isto rasta, jedna lekcija."
1:05:33,1:05:40,"On je bio nešto rekao u razgovoru, možda neku mrlju, grublju riječ kad je opisivao nešto i onda se odmah ispravio."
1:05:40,1:05:46,"Tipa nije rekao, banalno sad izmišljam, nije rekao mrzim, nego nakon toga je rekao, manje da mrzim, nego ne volim."
1:05:46,1:05:47,"Dakle, malo se ispravio."
1:05:48,1:05:52,"I u kontekstu kad slušaš cijelu epizodu, jasno ti je."
1:05:52,1:05:56,Ali ja sam tada još malo friška i željna naš brojki.
1:05:57,1:05:59,Ja sam tu grublju riječ stavila u teaser.
1:06:00,1:06:06,"I onda me on zamolio, gled, ono, mislim, nažalost sam se ispravio i nema smisla."
1:06:06,1:06:11,"Ja sam to onako, znaš, upao u panici i obristala, da, da, da, popravit ćemo, popravit ćemo."
1:06:11,1:06:16,"I poslije sam mu rekla ono, gled, tenk, baš mi je trebalo da me neko u samom startu podsjeti šta je bitno."
1:06:17,1:06:27,"Znači, bitan je taj odnos, da smo mi na kraju i dalje friendli, da se čujemo, da, ne daj Bože da sam te iskoristila radi dva, tri laika više ili, znaš, ono."
1:06:28,1:06:35,"I dobro da je to došlo u početku, jer od tada, ne znam kako evo, drugi rade, ali ja se čak i oko naslova dogovorim s gostom."
1:06:36,1:06:39,Pitam hoćete li pogledati unaprijed.
1:06:40,1:06:44,Nije mi baš shvatila da vam nije to poanta da sad mi izvučemo nekakvu poruku.
1:06:44,1:06:45,To je baš zanimljivo.
1:06:45,1:06:53,"Zato što vidiš, već ti ljudi traže što govoriš da te neki napadnu."
1:06:54,1:06:56,O onog što si stvarno rekao.
1:06:57,1:07:01,"Ali kad te napadnu, onog što nisi stvarno rekao, evo vjerujem da je tu bilo njemu."
1:07:02,1:07:04,To stvarno nisam htio reći.
1:07:04,1:07:06,"A sad da me oko toga napadaju, to mi je apsolutno."
1:07:07,1:07:08,To je baš jedna od mogućnosti.
1:07:08,1:07:09,I to je bilo baš dobro.
1:07:09,1:07:16,"Našom, kad nešto dugo pamtiš, on mi je tada rekao, nije mi problem da me progone zbog istine, ali ne želim da me muče zbog nesporazuma."
1:07:16,1:07:18,"Evo, i toga se često sjetim."
1:07:18,1:07:26,"Baš onako, koliko god je ono ono ono na stageu i ono otkačeno i u elementu, privatno je u razgovoru ako baš mudar dečko."
1:07:26,1:07:36,"Mislim da smo mi generacija tu negdje, ali iznenadila sam se koliko promišlja dok sriče te misli, da sve bude lijepo izraženo onako kako misli."
1:07:36,1:07:48,"Vidi se da je i iskusniji, da je prošao to sitoj rešetko što se tiče novinarskih naslova i svega, pa možda puše i na hladno i to mi je rekao, sorry, možda sam malo, možda tražim previše, ali pušem na hladno, ja sam rekla apsolutno razumijem."
1:07:48,1:07:56,"Iako tada nisam razumjela, bilo mi je, daj, ono, jer ja sa svojih sto pratitelja jednostavno nisam znala kako je biti u toj koži."
1:07:57,1:08:01,Sada mi je jasno da bolje možda ispeći pa reći jer ne vrijedi baš to što je on rekao.
1:08:02,1:08:10,"Radi istine i radi nekih svojih nepokolebljivih stavova, borit ću se ono ako treba platiti životom, ali radi nesporazuma stvarno ne vrijedi."
1:08:10,1:08:12,"Ali lijepo je to iskomuniciralo, mislim stvarno pohvalno."
1:08:14,1:08:16,"I čuli smo se nedavno, rekao je da u teretani sluša moj podcast."
1:08:17,1:08:18,"Ja sam rekla, ovaj je dobro, znači."
1:08:19,1:08:20,"Odra, evo ako slušaš, baby."
1:08:21,1:08:27,"Ja sam rekla, joj je super da si mi nisi uzeo za zlo., on me uvjerava da se ne može sjetiti o čemu se radi."
1:08:28,1:08:30,"Ali samo ne ovo, žalostnu komediju ne propusti."
1:08:31,1:08:32,"Sigurno, praćenje se."
1:08:33,1:08:42,"Dobro, a recimo, je li, znamo ono rekli smo već da isplaniraš, ono se potrudiš pripremiti za podcast, ali nekad stvari odu u neplaniranom smjeru."
1:08:43,1:08:47,U kojem podcastu su nekako stvari otišle u sasvim neželjenom smjeru ili bilo takvom?
1:08:47,1:08:49,"Pa da mi na pamet jedan, dva."
1:08:50,1:08:50,"Znači, bilo."
1:08:51,1:08:52,"Ha, mislim, budeti."
1:08:54,1:08:59,"To što smo spomenuli, jedino nezgodno kod podcasta je što ti imaš tih sati povremena."
1:08:59,1:09:01,Nije to da si ti naš.
1:09:01,1:09:06,"Svaki dan si u predstavi pa danas ćeš improvizirati ovako, sutra onako, a danas ti je palo riječ."
1:09:06,1:09:08,Ja sam ti u autu sasjetio i išao na par pitanja.
1:09:09,1:09:20,"To mi je rekla Marijana Mikulić da jednom je malo nešto zatrokirala, pa je malo izmijenila, sutra će popraviti kako stalno igra svoju predstavu, pa je to možda malo lakše."
1:09:20,1:09:30,"A u posljednjem času imaš tih sati po i ako se ne poklopi, ako se dogodi neki nesporazum, jer eto ta osoba preko puta tebe je možda imala to jutro nešto."
1:09:30,1:09:33,"Jednostavno, evo, imao sam takav slučaj sa Ireno Morlović."
1:09:33,1:09:36,"Znači, obožavam njen lik i djelo."
1:09:36,1:09:40,i poslije smo mi to naravno izgledali jer je baš bio nesporazum.
1:09:41,1:09:44,Pričale smo o djeci općenito i tako dalje.
1:09:44,1:09:50,Ja sam rekla da vidim u zadnje vrijeme naslove koji kao da propagiraju život bez djece.
1:09:50,1:09:52,Meni se u tom trenutku tako činilo.
1:09:53,1:09:58,"Mislim i dalje stojim iza toga da često vidim naslov, našao to su oni glupi neki članci."
1:09:58,1:10:03,Znanstvenici su ustanovili da ljudi bez djece dulje žive ili sretniji.
1:10:03,1:10:12,"I sad sam to prokomentirala u smislu, OK, da, možda ti je lagodnije spavati subote do podne jer te nitko ne bude tijekom noći itd."
1:10:12,1:10:14,"Ali, je li to smisleniji život?"
1:10:16,1:10:25,"Moje misli su išle u tom smjeru da djeca, iako su nekad i zahtjevna i žrtva itd., opet daju ti tu neku radost."
1:10:25,1:10:30,"Međutim, njoj nisam otišla na ljude koji žive bez djece jer ne mogu imati djece."
1:10:31,1:10:36,"I naravno, gledajući tako, ja sam automatski povrijedila te ljude, rekavši da je njihov život besmislen."
1:10:36,1:10:38,Što mi naravno nije bila namjera.
1:10:38,1:10:41,"Jednostavno, moj tok misli je išao u drugom smjeru."
1:10:42,1:10:48,"I osjetila se neka promjena malo u dinamici i taj nesporazum je baš malo kao uzdrmao, ajmo reći."
1:10:48,1:11:04,"Ovaj moramo reći, taj razgovor što meni nije bilo jasno, tek kasnije kada smo se mi čule, smo shvatile zapravo gdje je se dogodio taj jedan mali razlaz u dinamici i izgledalo je taj nesporazum, naravno."
1:11:04,1:11:13,"Ali, kažem, nekad ti je tako sitno nešto dovoljno da, ili, na primjer, snimanje sa Antonijem Agostinijem, on je doveo svog psa na vrh."
1:11:13,1:11:15,"To mi je izgledalo baš zanimljivo, moram priznati."
1:11:15,1:11:16,"On je doveo, to bi bilo malo drugčije."
1:11:17,1:11:23,"On je rekao, može li doći moj psić, on je mali, on će spavati, a ono kao pa, dobro, ako je to uvijek, ok."
1:11:24,1:11:38,Ali bilo je baš zahtjevno pratiti i konverzaciju sa jednim umjetnikom koji ponekad dode u neke dubine misa one koje ti moraš baš koncentrirano pratiti.
1:11:40,1:11:45,"A s druge strane pratiš drugim okom psa koji se vrti više koliko tu ima kablova, stalaka i svega."
1:11:46,1:11:51,"Uf, tu sam se preznojila baš radi toga, samo da nam nešto ne poruši, samo da ne krene lajati."
1:11:51,1:11:53,Pa onda pas skoči mene na ukrilo.
1:11:53,1:11:55,"Ja nemam psa, ja nisam toliko franjica."
1:11:55,1:11:59,"Sladak je jako pas i da se razumijemo, ali što da radim sada?"
1:11:59,1:12:01,Izazov bi bio i različno.
1:12:01,1:12:01,Bilo je baš izazovno.
1:12:02,1:12:14,"Dobro, evo u ovom prvom dijelu više sam htio malo da se dotaknemo tebe i tvojih početaka, podcasta, nekako tvojih razmišljanja u svemu tome, tvojih borbi, muka, malo više o tom karakteru."
1:12:15,1:12:21,"Već smo sad ušli u temu konkretno podcasta, ali evo više u tom nekom ključu tebe i tvoje osobnosti."
1:12:21,1:12:25,"Ali evo još možda par pitanja tu, jer sam vidio da ljude zanima."
1:12:25,1:12:29,"Kako je Iva van kamere, osim što je povremeni introvert?"
1:12:32,1:12:37,"Van kamere, pono normalna osoba, nisam razmišljao o tom pitanju."
1:12:37,1:12:38,pitanju ili odgovoru.
1:12:40,1:12:42,"Pa mislim, ja sam zapravo na prvom mjestu ono."
1:12:43,1:12:45,"Kaže, ovako piše jedno pitanje koje su ti postavili."
1:12:46,1:12:47,Najteži dio Ive.
1:12:48,1:12:49,Najteži dio Ive.
1:12:49,1:12:51,Trenutno ovaj trobuh.
1:12:53,1:12:58,"Ma mislim, ja sam privatno, ne mogu reći da je ovo meni samo posao."
1:12:58,1:13:00,Ovo je stvarno baš se prožima s mojim životom full.
1:13:00,1:13:09,"Svatko zapravo ko ima neka privatan biznis koji je, ono, si sprepliče sa svakodnevicom, zna kako je."
1:13:09,1:13:18,"A kad tome još dodaš posao koji ti je više poziv nego posao, znači ne mogu reći ovo je meni, eto, odradim snimanje, a zapravo sam ja kući nešto drugo."
1:13:19,1:13:24,Moji Ivanovi razgovori vrlo često se otiču upravo podcasta.
1:13:26,1:13:32,"Ali opet sam ja na prvom mjestu, supruga, majka, dijete svojih roditelja, sestra, svome bratu i sestrama."
1:13:35,1:13:40,"Ne mogu reći da je ovo što ljudi vide na kameri, da sam to ja u potpunosti."
1:13:42,1:13:58,"Osim muža, naravno, preposlana je on glavni komentator i nekih savjetnika, ali uz njega, ajmo reći koje osobe ti ne ti nekako najviše pomažu s nekim, mamo reći, dobronamjernim kritikama, savjetima?"
1:13:59,1:14:02,Pa kritiku mi se jedini zapravo usudi muž dat.
1:14:04,1:14:04,I hateri.
1:14:05,1:14:10,"Ui, hateri, Bog ih blagoslovio jer inače bi ja već bi mije go parao gore oblake."
1:14:12,1:14:19,"On mi daje onako konstruktivnu kritiku, pa čak i sestre, sjećam se, jednom sam dobila komentar da malo su visoka, kao da dociram."
1:14:20,1:14:22,"Onako uvjereno, ma dajmo, nije moguće."
1:14:22,1:14:24,"Mislim, zato što je to ponekad moj način izražavanja."
1:14:25,1:14:26,onako britko.
1:14:26,1:14:37,"I onda sam shvatila, OK, što je više ljudi tu oko tebe, ne možeš ti samo tako britko, moraš nekad objasniti, ne možeš svako čitati misli, ne zna svako tvoj način, humor itd."
1:14:38,1:14:41,Možeš nekad dodati neki kontekst kako si došla do nekog zaključka.
1:14:43,1:14:51,"Ali, kad sam dobila taj neki komentar, ja dođem k sester na kavu i misliš, imagini što je meni taj i taj napisala."
1:14:52,1:14:55,"I meni sestra kaže, pa glavno, ponekad da, djeluješ malo svisoka."
1:14:56,1:15:00,"Tako da dobro je da imam ljude koji su iskreni, koji nije samo da me tapšu."
1:15:01,1:15:14,"S druge strane, evo jutro moja prijateljica Sofija mi je poslala mali naš poguranac kako je dobila neke super komentare, malo da me podigne prije ovog snimanja."
1:15:15,1:15:19,"Ali kažem, tu su prijatelji, sestre, brat, muž."
1:15:20,1:15:30,"Jednom si negdje napisala ili izjavila, pa je netko to zapisao, kao neki savjet, zanimljiv mi je bio, jako, kao kruži se s pet osoba čiji spoj želiš biti."
1:15:30,1:15:37,"I ne znam, mislim da si rekla da je jedna od tih osoba Charlie Kirk i evo mi sad snimamo ovaj."
1:15:37,1:15:40,Snimamo ovoj emisiji u blizini godišnjice otkada je Charlie ubijen.
1:15:41,1:15:42,Ali zašto baš Charlie Kirk?
1:15:44,1:15:45,Jer spominjala si sad Britak.
1:15:45,1:15:48,"Da, da, da, on je isto bio baš Britak."
1:15:48,1:15:55,"Evo, mislim da ova epizoda će izići koji dan kasnije, ali evo baš je danas godišnjica o njegovoj smrti."
1:15:59,1:16:01,Ne mogu ti baš objasniti zašto.
1:16:02,1:16:07,"Jednostavno neki ljudi privuku svojom karizmom, svojim načinom."
1:16:08,1:16:12,"Ono, baš mi se jako, jako sviđalo način na koji on govori."
1:16:13,1:16:30,"jer nikad se snalazi u tim odgovorima, nikad nije kompromitirao neke svoje stavove, ali opet u svemu tome je znao kako to, neću reći kako ću pakirati, nego kako oblikovati tu neki asertivan odgovor."
1:16:32,1:16:40,"Budući da se on obraćao studentima, ti odgovori njegovi i govori općenito su bili vrlo pitki, vrlo jasni, jednostavni."
1:16:41,1:16:42,Opet ono u srž.
1:16:44,1:16:49,"Ne znam, jednostavno mi se baš, baš sviđalo i ono baš me jako pogodilo to."
1:16:50,1:16:51,kad je ubijen.
1:16:51,1:16:59,"Jednom me, jednom prilikom je baš jedan, imao sam priliku upoznati ili dečka koji je poznavao Charlieja Krka."
1:16:59,1:17:11,"Jer sam bila pozvana na jednu, ha ne znam zašto je to bio kao nekakav skup ljudi povodom, nešto internacionalno, ali bilo povodom sjećanja na Charlieja Krka, pa su mene pozvali."
1:17:13,1:17:18,"I evo, tu sam se čak i družila s ljudima koji su bili dio te njegove organizacije."
1:17:18,1:17:22,"Mislim da ovo danas više nije ono što je on živio kroz tu organizaciju, to je sad nešto drugo."
1:17:24,1:17:31,"I on me onako pitao usud, malo smo pričali o Charlieu Krku pa me pitao malo o mom podcastu kad si ga pokrenula."
1:17:32,1:17:41,"Ja onako vrtim, vrtim jer točno imam sliku sa prvog snimanja i vidim da smo snimali na njegov rođendan, je bilo prvo snimanje."
1:17:42,1:17:44,Neke sitnice su čak i poklopile.
1:17:44,1:17:45,"Da, čaroslike."
1:17:46,1:17:49,"Da, ne znam, jednostavno baš mi je bio jako drag."
1:17:49,1:18:01,"Znači, nekad ne možeš ni skroz objasniti, ne mogu reći da sam se sa apsolutno svakim njegovim stavom složila sto posto, ali generalno mislim da je dobar uzor kad smo kod."
1:18:01,1:18:33,"tog nekog promicanja svojih vrijednosti, obraćanja javnosti, bio je i umjeren, mlad, moje godište, ne znam, sve u svemu, baš ona jedna figura koju ćemo pamtiti i mislim da, evo da nije nažalost tako tragično skočio tako mlad, mislim da bismo ono i tekako svi još čuli za njega jer on je tek bio u nekom zanosu, a evo toliko je već promijenio, ajsi ne znam, previše reći promijenio povijest, ali ostavio je jedan trag."
1:18:33,1:18:34,"Da, ostavio je trag, da."
1:18:34,1:18:37,"Dobro, zanimljiva svakako osoba, ja sam ga poznavao."
1:18:37,1:18:39,nešto više nakon što je ubijen.
1:18:39,1:18:45,Nisam više što nisam stigao nego što takvi sadržaj mi obično nađu.
1:18:46,1:18:52,"Iskoće mi, ali evo jednostavno s četvero mali djece ne možeš uvijek popratiti sve što želiš."
1:18:52,1:18:57,Ali svakako zanimljiva osoba i ono možda više karakterno mi paše te.
1:18:57,1:19:03,"Kao bih rekao u smislu on je isto britak otvoren, ne boji se ući u neki razgovor, reći svoje mišljenje."
1:19:04,1:19:05,Dosta onako.
1:19:05,1:19:14,"A budući da on govorio na kampusima, meni bi znalo nekad kad sam slušala njega pa sam na pamet da ja odem na svoj filozofski ovako., bilo bi se to moglo."
1:19:14,1:19:15,Bili preživjela.
1:19:15,1:19:16,"Da, da."
1:19:16,1:19:24,"Ali evo, što je najgore, ja, baš dok sam gledao te njegove videe, često bi mi znala prostorirati ono mislima, Bože, dragi, je li to sigurno?"
1:19:24,1:19:25,"Je li to, znaš, ono."
1:19:25,1:19:40,"I baš, evo, još jedna od slučajnosti na dan kad je on ubijen, to je bila večer prije izlaska moje epizode sa Don Tomom, to je znači baš bilo pretpočetak druge sezone, logično, evo, prije točno godinu dana."
1:19:40,1:20:03,"I mene je to toliko uzrmalo da sam se ja javila Don Tomi i ono nije mi dobro čujeće što je moguće što događa i Don Tomo je isto, mi smo svi troje generacijeacija i svi nekako javno djelujemo na višoj ili nekoj nižoj razini, ali baš me to pogodilo u smislu je li moguće da ti stvarno si platio životom to što promičeš neke svoje vrijednosti, znači boriš se mikrofonom, ništa drugo."
1:20:04,1:20:12,"I znam da mi je jedan tomoraj rekao, gledaj, ako ti je to sad malo tumači, toliko te uzrmalo, nećemo izbaciti epizodu ili skoro nikako, ili pričekaj."
1:20:13,1:20:25,"Jer smo mi isto otvorili neke poprilično kontroverzne teme i znali smo šta nas čeka, znali smo da će dignuti prašinu i u tom trenutku sam ja pomislila, da, možda najbolje da sad malo se pošaltim, ne zato što me."
1:20:25,1:20:27,"strah, nego jednostavno dođem sebi."
1:20:28,1:20:35,"I već čim smo poklopili slušalicu, nas dvoje, ja sam pomislila, ne, sad tek trebamo pokazati da se kao ne bojimo."
1:20:36,1:20:40,"Pravi odgovor na to sve bi bilo da održimo, da pričamo, da govorimo."
1:20:41,1:20:47,"Dobro, zanimljivo, spomenula si pet osoba, ne moraš ih spomenuti pet, evo računam, znači Charlie, muž, evo bar još jednu osobu."
1:20:47,1:20:48,Bar još jednu.
1:20:49,1:21:00,"Onda ću u to jedno mjesto strpat svoje sestre i brata, jednostavno zato što puno nas je, da, puno nas je, svi smo različiti, svako ti daje neki dio sebe ili te motivira u nekom smjeru."
1:21:02,1:21:04,Jer ja sam treća od šestoro.
1:21:06,1:21:12,"Srednje dijete, imala sam i uzore u starijima i ja sam bila uzor mlađima."
1:21:13,1:21:19,Mislim da me to je baš oblikovalo čak i više to što sam bila starija ovim trima mlađima.
1:21:20,1:21:38,"Jer pogotovo u vezi ne želiš se svakako ni ponašati, ni odašiljati svakakve poruke tim mlađim sestrama jer znaš da si im uzor, htjela ne htjela da utječem na njih i njihovo oblikovanje pogleda na veze, biranje dečkih hodanja s dečkima."
1:21:38,1:21:45,Tu mislim da su mi baš bile presudne te godine da izrastem u ovo što jesam danas i živim.
1:21:47,1:21:55,"Dobro, možda kasnije dotaknemo u nekom zadnjem dijelu još koje pitanje ovako osobno ako je su postavili tvoji pratitelji, a sad bih malo da idemo na podcast."
1:21:56,1:21:57,Baš još malo na podcast.
1:21:57,1:21:58,"Počeli smo, već smo otvorili neke teme."
1:21:58,1:22:02,"Zanimljivo, ali zanimljivo, još imam nekoliko pitanja vezano uz taj podcast."
1:22:02,1:22:13,"Prije svega, dakle, ono što mi je bilo malo čak iznenađenje, jer znam koliko je teško doći do dobroga gosta, ne čak."
1:22:14,1:22:17,"Do dobrog gosta možeš doći, ako nije možda toliko javno."
1:22:17,1:22:31,"Ali do poznatog gosta do kojeg svi žele drugi doći i da si ti tako brzo, to mi je bilo iznenađenje, da si ti tako nekako u ranoj fazi svog podcasta dovela neka dosta onako poznata imena."
1:22:33,1:22:35,"Znaš ono, ova je sposobna, kako je uspjela?"
1:22:35,1:22:36,Ova zna pisati mailove.
1:22:37,1:22:37,Kako to?
1:22:38,1:22:39,"Pa ne, ali znaš, neko to odbije jer ne zna."
1:22:40,1:22:43,"Netko želi vidjeti o čemu se tu radi, a nemaš mu što pokazati."
1:22:43,1:22:44,Razumiješ?
1:22:44,1:22:48,"Tako da s te, evo recimo to mi je bilo, pa evo recimo možemo se vratiti na Bebila Zanija."
1:22:49,1:22:54,Ti si bebi lasanju dovela u trenutak njegove možda najveće popularnosti.
1:22:57,1:23:00,I zapravo tek je kratko bio popularan.
1:23:00,1:23:04,"Znači jako kratko, znači svi su htjeli dobiti malo bebi lasanja."
1:23:05,1:23:06,I ti si je uspjela dovesti u emisiju.
1:23:07,1:23:11,"Kako si uspjela, dakle, neću reći, evo, kako pristupaš tome?"
1:23:12,1:23:18,Pa u tome sam također vidjela jedan onako malo pogoranac s neba.
1:23:18,1:23:28,"Jer ponekad, koliko god ti lijepo sricao mailove i izvukao na telefon, Na telefon opet mora se dogoditi taj jedan klik da potresiš i toj drugoj osobi."
1:23:28,1:23:29,"Dobar dan, dobar trenutak."
1:23:32,1:23:33,Znaš što ću ti reći?
1:23:33,1:23:38,"Čak je neke ljude lakše dobiti kad si u početcima, pa to onako malo gledaju kao, ajde, podržat ćemo ovu cursu."
1:23:38,1:23:41,"Ona tek je počela, čini se da dobro radi."
1:23:43,1:23:49,"Neke naravno teže, neki nemaju ni vremena sad izdvajat na bilo kakva gostovanja."
1:23:50,1:24:04,"Tako da sigurno ima tu i taj jedan faktor sreće i božji prst, a mislim da se ne lažemo, ima malo očito tog nekog talenta u komunikaciji i konekcije, preporuke, ipak sam ja hercegačka krvi."
1:24:05,1:24:06,I ne odustajem tako lako.
1:24:07,1:24:09,I ne odustajem tako lako i čekam koliko je potrebno.
1:24:10,1:24:14,"Neke gosti čekam i godinu dana i uopće mi to ono, no hard feelings."
1:24:15,1:24:20,"Znam da me netko stavio na čekanje, kako bih rekla, ne uzimam to osobno."
1:24:20,1:24:26,"Evo tipa doktor Zmijanović, čekala sam ga možda pola godine, Ante Kujundžić također."
1:24:27,1:24:34,"Jednostavno, trenutak u kojem sam se javila nije bio idealan za njih, ali sam jako strpljiva i ono."
1:24:34,1:24:36,"Znaš ta priča, živa si."
1:24:37,1:24:42,"Zgodna si, znaš, oi sad da nam cijelu filozofiju ovdje napravila, razumiješ?"
1:24:42,1:24:43,"Kad se javi ljudi, ima ljudi."
1:24:43,1:24:45,"A, ok, pa ni mi normalno, ali i pa osvam."
1:24:46,1:24:46,To je.
1:24:46,1:24:48,"Mada, da, ali mislim, utječe sigurno."
1:24:48,1:24:49,"A, dobro, ne znam, malo."
1:24:50,1:24:53,"Ali ne, ali ne želim omanice, ovo je šali, šalim se, malo moramo na šali."
1:24:54,1:24:58,"Evo, ovako, kad govorimo o podkastu, ja ću donijeti ovdje neke brojeve, ovdje sam iškao, sam se pripremio."
1:24:58,1:24:59,"A, i, i."
1:25:00,1:25:02,"Dakle, druga sezona podkasta je Ve Kraljević."
1:25:04,1:25:05,Neće reći kako sam došao do ovoga.
1:25:06,1:25:16,"Najgledanija emisija je bila Marijana Grgić, supruga ovisnika o heroinu, posebna diagnoza, preko 200.000, sad vjerojatno ima i više i više, ali kad sam ovo vadio."
1:25:16,1:25:18,U svakom slučaju preko 200.000.
1:25:18,1:25:24,"Onda druga srebro, Don Tomislav Lukač, sličan i on je prešao 200.000."
1:25:25,1:25:36,"I na trećem mjestu, možda malo iznenađujuće, Jakov Sedlar, nekome će biti, vidiš, prošlost naroda, budućnost ima druga sezona, to je neki dvadesetak epizoda, ona obuzima ta, tu negdje da."
1:25:39,1:25:42,"Slažuš li se s tim, recimo, sa svom publikom?"
1:25:42,1:25:46,"Dakle, jesu li i tebi najzanimljivije emisije ove koje su najgledanije?"
1:25:46,1:25:47,Pretpostavljam da i nisu.
1:25:47,1:25:51,"A mene je isto iznenadio Jak je jako obsedlar, ali moguće da je."
1:25:53,1:26:01,"Rijetko je bio možda u medijima tih dana, ne znam, sad se ja opet ono vjerojatno umanjujem, to mi je inače nešto na čemu radim."
1:26:01,1:26:06,"Ne znam, ajde evo, kako kažem, moja psihoterapeutkinja, nemoj umanjivati istinu."
1:26:07,1:26:14,"Mislim da je rekao neke stvari u tom podcastu kojem nije u drugima, malo sam ga pitala i o privatnom životu i tako dalje."
1:26:15,1:26:18,I tajming je bio dobar zato što je u to vrijeme baš izbacio film.
1:26:20,1:26:31,"Tako da potrebilo se i dobar tajming i on je bio jako dobro raspoložen, otvorili smo neke teme., ali opet vjerujem da su i neki portali možda to znaš plasirali."
1:26:31,1:26:41,"Ne pratim baš, ali obično kad bude tako neko ime, onda i razno razni portali to pokupe, plasiraju pa se onda to nekako isto distribuira na taj način."
1:26:42,1:26:57,"Marijana Grgić isto kad je bila, sjećam se da su, valjda nije bilo hercegovačkog portala koji nije to prenio, budući da je ona od dozdor, Tomislav Lukač, njemu to i ne treba, on je ono prezainteresiv lik i ta epizoda je bila toliko bogata."
1:26:57,1:26:58,"To je bilo nekakvo iznenađenje, da."
1:26:59,1:27:03,"Ali opet i to su prenijeli neki drugi., bilo je tu nekih malo i kontroverznih isječaka."
1:27:03,1:27:07,Tako da sve to ono komuje da na kraju imamo super brojke.
1:27:07,1:27:18,"Znači, preko 2 milijuna, pregleda samo druga sezona, oko 30 tisuća novih pretplatnika i puno komentara, čak milijunskih."
1:27:20,1:27:28,"Jako mnogo sati gledanja, tu su još neka imena, Marija Šimičić, što si rekla, Dundamir Stojič, pjevač, znači Petar Buljan je bio."
1:27:30,1:27:32,Koje tebi bilo iznenađenje kola?
1:27:33,1:27:41,"Naprimjer, ono gost koji te najviše iznenadio, jer nisi očekivala da će biti tako zanimljivo dobro, da će toliko reakcija izazvati?"
1:27:43,1:27:59,"Pa evo kao što sam spomenula možda Jakov Sedlar, iako on je jako ime, moram priznati, njegova ekipa je predložila da on dođe u podcast, inače nije baš da ono primam takve naručbe, ali ja sam se složila s tim da ono vrlo rado."
1:28:01,1:28:04,"Ali evo kome je iznenadio, na primjer, baš Marija Šimičić."
1:28:05,1:28:15,"I to je ono, kad neka tema ne rezonira s mojom osobnom pričom, pa se ne mogu baš poistovjetiti, ne znam koliko će to zapravo kod nekih drugih odzvoniti."
1:28:15,1:28:19,"Ona je govorila o strahovima, anksioznosti, depresiji."
1:28:20,1:28:29,"To je nekako nije dio mog života, pa nije me toliko dotaknulo, ali svjesna sam da je to vrijedna priča, bitna tema."
1:28:31,1:28:43,"Na kraju, jedna od gledanih epizoda, toliko puno komentara ljudi, ne sad samo na broj komentara, nego ti komentari su bili znaš ono u stilu da je ljudima promijenilo život."
1:28:44,1:28:49,"To me malo ako zateklo, onda sam shvatila, OK, ne su ostavljeni."
1:28:49,1:28:53,"Ne susjećam sa svakom temom na isti način, ali to ne znači da ne netko drugi neće."
1:28:53,1:28:54,A Marija je predivna.
1:28:54,1:28:59,"Inače, ako nije poslušao epizodu, stvarno vam toplo preporučujem."
1:28:59,1:29:01,"Toliko je ona blaga, a snažna žena."
1:29:02,1:29:04,"Nekoliko naj, može."
1:29:04,1:29:04,Može.
1:29:05,1:29:11,"Ne moramo predugo, ali evo, osim ove koja te je najviše iznenadila, još nekoliko, dakle, naj."
1:29:14,1:29:16,Najpotresnija je emisija.
1:29:17,1:29:18,Onako iza koje.
1:29:18,1:29:20,"Ja bih rekla tri, možda."
1:29:20,1:29:20,Može.
1:29:21,1:29:25,Ona snimanja nakon kojih sam ona legla na kauču i isplakala se.
1:29:27,1:29:40,"Ante Kujundžić, posvajanje djece, znači troje djece su posvojili supruga Ion i to su dva brata i sestra koji su se nisu poznavali dok nisu došli u njihov dom, znači bili su na različitim mjestima."
1:29:42,1:29:48,"Znači s Antom sam išao u gimnaziju, on je bio, sad koliko stariji od mene, možda dvije godine."
1:29:48,1:29:51,"Svi smo skupa da u Splitu, tako davno baš."
1:29:52,1:30:00,"I njega isto nije bilo baš lako dovesti u podcast, ali onda su njegovi stranački kolege koje ja uopće ne poznajem, to mi je on kasnije rekao, rekli su mi i vati je super ono kje ona radi."
1:30:01,1:30:05,"Jer on je bio rekao ne idem u medije, dovoljno sam se ogolio u saboru."
1:30:06,1:30:08,"Da, onaj gori je bio baš."
1:30:08,1:30:08,"Da, da, da."
1:30:09,1:30:12,"I onda kaže, rekli su mi, ne znam, moja."
1:30:12,1:30:13,Jel' tko već kao imati super.
1:30:13,1:30:15,U Zantu i Zagrebu.
1:30:15,1:30:16,"Da, da, da."
1:30:16,1:30:24,"Manuela Zelić koju sam isto spomenula, mlada, predivna žena, došla je iz Frankfurta na snimanje u Zagrebu, vratila se nazad."
1:30:24,1:30:28,"I uopće kako smo došli do toga, ja sam pitala ljude na Instagram, kojeg želite u podcastu?"
1:30:29,1:30:32,"I sad ljudi od nas predlažu, Marin Periš, ovo, poznate imena."
1:30:33,1:30:35,"I ona napiše, pa možda ja kad se odvažim."
1:30:35,1:30:37,I ja inače takve poruke dobijem.
1:30:37,1:30:43,"često i ono preletim jer nekad, evo, nažalost, možda i propustim dobru priču, ali nemam vremena."
1:30:43,1:30:47,Bilo bi dobro da imam nekog u timu koji će onda istraživati tko su ti ljudi.
1:30:47,1:30:58,"Ali evo, kako je trebalo tako biti da meni baš to privuče pažnju, ja ju pitam, evo, tko si, možeš li mi snimiti malo koja je tvoja priča, što kažem, uopće ne liči na mene jer ja sam slaba s tim."
1:30:59,1:31:04,"I kad je ona snimila tu svoju priču, ja sam rekla, evo, ako možeš doći, dođi i žena je doletila iz Frankfurta."
1:31:05,1:31:09,"Također, razgovor je apsolutno vrijedan slušanja i jako potresan."
1:31:09,1:31:12,"I treće bi rekla, Draženka Čutora, druga epizoda."
1:31:14,1:31:15,"Da, o temi tri."
1:31:15,1:31:19,Tu je Mladića koji mora naglasiti u Svetosti.
1:31:20,1:31:21,"Zanimljivo, da, hajde."
1:31:21,1:31:26,"A koju ti je bilo najteže snimati emisiju, predpostavljam sa psom?"
1:31:26,1:31:27,"Da, to smo."
1:31:29,1:31:33,"Oprostite, moram dodati, Antonija Domović, isto svjedočanstvo žene koja je."
1:31:33,1:31:35,To je među ove potresne.
1:31:35,1:31:40,"Da, među potresne koja je napravila pobačaj i bila spremna podijeliti to iskustvo."
1:31:43,1:31:46,Emisija koju prije dvije godine ne bi uopće imala u planu snimiti.
1:31:47,1:31:47,Ova.
1:31:51,1:31:54,Nekako ta ideja da sam ja gost mi se činila malo onako...
1:31:55,1:31:57,"Ne, to nije bila tvoja ideja."
1:31:57,1:31:57,Molim?
1:31:57,1:31:58,To nije bila tvoja ideja.
1:31:59,1:31:59,To nije bila moja ideja.
1:32:00,1:32:01,Je li to bila tvoja ideja da sam ja gost?
1:32:01,1:32:02,A pitaš me.
1:32:02,1:32:03,Je li si to razmišljala pa si kao odbila?
1:32:04,1:32:08,"Puno ljudi mi je to predložilo i sestra su me pitala, bilo bi boraviti ti gost."
1:32:08,1:32:15,"I onda kad sam vidjela, ono, deset epizoda, prva epizoda iduće sezone, baš nekako, bilo mi je..."
1:32:16,1:32:16,"Kad, ako ne."
1:32:18,1:32:19,Ja mislim da je dobra ideja bila.
1:32:19,1:32:25,"I onda, oprosti, bili smo na progledaj srcem i slušam tebe kako se slaže."
1:32:25,1:32:31,"Slažeš te stihove i mislim da sam ti u tom trenutku poslala poruku, ono legendo, presmiješila si i baš mi je došlo, to je to."
1:32:31,1:32:34,"Hvala ti, i to je rijetkost ono da dobiješ neku pohvalu."
1:32:35,1:32:38,"Ne mislim da sam sad neki vrhunac, ali evo potrudim se i lijepo je dobiti tu poruku."
1:32:39,1:32:40,"Hvala ti puno, baš si me obradovala."
1:32:42,1:32:49,"Najhighlight iz svih ovih 50 emisija, neki momenti uživancije, je li to bilo sviranje sa Anom Rucner ili nešto drugo?"
1:32:50,1:33:00,"Moguće, moguće, da, jer to je ono da mi je najbolje bilo da ću svirati sa Anom Rucner i to poprilično prima vista, zapravo totalno prima vista, ono mislim."
1:33:00,1:33:03,"Mislim, šta ćemo svirati, mogli bi to."
1:33:03,1:33:04,"Ona ima sound, daj da joj uključi."
1:33:05,1:33:09,I na kraju baš lijepo ispalo do te mjere da mi stoji onako zakačeno na profilu.
1:33:09,1:33:10,"Baš se ponosim, evo, jer ipak."
1:33:11,1:33:16,"Čega i je ono probavljanje bilo sa Laurom nekog stava, Manekenskog i to je bila forica."
1:33:17,1:33:19,"To je isto bilo fora, da, da, da."
1:33:19,1:33:21,I bilo je tih zanimljivih trenutaka.
1:33:22,1:33:23,I uključuju ih više čak po meni.
1:33:23,1:33:26,"Znaš, oneke ne mogu napraviti tu malu, neku kreativnu."
1:33:27,1:33:30,"Koji je bio ono Marija Husar pa je rekao, nemoj samo da ja moram pjevati nešto."
1:33:31,1:33:33,Ali očajani to oni kažu.
1:33:35,1:33:37,Imamo još jedna najzadnji.
1:33:39,1:33:43,"emisija, baš koja te je najviše promijenila ili naučila nečemu?"
1:33:43,1:33:47,"Dakle, ne onako bodljan, nego više gdje si dobila najviše informacija."
1:33:47,1:33:50,"Je li to bilo ono s financijama, Toni Milun?"
1:33:50,1:33:59,"Pa moguće, mislim, znaš što, čak i Toni Milun, ja sam prije snimanja pročitala naravno njegovu knjigu i to dva puta jer mi je matematika nejača strana."
1:34:01,1:34:13,"Tako da ono što smo se mi dotaknuli u epizodi je samo ono površinski smo zagrebali, knjiga ide naravno dublje u to, ali bilo mi je naravno drago da dođe."
1:34:13,1:34:18,"i Tony Milun, on se malo iznadio kad je vidio citate neke vjerske, što je pa u to nešto vjersko."
1:34:19,1:34:25,"Ili, naprimjer, i Marijana Mikulić kad je došla, dok smo se čuli telefonski, točno sam osjetila da ne zna gdje dolazi."
1:34:26,1:34:35,"Tih dana tek je bila premjera njene predstave, monodrame i odazivala se žena vjerojatno na razno razne takve pozive."
1:34:35,1:34:45,"I onda tek kad je došla, negdje na pola razgovora vidim i ona se opustila jer je skužila ono kakvom je ambijentu, koja me naučila najviše."
1:34:45,1:34:49,Pa tako te neke epizode koje ti razbiju neke vlastite predrasude poput ne znam.
1:34:49,1:34:57,"su te poput sestra Zrinka ili Don Damir, isto naravno."
1:34:59,1:35:01,To su ciljane emisije gdje želiš čuti nešto.
1:35:01,1:35:02,"Da, i dr."
1:35:02,1:35:03,Zmijanović isto.
1:35:04,1:35:08,"Neke emisije, odnosno podcasti u kojima ja naučim."
1:35:09,1:35:27,"I na primjer isto, kad je bila Antonija Domović, ja sam cijeli život pro-life, ali isto malo u staklenom zvonu i tijekom tog razgovora pomislila sam, nisam pomislila, nego taj neki osjećaj kao moguće da ja sad razgovaram sa ženom koja je napravila pobačajčaj, ono malo te to spusti na zemlju."
1:35:28,1:35:43,"Kao ono, svi smo mi u nekim svojim borbama i kreneš gledati ljude ne kroz njihove grijehe, baš nekako dobro ti dođe ta opomena jer sam ja se isto u svojim početcima držala poprilično visoko, onako malo bahat, to je bio moj neki."
1:35:43,1:35:57,"I onda kad razgovaraš s ljudima i uđeš malo u njihovu intimnost kroz te razgovore, shvatiš da ono, svi se mi borimo, nismo na istom putu, na istoj dionici, ali rastemo svi ono."
1:35:59,1:36:08,"Zadnje najveće kritike koje koju si dobila, negativne, ili u komentarima, gdje si najviše morala sjediti doma i iskarati odgovore?"
1:36:09,1:36:11,Je li opće bilo šta ako nećeš?
1:36:11,1:36:13,"Ne, toliko na YouTube, na podcaste ne."
1:36:14,1:36:29,"Jer, nekako, publika je već sad upoznata s mojim, i, bolje rečeno, algoritam je upoznat kome će nuditi moj sadržaj na YouTube, ali na Instagramu se nekad dogodi da baci melavice."
1:36:29,1:36:41,"Imaš i neke, spomenuli smo i neke teme koje su nekima i prijeporne, jer ti, recimo, u nekim temama privučeš osobe koje možda nisu toliko uvjeri i zašto ne."
1:36:42,1:36:44,Ali onda ti imaš pro-life emisiju.
1:36:44,1:36:44,Da.
1:36:45,1:36:53,"I onda sigurno neke osobe malo se iznenade, možda imaju potrebu tebi koja im se možda i sviđaš i tvoj podcast gledaju redovito, imaju ti potrebu nešto reći."
1:36:53,1:36:55,Poznam da uglavnom to bude taj neki.
1:36:55,1:36:58,"Da, neki dan sam imala baš objavu o feminizmu."
1:36:59,1:37:00,"Aha, feminizam."
1:37:00,1:37:00,"Da, ok."
1:37:01,1:37:05,"Ja ponekad i volim malo onako baš bocnut, ne mogu si pomoć."
1:37:07,1:37:11,"Ali evo ovaj put, ovaj put mi to nije bila namjera."
1:37:13,1:37:25,"Preminula je jedna američka novinarka koja je bila ikona feminizma, takozvana, borila se i za legalizaciju pobačaja u Americi, bitna figura za pro-choice ekipu, ajmo tako reći."
1:37:26,1:37:30,Ja sam za to i za nju uopće čula preko nekih stranih stranica kanala itd.
1:37:30,1:37:40,"I kao, ajde, idem ja podijeliti to, vjerojatno će proći s pod radara jer naši ljudi vjerojatno nikad nisu čuli za tu novinarku, ali, ajde, meni je bitna tema."
1:37:41,1:37:49,"Ja podijelim onako neki tekst u smislu da je ona bila ikona feminizma, ali možda baš zbog takvih predstavnica feminizma se ja ne osjećam kao dio tog."
1:37:49,1:37:50,pokreta.
1:37:50,1:37:53,"Jer ne moram se ja slagati sa svakom feministicom, jasno."
1:37:53,1:37:58,"Ali onda ne želim, baš sam to napisala, ne želim ni nositi etiketu pokreta koji."
1:37:59,1:38:00,koji ga su oblikovali.
1:38:01,1:38:09,"I koji u koš sa ljudskim pravima i ženskim pravima stavlja legalizaciju pobačaja, takvo nešto."
1:38:10,1:38:14,"I zaista mislila sam to, ako će imati 50 lajkova, ali nek stoji, meni je bitno."
1:38:15,1:38:27,"Na kraju, kažem, algoritam me bacio lavovima i tu sam cijelu večer se borila s komentarima, baš ih je puno trebalo i brisati, blokirati, neki su bili baš neumjesni, ružni."
1:38:28,1:38:33,"Evo, hvala Bogu, ja sam baš nekako totalno u miru s tim da je to dio posla i mene to stvarno ne dirne."
1:38:34,1:38:47,"Ne ono sad kao da sam ja nedodirljiva, nego tako neki ružni prostački komentari, mislim, to me ne dira jer to me ne određuje, ali ipak moraš to ti filtrirati malo da ne bude ružno."
1:38:48,1:39:06,"Moj profil je nekako moje dvorište, ne želim da mi je svašta u mom dvorištu, ostavit ću neke konstruktivne kritike i otvorilo se jako puno lijepih rasprava, negdje smo civilizirano završili, negdje malo manje, ali evo tu to me baš iznenadilo i tu sam pa čak možda jedan i po dan provela u tim komentarima."
1:39:06,1:39:23,"Idemo sad naglavito na ovaj nekakav zadnji dio razgovora, a koji će biti sigurno jako, jako, jako zanimljiv jer ćemo o svačemu nečemu možda ovako još privatno ga uključiti pa neka gledatelji ostanu i nakon ove promo pauze koju pozivam da također s pažnjom gledaju."
1:39:24,1:39:32,Aplikacija e-duhovne vježbe pozivate da svaki dan zastaneš i dopustiš Božjoj riječi da unese mir u tvoje srce.
1:39:32,1:39:33,Što te čeka?
1:39:34,1:39:38,Duhovne vježbe koje prate sva važna razdoblja liturgijske godine.
1:39:39,1:39:45,Prijaviš se i svaki dan stiže ti novo razmatranje kojim vježbaš biti u Božjoj prisutnosti.
1:39:45,1:39:53,"Svakodnevni susret s Božjom riječju, misna čitanja i efa riječi, kratko razmišljanje uz Evangelije dana."
1:39:54,1:40:00,Veliki izbor molitava iz bogatstva katoličke tradicije za njegovanje tvojeg osobnog odnosa s Bogom.
1:40:02,1:40:03,Počne već danas.
1:40:03,1:40:06,Besplatno preuzmi aplikaciju e-duhovne vježbe.
1:40:09,1:40:17,"Evo nas nazad u kakvom mi svijetu živimo da i gledatelji e-duhovne vježbe su postale sponzor nekome, pa to je neviđeno."
1:40:17,1:40:19,Hrvatsko društvo ide na bolje.
1:40:19,1:40:20,Jel se to tebi čini?
1:40:20,1:40:22,Jer svi uvijek negativno vide.
1:40:22,1:40:23,A vidjeli ove pozitivne stvari?
1:40:23,1:40:27,Vidjeli ove pozitivne ponude koje dobivamo svakodnevno?
1:40:27,1:40:32,Koliko mi imamo prilike za rasti ne samo u vjeru nego u raznim temama.
1:40:33,1:40:42,"Kad gledaš sad i ti psiholozi i pedagozi, imamo sva sredstva moguća da život ne ode, ne ispustimo ovako iz ruke."
1:40:42,1:40:49,"Da, našlo me ponekad te neke turističke slogani za Hrvatsku zvuče onako malo čizi i sladunjavi."
1:40:49,1:40:49,iz ISL-Dunjavi.
1:40:50,1:40:53,"Ali što više razmišljam, stvarno mislim da Hrvatska je ono."
1:40:53,1:40:57,Ne znam da li je pas komadni suvremeniški za ovu turističku zajednicu.
1:40:58,1:40:58,Hrvatska.
1:40:59,1:41:02,"Zemlja koja ima sve, osim parkinga."
1:41:04,1:41:05,Neće imati i viška.
1:41:05,1:41:06,Stranci ne dođu samo.
1:41:07,1:41:09,"Ja, na primjer, otpadam u zadnje vrijeme, nažalost."
1:41:10,1:41:11,Nećemo uštrljati teme.
1:41:11,1:41:13,Nećemo samo da će traći još dva sata.
1:41:14,1:41:25,"Dobro, znači ti si rekli smo utjecajnica, draga Iva, i to sa sobom donosi prtljagu koju smo spomenuli, a to je da si ti sad stručnjakinja za puno toga i ti dobivaš."
1:41:25,1:41:34,"pitanja, različita pitanja od svojih pratitelja, traže savjete, traže izlaz iz tame u svjetlo."
1:41:35,1:41:38,"I dobro, razumljivo je to, ljudi se vežu za osobe koje gledaju."
1:41:39,1:41:48,"Ima li nešto u ovih 50 epizoda, nešto što je možda ostalo neizrečeno s tvoje strane, nešto što bi htjela dodati, reći, objasniti?"
1:41:49,1:41:50,Postoji li tako što?
1:41:51,1:41:53,Sad ovaj PR zaokret.
1:41:53,1:41:53,A u?
1:41:54,1:41:54,Naravno da je.
1:41:55,1:41:57,Ali pred nama su nove epizode.
1:41:57,1:41:57,Točno.
1:41:58,1:41:59,Nova sezona.
1:41:59,1:41:59,Što ti je?
1:42:00,1:42:02,"Čau, pa sigurno da ne nisam sve izrekla."
1:42:03,1:42:06,"Ne, ne, on možda neka nejasnoća, nešto šta ti Alan, dvije stvari."
1:42:06,1:42:07,"Da, nešto što želiš popraviti."
1:42:07,1:42:08,"Da, možeš popraviti."
1:42:12,1:42:25,"Teško izdvojiti jedla jer sigurno sam puno puta nešto brzo opleto rekla i tu se baš učim da, kao što sam spomenula, da ne kažem samo zaključak svojeg promišljanja, nego da malo ljude uvedem u taj proces svog razmišljanja."
1:42:26,1:42:37,"Jer, kažem, to je ostalo od prije kad me pratilo samo sestre, dvije tetke i par rođaka i jedna frendica i onda, kao po njime znaju, znaš, ponekad se neću odjasniti."
1:42:37,1:42:39,"do kraja, ali poznaju me."
1:42:40,1:42:56,"I onda mi je to malo ostalo, taj način izražavanja gdje samo bacim neki status koji je rezultat nekog mog promišljanja, ali kad ti samo to pročitaš, a nisi u temi i ne poznaješ me, ispaš će ta problema, odnosa, točka broj 60."
1:42:56,1:43:13,"I sad me baš sjetilo, evo baš se sjećam jer smo tada i ti, a bili u komunikaciji, a propo toga jednom sam stavila na story, jer baš volim Božu i u pobjedu, Boža pobjeda, jedina zajednica koju priznam, zahvaljujem što sam tako, mislim si, i ono ispalo šta imaš protiv svih drugih."
1:43:14,1:43:15,"Kad je izdvojeno, ružno zvuči."
1:43:16,1:43:17,Kad ti to uzimaš.
1:43:18,1:43:19,Ja zapravo njih najbolje razumijem.
1:43:19,1:43:20,Ti si htjela pohvaliti zapravo njih.
1:43:20,1:43:22,Ti si htjela reći koliko oni ti znače.
1:43:22,1:43:26,"Ma da, ok, naravno da u nekim drugim zajednicama ono malo."
1:43:27,1:43:36,"Da, u nekim zajednicama ono u tom trenutku ti se neko zamiri i kaže ti ružno riječ, skužiš ono nešto što ti ne paše kod nekog, mislim, logično."
1:43:37,1:43:40,"A znaš, oka ti kažeš priznajem, ispada da ove druge ne priznajem."
1:43:41,1:43:41,"Da, da, da, da."
1:43:42,1:43:43,Pa što?
1:43:43,1:43:44,"I baš, evo, svaka klam ono."
1:43:45,1:43:48,"Paš glupo, ali u tom trenutku je meni bilo..."
1:43:50,1:43:52,"Nije bilo ništa, nije bilo nekog promišljanja o tome."
1:43:52,1:43:55,"To sam ja tak napisala, želeći reći kao oni su mi baš to."
1:43:58,1:44:06,"Pa i to je dio prtljage i utjecajnika, da možemo to reći, u smislu da sad moraš malo duplo više paziti što stavljaš."
1:44:06,1:44:12,"Zašto mi se javila jedna žena, pa čeka i prije dva tjedna ti je bila Marija Šimić iz te zajednice."
1:44:12,1:44:17,"Znači li to je onak, ajme, ajme, pa te ljude ni ne znam, zašto bi imalaš protiv njih."
1:44:18,1:44:19,"Ali evo, tu treba biti malo ipak opreza."
1:44:20,1:44:24,"Jer odgovornost je tu, ne daju ja."
1:44:24,1:44:32,"Da ju ja kritiziram, zašto meni sad neko nameće odgovornost, to je dio posla koji ja moram prihvatiti."
1:44:32,1:44:38,"Jer isto kao što dobivam negativne komentare, dobivam i predivne poruke koje naravno da te nose i guraju."
1:44:38,1:44:40,Nisam ja tu zbog njih.
1:44:40,1:44:42,Nisam ja tu zato što eto volim kameru.
1:44:44,1:44:57,"Ali lijepo je, naravno da je lijepo imati taj jedan onom mali poguranac, sve ono nam to dobro dođe, pročitati nešto lijepo o sebi, da to ima smisla, da nije da se samo boriš svjetrenjačama, nego s nekim ih hodiš zajedno."
1:44:57,1:45:02,"E onda treba prihvatiti ovaj dio i odgovornosti i malo ružnih komentara., itd."
1:45:04,1:45:06,Tredna trudnoća.
1:45:07,1:45:08,I ide to svom kraju.
1:45:09,1:45:10,"Malo, pomalo."
1:45:10,1:45:15,I naravno da mnogim gledateljima je pitanje što će biti s podcastom.
1:45:16,1:45:17,Idešli na nekakav standby.
1:45:17,1:45:19,"Ne, ne brinite se kakav standby."
1:45:19,1:45:20,Ne znam.
1:45:21,1:45:24,Odanas je prva epizoda treće sezone.
1:45:25,1:45:25,Čovječe.
1:45:26,1:45:29,Znači ne ideš odmah u standby ili ćeš još odlučiti vidjeti.
1:45:30,1:45:30,A ne znam.
1:45:31,1:45:31,Kada je termin?
1:45:32,1:45:33,Nije to pitanje.
1:45:34,1:45:37,"Smiješ mi se, baš za nešto manje od dva mjeseeseca."
1:45:37,1:45:38,"Aha, pa dobro, da."
1:45:39,1:45:42,"Da, ok, mislim, pretpostavljam da ću još moći biti aktivna."
1:45:43,1:45:44,A znaš kako to ide s tim stvarima?
1:45:44,1:45:50,"To je blagodat ovoga što nije uživo, što se da nešto i arhivirati unaprijed i tako dalje, pripremiti."
1:45:51,1:46:00,"Ne stavljam si pritisak da moram uz dijete raditi, jer ovo ipak nije prioritet iznad, ali nekako nadam se da ću moći."
1:46:00,1:46:00,Vidjet ćemo.
1:46:00,1:46:01,"Dobro, da, vidjet ćemo."
1:46:02,1:46:05,"U svakom slučaju, ne bojte se, bit će epizoda."
1:46:05,1:46:07,"A samo nekad se dobro i zaželiti, možda."
1:46:08,1:46:08,Pa i to istina.
1:46:09,1:46:12,A vjerujem da će pogotovo moja publika imati razumijevanja da je obitelj na promjeni.
1:46:13,1:46:16,Jer onda bi inače sve što govorim u svoj boj.
1:46:18,1:46:19,Ispalo bi kao licemjer.
1:46:20,1:46:21,Možda ću dijete imati tu ispred da se igra.
1:46:22,1:46:24,"Pa evo ako si ti ta mogla imati, loši dijete."
1:46:24,1:46:25,Zašto ne trčkarati?
1:46:25,1:46:26,Dok ne krene trčkarat.
1:46:27,1:46:28,Malo ćemo kabele osim kurati.
1:46:29,1:46:32,"Curica dolazi, nakon dva dečka curica."
1:46:33,1:46:34,Jesi li sretna?
1:46:34,1:46:37,"Mislim, sretna bi bila i sa sinom, razumijem, ali ono ipak, ipak."
1:46:38,1:46:48,"Da, moji roditelji, premao sam ih spominjala u ovoj epizodi koliko sam im zahvalna i omogućili su mi ovaj prostor i osim nekakve podrške."
1:46:51,1:46:53,"Oni imaju nas šestoro od toga, pet sura."
1:46:53,1:47:02,"Tako da sam ja vrlo često znala, onako nekako vidjeti komentare ljudi dok smo mi bili mali, pet sura."
1:47:02,1:47:13,"A dobro, sjećam se jedan čovjek, malo stariji hercegovac, on je došao kroz doma i tek se upoznaje s nama, je došao više iz neke biznis konteksta."
1:47:14,1:47:26,"I onako naša zajednička fotografija na zidu, puno sura, jedan sin, pitamo tatu, tvoja čer, kaže moj tata je, to si moja c cura, moj tata ponosan."
1:47:27,1:47:28,A kažem o njemu.
1:47:29,1:47:30,A i to su darovi Božji.
1:47:32,1:47:37,"To su mi uvijek zezamo, mama i tata imaju sina i pet Božjih darova."
1:47:38,1:47:39,A naravno da bi bila presretna i da je...
1:47:40,1:47:43,A čega tebe čeri nisu zvali sine?
1:47:44,1:47:44,Čak i ne.
1:47:46,1:47:47,Premladi su otišli iz Hercegovine.
1:47:51,1:47:58,"Da, bila sam presretna kad sam vidjela da je cura, baš onako bila histerično sretna kad s tog sjetim."
1:47:58,1:48:10,"Zato što, ne znam, bilo bi naravno fora imati tri sina, uvijek glam na mame sinova kao da imaju jednu posebnu odgovornost odgojiti te muške kako spada, da budu jednog dana i oni su u formi."
1:48:11,1:48:22,"Da budu kavaliri, da budu stupovi društva, da budu ta neka nova generacija muškaraca kakvi nam trebaju našu narodu itd."
1:48:23,1:48:32,"A opet i curice, ne znam, sad to mi je novo, ne znam, nećeš li ga više oblikovati, sad kasnije ćemo spomenuti u konferenciji o dva snažna, nježna."
1:48:33,1:48:44,"Ali moramo revalizirati, našega se posebno onako Ono što se veselim, zaći napokon u taj dio trgovine gdje su hajenice, gdje su šljokice, gdje ne javiš toliko spidermana."
1:48:44,1:48:48,Znaš što je kad tamo uzimaš spidermane i pogledaš da je tamo i ona glazba tužna?
1:48:51,1:48:53,Znaš previše o spidermanima.
1:48:53,1:48:54,"Ajde, ajde."
1:48:54,1:48:56,"Znači, lijepo je da dolazi na čere."
1:48:56,1:48:59,"Plašilite što je treće dijete, sad više ne možete."
1:48:59,1:49:02,"Znaš ono, otac jednoga, mama drugoga, treći."
1:49:04,1:49:04,"Da, dobro."
1:49:05,1:49:09,"Nama je razlika konkretna šest godina, tri godine i sad beba."
1:49:11,1:49:13,Pa ne plaši me onako.
1:49:13,1:49:15,"To je ono što smo pričali, to je neko uzbuđenje kao predvinčanje."
1:49:16,1:49:19,"Da, naravno da znam šta me čeka i nespavanje i grčevi."
1:49:19,1:49:22,Bogu hvala samo nek sve bude tako kako treba biti.
1:49:23,1:49:25,Ali jako se veselim.
1:49:25,1:49:33,"I evo sada već pošto je treći put, pa mogu reći ono sada već tri od tri slučaja da ne uživam toliko u trudnoći."
1:49:33,1:49:35,Više jedva čekam roditi.
1:49:35,1:49:37,Nisam jedna od onih lepršajih trudnica.
1:49:37,1:49:45,"Zato što meni je osobno trudnoća kao nije neki dovoljan izlika za ne raditi normalno, a ipak si ograničen."
1:49:46,1:49:46,Žene će razumjeti.
1:49:47,1:49:51,"Malo si ograničen, spor i tako dalje., a htjela bi sve koje inače."
1:49:51,1:49:54,"I onda jedva čekam roditi, ali."
1:49:55,1:50:24,"Sad mi se sjetilo, šta je rekla, znači trudnoćati nije to razdoblje ti nije najdraže i mnogim ženama nije, ali sjetilo me nečega, samo ću tu misao podijeliti jer mi se čini zanimljiva kako sad Fulton Schmidt će biti proglašen blaženim i on je stvarno jedan od pionira, možemo to tako reći, iako ta riječ u nas ima konotacije različite, ali jedan od pionira televizijske angažmazacije i neko od tih može biti sutra isto."
1:50:25,1:50:28,Zašto kao i moj podcast ili mnogim katolicima.
1:50:29,1:50:31,On je govorio da postoje dvije životne filozofije.
1:50:32,1:50:38,"Kršćanska je da prvo ide plač, a onda smijeh."
1:50:39,1:50:44,"To je filozofija kaže života, a ovi drugi imaju da prvo ide kao smijeh, užitak, a onda plač."
1:50:45,1:50:50,"U smislu da on to naravno pojednostavljuje, ali baš mi je zanimljiva bila ta njegova slika."
1:50:50,1:51:00,"Jer u smislu, zdravije je kad u životu prvo ide plač, pa onda dođe smijeh iz toga, jer onda nakon nekog truda, nekog odricanja."
1:51:01,1:51:32,"onda je taj smijeh iskreni i pravi, to je radost koja je puna, nego kad sam sebi prvo stavlja da ti bude radost, užitak u ono i onda se događa u današnjem svijetu što vidimo oko sebe, dakle, jel, koje stavlja prije svega, znamo, komodo ovo ono i na kraju završi u depresiji, završi u tom, ajmo reći, pa baš mi je kao, evo, pala mi je misao, može biti nekome i on to zove kao sreća je duga, zato što duga, prvo ide kiša i onda svjetlo, sunce mora proći kroz tu kišu da bi napravila nešto lijepo."
1:51:32,1:51:34,"Zanimljivo, mala digresija."
1:51:34,1:51:44,"Ali, nastavit ćemo o braku, o O djeci, to su teme koje često otvaraš u svojim podcastima i to su važne teme za naš svijet."
1:51:44,1:52:02,"Ono što ja vidim, ne znam je li ti to vidiš pa ćeš mi reći, kao da nekako u posljednje vrijeme o braku se govori loše, o nekim pojmovima muke, ne znam, zatvora, da ne govorimo o djeci."
1:52:02,1:52:06,"Doslovno imaš reklame koje govore odmori od djece, odmori se od djece."
1:52:07,1:52:14,"Kao da su ono djeca, mislim onaj, vidiš li ti to, kao da je nekakva kampanja sad, je li to kampanja nek, neko će reći, teorija zavjere?"
1:52:14,1:52:18,"Ali, meni se čini kao da je kampanja da ono, doslovno da bude što manje djece, da što manje ljudi."
1:52:19,1:52:20,Kako se prema tome odnosiš?
1:52:20,1:52:21,Višeš li ti to?
1:52:21,1:52:23,Je li zato te teme otvaraš?
1:52:24,1:52:25,"Da, da, da."
1:52:26,1:52:40,"Često mi se baš tema rodi iz toga što osjećam prazninu, kao falim nam sadržaja koji će podržati jednu drugu stranu priče, a to je da djeca nisu teret, nisu isključivo žrtva, obaveze itd."
1:52:41,1:52:44,"I da, mislim da je to došlo iz toga što smo jako komotni."
1:52:45,1:52:51,"Mislim, ja, prva i naša generacija općenito i, okej, Bogu, hvala da to kažu da je tako kad su lag lagodna vremena da se mi malo uljuljkamo."
1:52:51,1:52:53,I onda smo se jako krenuli sebe.
1:52:53,1:53:08,"I naravno kad si ti okrenut hedonizmu, uživanci, spavanju, ispunjenju svojih ambicija koje ti uzmu apsolutno tvoje kapacitete, da sad još djeca na to djeluju kao teret čovječe."
1:53:09,1:53:22,"Zapravo smo malo okrenuli priču, ne kažem da bismo trebali, ali meni se čini možda logičnije da ti radiš kako bi djeci, nekako, kao da smo zaboravili koji je smisao u svemu tome."
1:53:22,1:53:27,"Ponavljam, sad ne želim dirnuti nekome u ranu nije da se ne može imati smislen život bez djece."
1:53:27,1:53:32,Sutno postoje razno razni pozivi i načini roditeljevanja.
1:53:33,1:53:57,"Ali evo kad konkretno pričamo o obitelji s djecom, je teško je, ali mislim da bismo trebali poraditi na promicanju tih pozitivnih strana koje prevagnu, ono debelo prevagnu, jer ta radoj s kojom ono osjetiš, mislim, kaže moj muž, meni kaže moj muž, ono, ma daj kako se ljudi ne odluče na djete više, ako je sve ok i mogu itd."
1:53:58,1:53:59,Ali isto a propos te.
1:54:01,1:54:11,"Pa ja bih čak rekla propagande ili kulture, načina na koji razmišljamo i mislim ponekad mi smo žrtve nekakve suptilne propagande nesvjesni toga."
1:54:11,1:54:18,"Jednostavno kad si okružen takvom pričom pomišliš, ok, valja svi su drugi s nekim razlogom došli do tog zaključka."
1:54:20,1:54:32,"Između ostalog, evo, mi sad čekamo treće dijete, onda smo shvatili koliko su neke stvari prilagođene za četveročlane obitelji, od automobila do hotelskog nekog smještaja."
1:54:32,1:54:36,"Ti čim imaš dva plusa, tko nas ide u kategoriju?"
1:54:36,1:54:37,Dvije sobe u hotel hotelu.
1:54:37,1:54:43,"Ako je prije bilo ono, tri plus, četiri plus je kao malo, ajmo reći, mnogo brojnija obitelj."
1:54:43,1:54:46,"Sad je već dva plus, pa ajde do moje."
1:54:47,1:54:48,Sad ti moraš žgati i aute.
1:54:48,1:54:54,"Super, ja ću pohvaliti ovu mjeru demografsku za auto."
1:54:54,1:54:59,"Jako me malo jučer rastužilo kad sam vidio da ne smiješ imati auto ispod deset godina, već sa sedam sjedala."
1:54:59,1:55:06,"Ne pitate nikako kako si ja, ja imam auto sa sedam sjedala jer nisam mogao cijeli život čekati demografsku mjeru za auto sa sedam sjedala."
1:55:07,1:55:11,"Ali na kraju da nisam imao pomoć recimo svojih, ne bih mogao to kupiti."
1:55:11,1:55:12,Ali sad mi je to prepreka.
1:55:13,1:55:18,što imam na auto mlađe od 10 godina i ne mogu se snaći na neki hrvatski način.
1:55:19,1:55:20,Pripisati auto nekom drugom.
1:55:21,1:55:37,"Ali, evo, stvarno je, kad gledaš, prije možda obitelj sa jednim ili dvoje djece bila čuđenje u svijetu, sad je obitelj sa tri, četvero djece čuđenje u svijetu koja ima više djece i ono, doslovno razmišljaš što moramo napraviti."
1:55:37,1:55:45,"Mi smo se zali jedan put u božanskoj komediji da katakombi, mora biti kombi za katolike, zvačemo katakombi, onda ćemo se sakrijati onim kombima."
1:55:46,1:55:47,"E, e, ali."
1:55:49,1:55:53,"Kad govorimo o djeci, baš treba govoriti o tome koliko je to lijepo."
1:55:53,1:55:57,Tko govori o tome koliko je to lijepo imati dobar brak?
1:55:58,1:56:00,Mene su plašili ženu prije nego smo ušli u vjenčanje.
1:56:01,1:56:03,Plašili su nas kao i to katolici.
1:56:03,1:56:08,"Znaš ono, kažeš da će se vjenčati i odjednom krenu komentari o mojoj sučut."
1:56:08,1:56:10,"Biće, Jan mi je rekao, bit će vam lijepo šest mjeseci."
1:56:11,1:56:11,Game over.
1:56:12,1:56:14,"Ne, te, ali bit će vam lijepo šest mjeseci."
1:56:14,1:56:17,"Kao Ilda je moja pamet, nam je sad pamet, a te godine."
1:56:17,1:56:20,Znači ja sam se u jednom trenutku pitao gdje ja to idem.
1:56:21,1:56:25,"Znači kako, vidiš, ta slika koju mi dajemo, slika braka, nije nebitna."
1:56:25,1:56:25,"Znači, takva nije nebitna."
1:56:25,1:56:28,"Znači, tako da trebamo davati sliku o onoj radosti i braku."
1:56:28,1:56:30,"Meni je danas, ja sam 13 godina u braku."
1:56:31,1:56:33,"Znači, meni je predivno."
1:56:33,1:56:36,"Znači, ja sam još zaljubljeniji u svoju ženu nego prije 13 godina."
1:56:36,1:56:39,"Nije mi bilo lijepo 6 mjeseci, lijepo mi je i još mi je lijepo."
1:56:39,1:56:39,Zašto?
1:56:39,1:56:42,"Jer je bolje znani, jer imamo zreliju ljubav."
1:56:42,1:56:43,"Znači, kako je to lijepo?"
1:56:43,1:56:45,A još da djecu ne spominjem.
1:56:45,1:56:49,"Misli i mene, mama me zove, mama ima mene i brata, znači dvoje djece i mala."
1:56:49,1:56:54,"I stvarno je marljiva, nevjerojatno jedna od najmarljivijih osoba koju zna i ne boji se ona muke i truda."
1:56:55,1:56:59,"Ali ona gleda mene izvana, šetero djece, male i ona mi ka tebi je teško."
1:57:00,1:57:03,"Ali tko gleda izvana, njemu je te, mislim, izazovno."
1:57:04,1:57:04,Naravno da je izazovno.
1:57:05,1:57:09,"To donosi neke svoje, ono ine, spavanja, ali meni je to smisao."
1:57:10,1:57:11,To je moja radost.
1:57:12,1:57:14,Nije meni teško u tom smislu.
1:57:14,1:57:20,"Jer ta moja težina se kroz ljubav i iz ljubavi nekako pokrije se, odnosno, ljubavlju."
1:57:20,1:57:21,I nije težina.
1:57:21,1:57:22,Tako da ljudima izgleda teško.
1:57:22,1:57:25,"I tako treba reći, nekome izvana izgleda teško."
1:57:25,1:57:28,"Ali, kao što kaže Fulonšim, plač pa smijeh."
1:57:28,1:57:33,"Kad te zagrli ono malo odite, kad ono, ono što čekneš, kažu putovanja."
1:57:33,1:57:35,Pa meni je odite najveće putovanje.
1:57:35,1:57:37,Meni je odite jedna totalna.
1:57:37,1:57:38,novost koja je došla u svijet.
1:57:38,1:57:43,"To je kao da si u nekoj novoj državi, kao da je novi planet došao u tvoju obitelj."
1:57:43,1:57:45,Pa što je putovanje bolje od toga?
1:57:45,1:57:48,"Ne kažem da su loša putovanja, ali ću vam reći meni, tako ja gledam."
1:57:48,1:57:53,"Jedan pusan ima situaciju, malo da sad se ja raspričam šta ću, Iva."
1:57:53,1:57:54,Trpim me sad kad si me zvala.
1:57:54,1:57:58,"Ne, baš sad razmišljam, premalo vremena si ti dala da se izraziš."
1:57:58,1:58:02,"Ne, baš mi je drago što sigurno će gledateljima biti puno zanimljivo što ti imaš za reći."
1:58:02,1:58:13,"Ali evo, da nešto kažem ja, vodio sam neki koncert, Dom u MUM-u, mislim da je bio prvi Dom u MUM-u u Hrvatskoj što je laudator organizirao, Domoljubni koncert, u areni i sad kao ja vodim."
1:58:13,1:58:15,Ali to moje vođenje nikad nije klasično vođenje.
1:58:16,1:58:17,Ja ne najavljujem izvođači.
1:58:18,1:58:21,"To je jako puno lakšava kad ti znaš da ne najavljuješ, pa onda smiš."
1:58:22,1:58:33,"Nego ja moram pozdraviti goste, ajde to mi je jasno, pozdravim goste, ali u dva, tri navrata ne znam, mora se zbor namjestiti, mora nešto i ja sad izlazim zašto da popunim to vrijeme."
1:58:33,1:58:39,"I meni obično u sinopsi su piše i na progledaj srcem i na domu mom, sad periš nešto izvoditi."
1:58:39,1:58:41,I sad ja moram uvijek izmisliti nešto izvoditi.
1:58:41,1:58:52,"I sad ja kažem, pa neću uvijek na tim koncertima poto, jer je domovinski koncert slat neke nanjave poruke, mi Hrvati volimo one, nego ajmo dati neku poruku malo snažniju."
1:58:52,1:59:06,"Ja ću, ja sam u jednom dijelu ako malo zašalio, ajmo živjela Hrvatska, pjevamo, adi su nam ti mali živi Hrvati, hoće li nas za dvadeset godina biti da popunimo arenu na domoljubnom koncertu?"
1:59:06,1:59:25,"Draže su nam poslale nekretnine nego ove naše male pokretnine, mi tako, ja sam par simpatični, možda to i nije bilo nekome smiješno, razumijem, ali napadi koje sam dobio nakon toga, a pazi, ja sam pozvao ajmo jedno dijete više i tako se voli država, ali sam spomenjao treće, nisam rekao peto, šesto, nego namjerno sam rekao treće."
1:59:26,1:59:28,"Ono da, kako sam ja to mogao?"
1:59:29,1:59:36,"Znači, ljudi čak koji su u nekim, imamo reći, visokim katoličkim pozicijama, da tako kažem."
1:59:36,1:59:37,Kako sam ja to mogao?
1:59:38,1:59:39,Ja sam vrijedio žene koje ne mogu imati djece.
1:59:39,1:59:41,Pa nisam govorio o ženama koje mogu imati djece.
1:59:42,1:59:45,"Znači, viši kako ono, taj mentalitet i mi katolici udišemo."
1:59:46,1:59:46,Zato to govorim.
1:59:46,1:59:53,"Dakle, jako je lako povjerovati ono što mi gledamo u tim reklamama, na plakatima i to."
1:59:53,1:59:58,"I zato trebamo govoriti svima, dakle, tu radost, ono braženog života, radost toga ne baš dijete."
1:59:59,2:00:00,U natoč svoj poteško.
2:00:00,2:00:06,"Koji donosi ovaj svijet, i uhvatite briga koji mene, šta će biti s mojom djecom sutra, hoće li biti ratovi."
2:00:06,2:00:10,"Ali nekako onda gospodin Oče da njemu vjerujemo, da njemu se predamo."
2:00:11,2:00:17,"A nema druge, mislim, u toj ajmo reći borbi protiv takvog sadržaja, nego ponuditi svoj neki sadržaj."
2:00:17,2:00:18,Ja baš često vidim.
2:00:18,2:00:18,Točno.
2:00:20,2:00:27,"Ono žene se šale na taj način, kao haha, imala sam mlada djecu, pa sad napokon ne znam, mogu opet živit život jer su narasle."
2:00:28,2:00:41,"Ono živi život, šta je ovo bilo dok si bila s djecom, baš me to onako zaboli jer šalje tu, mislim, ja kao, ako ću sad biti skroz, ako užim šta ta žena hoće reći, ok, sad napokon ne znam, mogu nešto što ti tad nisam mogao."
2:00:41,2:01:04,"Ali ta formulacija, ja sad tek živim život, baš mi to zasmeta jer to sve mrvice, to su te male slagalice koje stvore tu sliku da kad imaš malu djecu u kući, nisi svoj, to je ono, sebe si stavio na zadnje mjesto, pa onda ni slučajno reći da sebe stavljaš na drugo, treće ili neko mjesto."
2:01:04,2:01:12,"Ono, služenje je jednako, ponižavanje, baš neko kriva, ta jedna slika, mislim, kriva."
2:01:13,2:01:24,"Po meni, jedna nepravedna slika prema obiteljima i naravno da onda mlada osoba pomisli, idem ja prvo sve, pa ako ostane vremena za dijete, mislim na kraju nekad ne ostane vremena."
2:01:24,2:01:35,"A sad misliš što dijete, recimo dijete sedam i osam razreda kad čuje mamu da negdje komentira takvu stvar, kako on ima sliku sutra braka i majmana djece i onda se mi pitamo zašto mlade generacije sve manje žele imati djecu."
2:01:36,2:01:41,"Zato što smo i mi, nije samo drugi njih oblikovao, i mi smo ih svojim komentarima oblikovali."
2:01:41,2:01:48,"A kršćanin ja, kome god bilo pravo, kome krivo, kršćanin je netko tko nema problem sebe staviti na drugo mjesto."
2:01:48,2:01:59,"Ja ne kažem da je to lako, ja ne kažem da je to lako, ali kršćanin je netko i to mu, tko zna sebe staviti na drugo mjesto i to može jedino u snazi i u odnosu s gospodinom."
2:01:59,2:01:59,Samo to.
2:02:00,2:02:10,"I kad vidiš koliko, evo ti mi reci, kad vidiš koliko u odnosu s tom djecom, koliko zapravo se i toj sebičnosti tope i koliko ti oni pomažu da budeš bolji."
2:02:10,2:02:21,"Koja je to naša, on ti vidi svaku onu tvoju nedosljednost, pa ti je kaže, pa se zamisliš, znaš ono, koliko su mene moja djeca učinila boljom osobom, zamisli to da nije bilo toga."
2:02:21,2:02:28,"Ja vjerujem da bi bila drugačija osoba, ja bi se trudila vjerojatno i sve, ali treba isticati i tu pozitivnu stranu."
2:02:28,2:02:30,I o braku i sliku o braku.
2:02:30,2:02:42,"Nedavno je jedna baš super cura, kao znamo se, ne znamo se nikako da uživo popijemo kavu Nikolina., objavila je sliku s mužem negdje iz Ljetova i dolje napisala: Kako ja volim svoga muža?"
2:02:43,2:02:45,"Meni je tako došlo, pa pre dobro."
2:02:46,2:02:47,Pre dobro da ono.
2:02:48,2:02:53,"Izidješ, ajmo reći da je malo i izlazak iz komforzone biti tako malo sladunjama na taj način."
2:02:54,2:03:15,"Ali ono, ajmo pokazati da nije nekakav standard da ti muže ide na žice, da mužu žena stalno nešto kvoca, da se ideš ventilirati frendicama na kavu, kako je on ne znam opet ostavio čarape na podu, kako on ide s dečkima se negdje zapitati zato što ona njemu stalno nešto kvoca oko ne znam čega."
2:03:16,2:03:21,"Ono kao da se popularizira da je to nešto simpatično, fora to je nekakav humor, valjda."
2:03:23,2:03:37,"A istaknuti, ne znam, da ti je lijepo s tvojom djecom, da ti je super imati puno djece, da imati, ne znam, ma ne moraš imati šestoro baš što kažeš, ali imati uopće jedno dvoje djete i trebamo i tu biti sporni na osudi i procjenjivanju."
2:03:38,2:03:54,"Ne može ni svatko imati više od jednog dvoje djete, ali nebitno je generalno biti otvoren ka tome, ali propagirati i živjeti to da se razumijemo, ne samo nešto kao fake na van, nego pokušati što više živjeti, ali onda i dijeliti da je to nešto lijepo."
2:03:54,2:04:01,"Ne zato da glumimo neku savršenost, pa kao ja, nikad nisam povisla to na djetet, djete me nikad nije izbacilo iz takta."
2:04:01,2:04:03,Ali zašto moramo to isticati kao neku poenta?
2:04:04,2:04:11,"Na tome radim, ali generalno tu neku radost dijelim na van, iako ćemo svi pokušati malo više dijeliti tu radost."
2:04:12,2:04:23,"A nekako pogledati na tu trenutnu vrstu humora gdje se ističu samo negativne stvari, ono nešto stvarno degradirajuće da se to oblikuje."
2:04:23,2:04:28,"Da, to je ono što je stvarno toliko degradirajuće prema sakramentu braka, prvo i prvo."
2:04:28,2:04:33,"Pa evo, gledam nekad koliko bi nam bilo smiješno da jedan svećenik."
2:04:34,2:04:52,"na svoj poziv, tako posprdno, kao što mi tako često prema supružniku i muž prema ženi, ono na van, taj neki humor ima po meni totalno, to ne može se ni nazvati humorom, ali to ti je poziv, znači sakrament."
2:04:54,2:04:57,To mene toliko čak nekad ražalosti.
2:04:57,2:05:01,Do čega smo doveli se da nam je to neka tema sprdnje?
2:05:02,2:05:13,"Ma točno, evo recimo to je jedna od stvari koju žena i ja zadnje vrijeme idemo nekad po župama, onda imamo neko svoje izlaganje koje smo razvili, zove se sedam sastojaka za radostan brak."
2:05:13,2:05:19,Ona je jedna od prvih stvari koju kažemo da ljudi postanu svjesni tih komentara koje čak i nesvjesno možda daju.
2:05:19,2:05:41,"Ne kažu ljudi nego ono, možda imaju neku ranu, možda ne mogu razgovarati s mužem, dugo nisu uopće sjeli pričali, dogodi se to u životu zbog ne znam jednostavno puno poslova, puno obaveza i onda kao dođe u društvo i onda žena ili muž kao ubode supružnika, zapravo mu indirektno hoće reći kao nešto ne štima."
2:05:41,2:05:48,"Ne radi se to uvijek svjesno, ali moramo postati svjesni te slike koju šaljemo jer to slušaju naša djeca, to slušaju ljudi oko nas."
2:05:49,2:05:53,"I druga stvar koju kažem, a to se tiče ovog broja dje djece i dobro je da kažemo i tu stvar."
2:05:54,2:05:58,"Dakle, nije sad ovo što ja i ti govorimo: imajte što više djece, svi moramo imati šestero sedmero djece."
2:05:58,2:06:00,"Recimo, to je jedna stvar koju primjećujem."
2:06:00,2:06:07,"Ne želim stvarno pametovati, ali dosta sam razmišljao o toj temi jer to se nekad otvori u katoličkim krugovima tema broja djece."
2:06:08,2:06:14,Nekako mi se čini da previše namećemo drugima svoju sliku kršćanskog braka.
2:06:14,2:06:16,Ne postoji samo jedna slika kršćanskog braka.
2:06:17,2:06:18,Tako ja to vidim.
2:06:18,2:06:19,"Evo, ja sad govorim svoje mišljenje."
2:06:22,2:06:28,"Nije idealan kršćanski brak koji ima sedmero djece i ne znam, žena je doma, radi itd."
2:06:29,2:06:30,Nekome je to baš poziv.
2:06:31,2:06:31,i odlično.
2:06:32,2:06:36,Neko stvarno osjeti u odnosu s gospodinom poziv da ima sedmero djece.
2:06:36,2:06:40,Ja znam obitelji sa sedmero djece katolike gdje nisu stvari dobre.
2:06:40,2:06:44,"Jer nisu to vidjeli kao poziv, nego su samo išli paušalno na broj djece."
2:06:44,2:06:47,Ja znam da ne funkcionira u stvari jer sam imao jedne susjede itd.
2:06:48,2:06:51,A znam i obitelji sa sedmero djece gdje je odlično.
2:06:52,2:06:54,I su oni to shvatili kao poziv jer sam imao i susjede i takve.
2:06:55,2:06:58,"Znači, hoću reći da nije, mi nekad previše to pojednostavljujemo."
2:06:58,2:07:02,Kao evo ih imaju osmero djece i u nadcrtenim krugima se plješću.
2:07:04,2:07:05,Nemojmo nikoga uzdizati ništa.
2:07:06,2:07:09,"Znači, hoću reći, neko je pozvan na jedno, neko je poznan stvarno."
2:07:10,2:07:21,"možda da ima dvoje djece jer ima vrlo odgovoran posao gdje isto svjedoči i služi recimo medicinska sestra, recimo ne znam, i služi za Boga radi vrhunske stvari."
2:07:21,2:07:37,"Jednostavno procijenila je u odnosu s gospodinom u razgovoru sa svojim mužom da je dvoje, dvoje, naprimjer, netko ne može uopće imati djece, a mi sudimo, evo oni imaju samo jedno, a danas znamo ko nikad ne mogu par imati."
2:07:37,2:07:40,Tako da je bolje gledati sebe i svoj odnos s Bogom.
2:07:40,2:07:48,"Ja bi uvijek poziva, ja opet ću reći, kršćanski parovi će u pravilu biti otvoreniji životu, to svakako, tu se svi slažemo."
2:07:49,2:07:59,"Kršćanski parovi koji idu gospodinu, gospodin će njima dati i otvorenost, i ne znam, i trenutak i što i kako."
2:08:00,2:08:03,Ali ne znači da svi su pozvani na isto.
2:08:03,2:08:11,"I zato bolje bi bilo da mi gledamo sebe i svoju odnos s Bogom, nego da mi procjenjujemo tko ima katolički brak, tko ima naš."
2:08:11,2:08:18,"Ili ono, mislim, ako sve baš žene katolike ostanu doma, nećemo imati katoliku sestru, učiteljicu."
2:08:18,2:08:28,"Dakle, ajmo biti tu malo umjereniji i pusti gospodina da on na različitim darovima koje duh daje nekako usmjerava naše života živote."
2:08:28,2:08:33,"Mislim da je bitno da to kažemo jer da ne bi ostalo u zraku, kao da mi sada ono smo za."
2:08:33,2:08:38,Ne kažemo stvarno mi ili ostavljamo tu sliku da smo možda korigirani što se tiče tih kalupa.
2:08:38,2:08:41,"Evo meni je bila u podkastu Matej Glavaš, majka šestorodjelica."
2:08:42,2:08:43,Njoj je to baš poziv.
2:08:43,2:08:52,"Ali ja kažem svojim kad smo nešto komentirali u Frencima, ali ja se ne osjećam ugroženo na suprot nje sa svojih dvoje tada."
2:08:52,2:08:53,"Da, pač ja se divim."
2:08:54,2:08:55,Jer to je njen poziv.
2:08:56,2:09:10,"Ja, evo možda će me sad neko osuditi, ja ne osjećam da je to moj poziv u ovom trenutku, barem ono, ali evo njen je i svaka čast i znam da je i poslije te epizode bilo jako puno komentaraara gdje su žene pisale, evo, baš mi je ovo bio pogoranac."
2:09:11,2:09:21,"Pa nekome je baš to trebalo jer možda se osjeća pozvan, ali ti neke prepreke su se možda činile veće nego što jesu."
2:09:21,2:09:25,"Neko će shvatiti, ne ja se u ovome, Bože, ne pronalazim sad za sad."
2:09:26,2:09:28,Ali vidjeti te primjere je jako važno.
2:09:29,2:09:33,"Zato što ne vidimo te primjere, nego dobiješ samo kao ajme, ajme troje djece."
2:09:34,2:09:38,"A što kaže moj prijatelj Anteke, što dodaš malo više vode u uho i šta sad donosiš?"
2:09:38,2:09:50,"Troje djece, inače nasljeđuješ, imaš, mislim, koji ima i dobre društvene odnose, ljude, prijatelje, pa mislim ta se roba i nasljelijedi, se misli kad se govori o tim troškovima koji imate lupaju, a umrijećeš."
2:09:51,2:09:52,"Da, malo."
2:09:52,2:09:54,"Pa evo, ja sam jedna od šestero djece i meni je to."
2:09:55,2:09:57,"Ajmo, meni koje je bogatstvo i blagoslovo."
2:09:57,2:10:07,"Pa ne prođe dan da ja bar s jednom od dvije sestre ne popijem kavu, jer svi smo u krugu 500 metara i ono, baš mi je to."
2:10:07,2:10:09,"Evo, mali ampro life, moramo imati dio."
2:10:09,2:10:10,"Da, dio."
2:10:11,2:10:20,"A što se brata tiče, kažem, tih sedam točaka, samo ću ih kratko spomenuti, jer nemamo vremena, naravno, da ovaj podcast ipak ima i granice svoje."
2:10:21,2:10:34,"Ali evo, kratko možda, pa možda neko i bude zanimljivo., mi smo proslavili volju jer ti zapravo u brak ne ideš kada osjećaš ljubav, vi sad to ljubav na nekim prvim svojim stupnjevima."
2:10:35,2:10:39,Jer ti možda to vidiš i prije nego si došao i rekao želim.
2:10:39,2:10:41,"Znači, brak počinje kako?"
2:10:41,2:10:42,"Jednom voljom, jednom željom."
2:10:42,2:10:44,I zapravo brak i drži ta volja.
2:10:44,2:10:52,"Jer ti ćeš sutra stvarno nekad možda i upoznati nekoga i biti u nekoj situaciji, napasti i osjetiti možda ne nešto, ne dogodi se, ljudi smo."
2:10:53,2:10:57,"Ali šta te drži, ako izgubiš nešto dublje, drži volja."
2:10:58,2:11:00,"Ja svoju željnu nekad kažem, ja mogu otići, ali neću."
2:11:00,2:11:01,Neću otići.
2:11:01,2:11:02,Je li to romantično?
2:11:02,2:11:03,"Ono ka je., mlijeko je super."
2:11:05,2:11:09,"Kad sam to prvi put čuo, mlijeko je pa kamen ili njoj oću reći."
2:11:09,2:11:11,"Ali, više mogu, ali neću."
2:11:11,2:11:12,"Znači, volja hoću."
2:11:13,2:11:15,"Onda druga stvar, izraz ljubavi."
2:11:16,2:11:18,"Da, romantika se ne gubi u braku."
2:11:18,2:11:23,"I naravno, ne mislim samo na romantiku, nego na prave izraze ljubavi, a to su ono služenje."
2:11:23,2:11:28,"To je ono kad si bolestan, kad ti snimaš podcast da je on sa djecom."
2:11:29,2:11:31,"To su izraze ljubavi, pravi ako ćemo gledati onako."
2:11:31,2:11:32,Ali i ovi drugi trebaju.
2:11:33,2:11:41,"Znam da možda tvoj tata, hercegovac, ko moj sinjanin, možda nije našim mamama rekao volim te glasno."
2:11:41,2:11:42,"Ali, recimo, evo, to je jedan."
2:11:42,2:11:48,"izraz ljubavi, gdje ja pozivam muškarce da kažu svoje žene: volim te jer znam koliko njima to znači."
2:11:48,2:11:54,"Naravno, drugi možda, neke osobe nemaju to u sebi, ali će na drugi način izraziti svoju ljubav."
2:11:54,2:11:56,Ali je bitno da bude izraz za ljubav.
2:11:56,2:11:57,"Znači, nije kad si u braku gotovo."
2:11:58,2:12:01,"Ali, ako ti nije ugodno, prelomi jednom, dva puta, tebe se udjeluješ."
2:12:02,2:12:03,"Evo, treći put će biti lakše."
2:12:03,2:12:04,"E, treća, sva poštovanje."
2:12:05,2:12:07,"E, to nekad se malo trsimo, šta je to poštovanje?"
2:12:08,2:12:15,"Onda, ako malo to tumačimo, mislim, ovako poštovanje je svakako znati nekome dati priznanje za dobro koje čini."
2:12:15,2:12:17,"To je, recimo, jedan oblik ono."
2:12:18,2:12:20,"Znači, to je muškome jako bitno i to svi kažemo."
2:12:20,2:12:24,"Žena više treba možda izraze ljubavi, a muškarac više treba izraze poštovanja."
2:12:24,2:12:29,"Pa čak i kad je tu sliku, recimo u broju potrudio se, a ne hajme, ne vidimo ga."
2:12:29,2:12:35,"Znači da znaš, a druga stvar, poštovanje poštuj razlike koje postoje među nama."
2:12:35,2:12:50,"Jer nekad naši ljudi idu u brak sa osobom, sa slikom te osobe koju oni imaju u nekoj budućnosti, ja ću od njega napraviti tu sliku s kojom sam, zapravo ne vjenčaju se s osobom nego sa slikom."
2:12:51,2:12:58,"Faliti poštovanje jer ta osoba možda nikad neće tu negativnu naviku pobijediti, ali ti je voliš takvu, ti si tu osobu izabrala."
2:12:58,2:13:11,"Znači ti je voliš i dalje iako mu je čarapu cijeli život mičeš, stavljaš, recimo, to je isto, malo ono, da vidimo i te neke u nama bogove koji donose toliko nepotrebnih trzavica."
2:13:11,2:13:16,"Znači, osoba će uvijek imati neke svoje mane ili ne znam, žena i ja, ja sam jutarnji tip, onaj večernji tip."
2:13:16,2:13:24,"I sad se mi možemo zbog toga svađati, a možemo od toga izvući nešto najbolje, pa ja povučem ujutro, ona navečer."
2:13:24,2:13:39,"Naprimjer, volja, izraz ljubavi, poštovanje, onda razgovor namjerno u središtu, u smislu da, jer zapravo smo vidjeli u razgovoru i radu, mi smo preko kursilja povezani sa različitim obiteljima, braku i imali smo to iskustvo i zbog kursilja."
2:13:40,2:13:42,smo razvili ovo izlaganje.
2:13:42,2:14:07,"Vidjeli smo zapravo koliko najnormalniji ljudi koji ulaze sa ispravnim namjerama, čak u brak i sve, dogodi im se život da im se komunikacija tjedna pretvori samo u logističku, ko će im dijete, ko će posao i društvo nam tu ne pomaže da se razumijemo, ali ima parova koji su pet, šest godina samo tako razgovarali i postali su stranci."
2:14:07,2:14:14,"I onda se čude neki kako smo se rastali, jer niste pazili da je razgovor jako bitan sastavnak braka."
2:14:14,2:14:19,"Znači, ja ne mogu u tjednu više kava popiti sa svojim kolegom s posla nego, nego s mužinom."
2:14:19,2:14:20,To će se nekad dogoditi.
2:14:21,2:14:25,Ali ja moram onda raditi na tome da ja imam sa ženom taj trenutak.
2:14:27,2:14:30,Ali to je onaj razgovor kad se gledaš oči koje imaš prije braka.
2:14:31,2:14:34,"Evo, razgovor pojednostavljeno, ima tu naravno puno toga."
2:14:35,2:14:38,"Onda zrelost, znat postaviti prioritete."
2:14:38,2:14:44,"To mi je zanimljiva priča svetog Josipha, kojem ja nikad nisam prije bio nešto posebno pobožan."
2:14:44,2:14:46,Nije me nitko tome naučio.
2:14:46,2:14:50,Ali ono se malo razmatra da je sad toliko popularan taj sveti Josip.
2:14:51,2:14:58,"I onda još u Bibliji imaš dvije rečenice o njemu: pravedan, sveti Josip pravedan."
2:14:58,2:15:00,Jedna riječ praktički ga opisuje.
2:15:00,2:15:08,"I onda kad malo razmišlja o toj riječi, klasična definicija pravednosti je dati svakome ono što mu pripada."
2:15:08,2:15:10,"Znači, šta je Josip zna?"
2:15:10,2:15:11,Dat svakome ono što mu pripada.
2:15:12,2:15:17,"Zna je dati Bogu što njemu pripada, zna je dati ženi što njoj pripada, zna je dati djeci što njima pripada."
2:15:17,2:15:23,"Dakle, nije im bio dijete novo, nego im je bio otac, bio im je odgoj, bio je ženi suprug."
2:15:23,2:15:29,"Znači, svakome je jedna, kako moćna, jedna riječ koja toliko zapravo govori, zna svoje prioritete, zna svoju ulogu."
2:15:30,2:15:31,"Znači, zrelost."
2:15:31,2:15:37,"Onda zrelost znači i znati reći, znati priznati pogrešku., koliko smo spremni znati."
2:15:37,2:15:39,"On nije uvijek drugi kriv, zrelost je da znamo."
2:15:40,2:15:44,I zrelost je otkačiti od mame i tate.
2:15:44,2:15:45,"E, to je mnogima problem."
2:15:45,2:15:52,"Ne možeš uraditi kad god odemo, negdje imamo to izlaganje, recimo, jednog od najvećih problema, čak među katoličkim brakovima, ostavio oca i majku."
2:15:52,2:15:55,Što nikad ne bih možda ja rekao da je toliki problem.
2:15:55,2:16:00,"Znam da imamo s tim svi neke scene trzavice, ali tako je teško nekima otkačiti."
2:16:00,2:16:07,"U tom smislu, čak nekad i dosađe, a svi dolazimo vjerojatno u tu neku situaciju da moramo nekad malo oštrije, to se kasnije izgleda."
2:16:07,2:16:08,Ali treba štititi svoj brakon.
2:16:09,2:16:14,"I zahvalnost je šesta točka, jer šta ti je stvar, toliko nekih ljudi, toliko neki."
2:16:14,2:16:29,"Neki su ljudi i parovi stalno u tu uziji zato što se uspoređuju s drugima i kao ovi imaju više, ovi imaju naš, kaću ja ovo, umjesto da ono budu zadovoljni s onim što imaju, da poštuju isto svoje neke procese, korake."
2:16:30,2:16:42,"Znači, ta zahvalnost i naglas je reći, ja se prije uvijek smijem babama koje je tamo dole, ne znam je li u Hercegovini tako, ali znam da je tamo u Dalmatinskoj zagoriji, odakle je sa nama narodom Trilj, tamo ono svi znaju reći često, Bogu hvala i slava."
2:16:43,2:16:45,"Ne znam, ono podignuto, Bogu hvala i slava, našno."
2:16:46,2:16:51,"I onda se svakako tome smijem, nekad, ali steka sam tu naviku, ono pojedem stalno."
2:16:52,2:16:53,"I zapravo sam skužio, ja koliko je to."
2:16:54,2:17:01,"jedna neprestana bablja, litanija koja ti srce stvarno onda priprema da bude zahvalan?"
2:17:01,2:17:03,"Jer kad ti naglas rečeš nešto, to je moćno."
2:17:04,2:17:05,Bogu hvala i slava.
2:17:05,2:17:07,A drugi ljudi imaju koji džavlikaju i to je.
2:17:07,2:17:12,"Kužiš, kako je to ta zahvalnost pred djecom, molit naglas da i oni steknu tu zahvalnost?"
2:17:13,2:17:16,"I zadnja točka, da ne upilim sve, se ostavlja Bog."
2:17:18,2:17:18,A zašto zadnja?
2:17:19,2:17:25,Zato što Bog voli broj sedam i zato što nekako to je onda još razina više.
2:17:25,2:17:28,Jer nevjernici čak mogu doći do ovih šest točaka.
2:17:29,2:17:37,"Ali ova sedma je jedan, to je božja nadgradnja braka., to je nešto puno više nama i svakako ono nama katolicima bez toga nema."
2:17:38,2:17:43,Nekad Bog se baš posluži ljudima koji upoznaju što je služenje u braku da upoznaju Boga.
2:17:43,2:17:48,"Preko te ljubavi upoznaju šta je Bog, nesemična, darujuća ljubav koja se žrtvuje."
2:17:48,2:17:51,Tako da Boga stavljamo i onda uvijek kažemo na kraju šta je bitno.
2:17:51,2:17:58,"Kasnije, ako dođu problemi, koje su točke najbitnije naš, onda kao da svi kažu svoje mišljenje, u biti prva i sedma."
2:17:58,2:18:00,Da imaš volju i nemaš Boga.
2:18:01,2:18:03,I onda se otvori ova središnja razgovor itd.
2:18:03,2:18:07,"Znači, ono ima neku svoju logiku, drago mi je što si mi dala."
2:18:07,2:18:09,"Ne, ne, ne, ne, ne, ne, ne, ne."
2:18:09,2:18:12,"Dok si govorio, samo mi je naša asocijacija na neke."
2:18:12,2:18:14,"Na neke, ono kao baš mi klikne da ima smisla."
2:18:16,2:18:19,"Ne znam, peto, šesto nešto, ali baš dobra stvar."
2:18:19,2:18:20,"Znači, vi idete po župama."
2:18:21,2:18:24,"Pa da, mi to sada poslovno ne reklamiramo, nego razvili smo to."
2:18:24,2:18:27,"Pa su nas čuli na Kursilju, pa su nas zvali u jednu župu."
2:18:28,2:18:34,"Evo ove godine su nas zvali za sad u četiri, bili smo u četiri župe, a sad su nas zvali u još dvije."
2:18:34,2:18:40,"Tako da ništa se ne planira, mi to stvarno vidimo kao neki svoj apostolat."
2:18:40,2:18:42,"Tako da svako nas može zvati, ostavimo čak te."
2:18:42,2:18:45,"Evo ima natuknice, ostavimo te natuknice."
2:18:45,2:18:46,"Znači, ovo je nešto što."
2:18:46,2:18:50,"Ako neko ima ideju za ovo osmo, deveto točku, nek slobodno napiše dolje u komentaru."
2:18:51,2:18:52,Vrlo rado ću ih uključiti.
2:18:52,2:18:55,"Idemo u kraju, ja bih još spomenuo možda kratko."
2:18:56,2:19:02,"Budući da je ovaj ovaj dio o svačemu pomalo, ajaj ti Bogu, hvala, možemo razgovarati."
2:19:02,2:19:03,"Ne mogu da ih gledam na sat, ono što je."
2:19:04,2:19:08,"Tu je negdje dva sata, mislim, ali ako te gleda uru i pogleda ti, idu, idu."
2:19:09,2:19:10,U dva na vrata.
2:19:13,2:19:13,Odgoj.
2:19:15,2:19:18,"Te plaši ovaj dio odgojni u današnjem društvu, koje je puno izazova?"
2:19:20,2:19:25,"Imala si teme homeschoolinga u emisiji, možda dotakla si se i tema katoličke škole."
2:19:25,2:19:26,Kako gledaš na to?
2:19:29,2:19:30,Trudim se biti optimistična.
2:19:32,2:19:37,"Svjesna sam, nisam u nekakvom našem, nemam roza naočala, ali svjesna sam stvarno opasnosti."
2:19:38,2:19:52,"Evo, jedna isto super epizoda, Marina Katinić-Plečić, kada je pričala o tim nekim sad novostima koje nam dolaze, prvenstveno sa Zapada, a onda i preko ovih nekih naših političkih struja koje naginju toj vuk struji."
2:19:54,2:19:56,Ono nije mi baš svejedno.
2:19:57,2:20:01,"Mislim da je lakše u nekim možda manjim gradovima, manjim sredinama."
2:20:02,2:20:04,"U Zagrebu, baš čovjek treba biti oprezan i svjestan toga."
2:20:05,2:20:17,"I Bogu hvala na ipak i nekim privatnim, ne sa što su privatne., nego ipak škole koje imaju svoje neke kurikulume koji se ne daju, i naravno tu mislim na katoličke škole."
2:20:19,2:20:25,Neka ih ne mislim da su isključivo po svemu bolje od državnih škola.
2:20:26,2:20:39,"Ali evo jedna mogućnost za one koji žele posebno obratiti pažnju na to da ipak ne moraš poslije škole još dodatno djeci objašnjavati: Ma, znaš što je učiteljica zapravo mislila, ali mi kući nešto drugačije živimo."
2:20:39,2:20:42,"Tako da, drago mi je da postoji ta opcija katoličkih škola."
2:20:44,2:20:53,"Mi smo još onako, ne mogu reći, nemam još dijete u školi, još smo na li lila jer, ha ne znam, pitam se isto onako razmišljam, naglasi je li to sad stvarno nužno potrebno?"
2:20:53,2:20:56,"Ne znam, ali naginjem ipak da možda je."
2:20:56,2:21:01,Ja sam isto išla u katoličku gimnaziju i drugačije je to ozračje.
2:21:02,2:21:15,"Na stranu, sad kvaliteta, mislim, to je do škole, ali ozračje je jako bitno jer ipak ti djeca provedu popriličan broj sati tamo i nemaš kontrolu što oni tamo slušaju, gledaju."
2:21:16,2:21:28,"Mislim, ponekad ti, znaš, poslije nekog crtića kojeg ti dopustiš, dođe neka reklama koju nisi dopustio, po ono ajme meni jer je djete pet minuta nešto pogledalo, a kamoli sad, ipak pustiti djete na pet 5-6 sati negdje gdje ti ne znaš."
2:21:29,2:21:33,"Pa, da, ne možeš ti dijete nikad očuvati od svega, ozračje."
2:21:33,2:21:42,"Ja mislim da je to ključ, barem bi meni, meni su drugi bili to ključ, mi imamo djecu u katoličkoj školi, ali ne mislim također da je to nužno najbolja, tj."
2:21:43,2:21:44,"da, ovako ću to reći."
2:21:44,2:21:49,"Ne mislim nužno da u katoličkim školama nema poteškoća, problema, da je sve idealno, da je ono."
2:21:49,2:21:55,"Ne mislim, ali ono kako gledamo, kad sagledamo malo škole, pogotovo u Zagrebu, svašta ulazi u škole."
2:21:55,2:22:02,"I onda ti jednostavno moraš biti spreman za neke borbe koje možda nisi upočasnio, nisu naš imali prije možda 15-20 godina."
2:22:02,2:22:05,Kad moja mama kaže: Pa.
2:22:05,2:22:20,"Pa zato što ti imaš viziju škole, kakva je bila prije 20 godina, a ja vidim što je sad i sad se evo i ova udruga Karte na stolu, udruga 64 i ova inicijativa Karte na stolu se bori protiv nečega što je nama bilo možda smiješno prije 20 godina da će uopće ući."
2:22:20,2:22:27,"Mi mislimo, to je nemoguće da će u Hrvatsku ući, recimo taj vokizam, LGBT, teme itede."
2:22:27,2:22:36,"I sad se ljudi moraju, roditelji uz redovito obrazovanje, boriti još i s time da njihovo dijete, ne znam u svom razredu, mora nekog dečka zvati ona."
2:22:37,2:22:38,"Takve neke, evo."
2:22:38,2:22:44,"Ja zato vidim da je to jedna dobra alternativa, ako može, neko ne može u smislu nije mu uz put, nije mu."
2:22:44,2:22:48,"Put njemu, ali po meni je dobro da imamo tu mogućnost da se informiramo."
2:22:48,2:22:51,"Ali evo čovjek ide kroz školu, isto naravno, to je jako bitno."
2:22:52,2:23:06,"Ali čak i ne samo kroz školu, koji ima i mlađu djecu ili koja nema mogućnost da mu dijete ide u katoličku školu, mislim da je jako bitno biti svjestan da si ti prvi taj odgajatelj svoje djece i učitelj i informirati se."
2:23:06,2:23:07,"Jer da, nova su vremena."
2:23:10,2:23:23,"Evo, baš mi je super, na primjer iz Selezijana, imati cijeli jedan niz knjiga koji zapravo pomaže roditeljima informirati se u tim nekim područjima na način koji je baš onako prilagođen."
2:23:26,2:23:32,"i pisan s ljubavlju, evo imam sad na umu, naprimjer knjigu, kako ona muško-žensko, drugo."
2:23:33,2:23:37,"Tako je lijepo pisana knjiga, to bi mogao pričati bilo tko uopće nije u vjeri."
2:23:37,2:23:46,"Ono ako jednostavno te uputi u tu temu da ti možeš sutra sa svojim djetetom razgovarati, a ne samo ne, ne, ne, to mi našlo prekriveno."
2:23:47,2:23:49,"Ne, ako ga ti nećeš uputi u tu temu, netko će drugi."
2:23:50,2:24:13,"Evo spomenula si tu knjigu, ja radim u Seleziji i mogu reći da smo baš s tim na umu htjeli pokrenuti tu jednu biblioteku koja se zove Dugo, zašto da vratimo i naš kršćanski pogled na dugu., ali u kojoj zapravo želimo objavljivati knjige koje će pomoći roditeljima, ali čak i osobama koje se bore sa tim sklonostima, koje će im pomoći da upoznaju crkveni nauk i da se s tim nose."
2:24:13,2:24:22,"Znači s nekim praktičnim, konkretnim savjetima, dakle i roditeljima da se upoznaju s tom temom, da znaju razgovarati s djecom o tome, ali kažem i osobama koje se možda s tim bore."
2:24:22,2:24:23,Kakva je ovo knjiga?
2:24:23,2:24:29,Ako se ti osjećaš tako i tako i osjećaš da nisi dobro došao u katoličkim krugovima kao ono oprosti?
2:24:30,2:24:32,"Ovo bi bilo kao, kakva je ovo knjiga?"
2:24:32,2:24:40,"I onda shvaćaš kako svi trebamo malo promijeniti način komunikacije, ali ipak informirati se na kraju i danas stvarno informirati se jer."
2:24:42,2:24:44,Djeca će prije ili poslije to saznati.
2:24:44,2:24:48,Sad hoće li od tebe prvo ili od nekog drugog?
2:24:49,2:24:58,"Mi još imamo to u našem, malo se bojimo tih tema, malo i tako, ali trebamo, mislim naravno, kad dođu u dobu koja je prikladna za tako što."
2:24:59,2:25:19,"Dobro, idemo jedna od zadnjih tema, feminizam, spomenuli smo ga već, ali zanimljivo mi je to jer si Hercegovka i iz jednog si takvog kraja gdje, ajmo reći, malo je ono jače patriarchalni sustav koji je kod mene u Sinju, pa me zanima i sad si organizirala si ovu konferenciju, osnažena i nježna."
2:25:20,2:25:23,"Odvažne, evo, i sad jama."
2:25:23,2:25:24,Ovaj vidi se da.
2:25:25,2:25:25,Ima već od tada.
2:25:26,2:25:31,I ja sam prekršio odbačene komentare.
2:25:33,2:25:50,"Sigurno da me zanima kako gledaš na to, pogotovo zato što on nekako možda i ta tvoja konferencija, ovako iskreno, isto ono kad sam pogledao čovjek, ono to koje je more sa tih konferencija, gdje mi izgleda kao da te žene danas, kao da se nalaze da se međusobno tješe i podupiru u nekim svojim stilovima života."
2:25:51,2:25:59,"I općenito mi je sve problematičniji taj izraz feminizam, koliko god će netko reći da postoji katolički feminizam, ali feminizam u svom izvornom značenju."
2:25:59,2:26:03,"i kako je nastao, i sve ovaj agresivni, barem."
2:26:05,2:26:14,"Od starta je on bio nekako okrenut, malo, amoreč na način koji nije baš moguće pomiriti sa jednim kršćanskim pogledom."
2:26:14,2:26:15,Kako ti?
2:26:15,2:26:38,"Ja ne prihvaćam to da postoji kršćanski feminizam i baš u toj borbi u komentarima što sam spomenula je bilo baš puno, zapravo su mi najviše digli živaca ovi koji govore, ali ne moraš ti biti za obortu da bi feminizam nije samo to, pa dobro da, ali u svojim postavkama ima i to, stoga ne mogu ili stvarno ne mogu to pomiriti jedno s drugim i zašto."
2:26:39,2:26:42,bi sve moralo biti pod tim jednim kišobranom?
2:26:43,2:26:55,"Ok, ja nisam sad sad sad zasad smislila neku novu riječ, ali ne moramo svi, odnosno nije uvjet da bi činio dobre stvari za žene biti dio feminističkog pokreta."
2:26:55,2:27:08,"Razno razni su pokreti nastajali kroz povijest koji su neke stvari i dobro donijeli ili su barem u teoriji imali neke dobre namjere, ali danas ne stojimo iza njih jer su činili neke loše stvari."
2:27:08,2:27:18,"Po meni je promicanje pobača jedna toliko loša stvar da ne mogu preći preko toga i pomisliti, ma dobro, i to se sve nekako izravna jer neke stvari, Jer neke su dobre stvari radili."
2:27:18,2:27:22,Po meni i nisu neke toliko dobre stvari radili koliko su štete učinili.
2:27:22,2:27:29,"A što se tiče ove moje konferencije, ja sam, kao što sam dugo odbijala se zvati influencericom, tako sam dugo odbijala to nazvati konferencijom."
2:27:29,2:27:32,Čak na nekim prvim objavama ja to najavljujem kao ženski forum.
2:27:33,2:27:44,"Ali onda kad je to naraslo ipak na jednu brojku od 350 uzvanika, dva panela, pet govora, a misliš dobro ko gjalažemo, ovo se stvarno liči na konferenciju, idem ju tako i nazvati."
2:27:45,2:27:51,"Ali slažem se da je ona po mama konferencija, iako dobro, nek se žene druže možda bolje na konferencijama nego negdje drugdje."
2:27:52,2:27:56,"Znaš kako kažu mladim curama, kao gdje tražite dečke ne u kafićima nego na konferencijama."
2:27:58,2:28:00,I bit će opet konferencija.
2:28:00,2:28:06,"Ako se netko pita, to je bila samo prva i ne kažem da će svaka biti samo za žene da se razumijemo."
2:28:06,2:28:20,"Ovaj sadržaj jednostavno i neke govornice su pasalo im je da bude samo žensko društvo u publici zbog njihovih svjedočanstava, ali zamišljeno je kao to genera, to je isto bilo inspirirano malo i Charlie Kirkom itd."
2:28:20,2:28:23,u naletu tog razmišljanja što ja ostavljam iza sebe.
2:28:24,2:28:35,"Pa ono, ajmo to malo raširiti, ajmo to malo prevaciti u offline svijet da ne bude samo na internetu da se ipak i vidimo i dijelimo te vrijednosti i baš sam htjela pokazati da ima nas."
2:28:35,2:28:41,"Ima nas izvan tog kalupa, ima nas žena koje smo izvan stereotipa."
2:28:42,2:28:53,"U svijetu smo, bilo je jako puno uspješnih mladih, modernih, bilo je i malo tradicionalnijih, i žene koje nemaju djecu, i koje imaju peterošestoro djece."
2:28:53,2:28:57,"Ima nas razno raznih, ali dijele nas te neke vrijednosti."
2:28:57,2:29:00,"To mi je bio cilj, da ne bude baš uska niša."
2:29:01,2:29:04,"Dijelimo vrijednosti, da ne dijele vas, nego dijelite vrijednosti."
2:29:04,2:29:06,"Znači, vi ste iako ste različite, da ne biste."
2:29:06,2:29:10,"Tako je, ako sam skrivio izrazila se ime već točno."
2:29:10,2:29:10,Točno zna zna znači.
2:29:11,2:29:13,"Evo, spominješ stereotipe, to je zadnja tema."
2:29:13,2:29:44,"Prije svega, dakle, stereotipi među feministima, možemo to tako reći, je da katolkinje nekako su previše submisivne i da ne mogu biti poduzetnice, a ti si zapravo, ova misija je zapravo pokazatelj skroz nečega drugoga, dakle to uopće ne znači nužno to, ali oni imaju stereotipno gledanje na katoličke muškarce koji uopće, ono, koda toljana im fali samo, tako da evo možda i to je zanimljiva tema za početak, da, to je baš dobra tema."
2:29:44,2:30:01,"I ono vodstvo muškaraca, zašto bi to bilo, mislim, da, to su te teme koje, okej, trebamo vidjeti šta mislimo po time, jer opet postoji neki patrijarhalni pogled,i čak i u nekim katoličkim mjestima, i to možda stvarno muškarci i previše su grubi."
2:30:02,2:30:04,"Treba otvarati te teme, svakako."
2:30:05,2:30:11,"Ali načelno, nemaš ti kao hercegovka problem u odnosu sa svojim mužom."
2:30:11,2:30:14,"Ama to ne, ali apropo o hercegovini."
2:30:15,2:30:18,"Sada, nastrano, disfunkcionalni odnosi, toga ima svugdje."
2:30:18,2:30:22,"Znači, to ne treba gurati kao da je to neki hercegovački žir."
2:30:22,2:30:32,"Ako je čovjek grub, nasilan, tu ne pričamo o hercegovačkom žiru nego o nasilju u obitelji, nego ako gledamo jednu skladnu hercegovačku obitelj, onda bih ja to opisala kao."
2:30:33,2:30:34,"muže glava kuće, ali žena je vrat."
2:30:36,2:30:41,"Okrće, kako ona procjeni da je u tom trenutku dobro za obitelj?"
2:30:42,2:30:47,"Ma, mislim, ništa bez žena, pogotovo ispletom nekih povijesnih okolnosti."
2:30:47,2:30:52,"Žena je zapravo ta koja je držala tri stupa kuće, ako ne i dan danas."
2:30:52,2:30:57,"Ali treba muškarcu dati ono što je njegovo, po nekoj i naravi, pa i ulozi."
2:30:57,2:31:04,"Tu se referiram i na ovo poštovanje koje si ti spomenuo, jednako kao što nama treba neki izraz ljubavi, tako muškarcima treba poštovanje."
2:31:04,2:31:12,"I super, evo, ako si rekao, ako krivo ubuši sliku, pa dobro, i on tebi kaže da si lijepa, ne kaže ti ono, te strije su ti sret skroz ok."
2:31:13,2:31:17,Ali da se ne bližu sasvim te razlike do čega zapravo dolazimo.
2:31:17,2:31:26,"Da, ali kažem, ne želim brkati to kersegačko grubo nešto i gdje je dysfunkcionalno i gdje je nasilje, to treba tako i nazvati."
2:31:26,2:31:29,I treba osnažiti žene da to nije normalno.
2:31:29,2:31:44,"Znam da i nekad u našim krugovima, pa čak i svećenici, ne znam iz iskustva, nego samo iz nekih ovako priča koje dođu do mene, da ono čak i nekad i crkvenim krugovima se savjetuje, samo moli, samo šuti."
2:31:45,2:31:50,"Treba tu baš biti oprezan, treba biti oprezan jer dostojanstvo žene i dostojanstvo."
2:31:51,2:31:55,"muškarca je nešto što trebamo njegovati, a ne samo tu podložnost."
2:31:56,2:32:08,"I kada smo kod stereotipa, zadnja stvar, ti evo mogu reći vrlo uspješno razbijaš stereotipe o Katolicima, ne samo o ženama, nego općenito o Katolicima, baš zato što radiš i nastojiš raditi stvari kvalitetno."
2:32:09,2:32:12,"Vidiš ti to, je li ti to jedan od ciljeva, je li ti to kaže netko?"
2:32:14,2:32:16,Razbiti stereotipe o Katolicima.
2:32:17,2:32:19,"Pa da, da, da, mislim da baš to treba."
2:32:19,2:32:28,"U tom smislu da su površni, da ne rade dobro, jer nekad mi se čini u crkvi imamo priliku raditi toliko toga što je dobro, a onda to ofrlje nešto napravimo."
2:32:28,2:32:31,Pravimo i gubimo priliku u životu.
2:32:31,2:32:40,"Mislim da je nekakva percepcija i promicanje slike o katoličkoj, da smo najgori za sebe."
2:32:41,2:32:42,Kao da nas je strah.
2:32:44,2:32:51,"Mislim, meni isto nekad padne na pamet, kad bih ogolila skroz sebe i svoje neke razmišljanja."
2:32:51,2:32:53,Tko bi me na kraju pratio?
2:32:53,2:32:56,Možda bi apsolutno kliknulo sa mnom sto ljudi.
2:32:57,2:33:07,"Ti, moraš nekad pribjeći u nekakvu nišu, čisto jer ne možeš se složit, sigurno mene sad prati ne znam šezdesetak tisuća ljudi, pa sigurno se neće složiti sa svime."
2:33:07,2:33:18,"Svime, ali malo pomalo možda neke stereotipe pokušavati izlaziti iz tih kalupa jer nam neki stvarno ne idu baš u korist."
2:33:19,2:33:25,"Ono to da je žena, ne znam što uopće znači biti podložna, nećemo sada to je ogromna tema."
2:33:26,2:33:29,"To sam obradila sa dobrim namjerom, da već jesam."
2:33:30,2:33:33,"Ali evo, naprimjer, promicati to, ali opet se sve vraća na to."
2:33:34,2:33:36,Najbitnije je to živjeti i svjedočiti primjerom.
2:33:37,2:33:39,Ti ćeš svjedočiti to primjerom u svom kvartu i dosta.
2:33:39,2:33:43,"Pa i dvoje u kojem si ti kvartu, pa ti dva susjeda imaju posmorodjece?"
2:33:43,2:33:44,"Ne, ne, imao sam."
2:33:44,2:33:46,"Aha, selio sam se pet puta."
2:33:48,2:33:50,Ja sam sva pitanja iscrpio.
2:33:50,2:33:56,"Ne znam imaš li snage za još tri, četiri onako brza pitanja i odgovora od tvojih pratitelja?"
2:33:56,2:33:56,"Ajde, brzo."
2:33:56,2:33:57,Kad smo u 50.
2:33:57,2:34:00,"epizodu, ajde, pa neće nam sad, bože moj, kad je bal."
2:34:01,2:34:07,"Dobro, uglavnom, znači pitanja, mnoga pitanja smo već dotaknuli, znači o tim početcima, podcastu itd."
2:34:11,2:34:15,A sad postoji neka ovako vezana možda uz tvoj vjerski život?
2:34:16,2:34:22,"Pa, na primjer, kako ti na koji način prolaziš svoje duhovne suhoće?"
2:34:22,2:34:29,"Pa, onako najkraće, ajmo reći., dopustim si da je to normalno."
2:34:30,2:34:41,"Znaš, ono nekako, molim se na tu nakanu, Bože, da je ono, ajmo opet približim se, da je kao nekako osjetim da sam krenula nekako po defaultu raditi stvari."
2:34:41,2:34:47,"Mislim, kod svakog je to možda drugačije, ali ja onako više osjetim da nema te žari toliko."
2:34:47,2:34:53,"Jednostavno, molim se na tu nakanu, ali ne očajavam, kužim da je to ok i sad možda utjecaj nekih drugih stvari."
2:34:54,2:35:04,"Ili jednostavno, to oscilira kao i svaki odnos i s mužem ponekad, ono samo, mi se onako samo pogledamo kao i kažemo, smo mi ok."
2:35:04,2:35:05,"Pa jesmo, jesmo."
2:35:05,2:35:07,"Ali ono kao taj dan, ono nismo se stigli nešto."
2:35:08,2:35:09,"Oke smo, oke smo."
2:35:09,2:35:13,"Samo smo se možda oboje ustali na krivu nogu, ali sutra će biti bolje."
2:35:13,2:35:15,Tako i u duhovnom životu.
2:35:15,2:35:23,"Sad je ta neka faza, ali ja znam da je Bog tu pa nije on meni sad okrenuo leđa jer ja zadnje dvije, tri misle sam otišla preko volja, mislim, božemo."
2:35:24,2:35:29,Pa to je uvijek i prilika da ne temelji svoj odnos na osjećajima.
2:35:30,2:35:30,Istina.
2:35:30,2:35:32,Jer je to uvijek labavo i tako.
2:35:34,2:35:35,Piše ovaj na.
2:35:36,2:35:39,Kažeš da vidiš isto sa uživo što bi mu prvo rekla.
2:35:39,2:35:40,Jel' tikad pao to napomenuti?
2:35:40,2:35:43,Da ga vidiš sad uživo što bi mu prvo rekla.
2:35:43,2:35:44,Ono pa vidiš.
2:35:44,2:35:45,"Pa vidim ga, ne vidim ga doslovno, ali."
2:35:46,2:35:48,"Ali dobro, ajde sad, da dođe ispred tebe."
2:35:48,2:35:51,"Ajde, to sam isto pitanja pitala, bi bila za nju."
2:35:51,2:35:52,Ja bih rekla isto što i ono.
2:35:52,2:35:53,A možda su zato istaknuli.
2:35:55,2:35:57,"Ja bih rekao, oprosti mi, molim te, znam sve."
2:35:58,2:35:59,"Znam sve, ja bih rekao."
2:35:59,2:36:04,"To reći, ne znam, dobro pitanje, ali vjerojatno bi samo uživala tu njegovu prisutnost."
2:36:05,2:36:12,"Što ti je, ajmo reći, najviše učvrstilo vjeru, neki događaj koji ti je nekako baš bio bitan za tvoj vjerski rast?"
2:36:13,2:36:20,"Zapravo, zahvalnost na svim dosad stvarima nije jedna stvar, nego ja kad pogledam na koliko toga mogu biti zahvalna."
2:36:21,2:36:22,"Evo, ja samo isključivo."
2:36:22,2:36:30,"Samo na temelju toga kakvog čovjeka je meni Bog doveo na put, mislim, svoga muža."
2:36:31,2:36:37,"I ono, mislim, sad ne znam, nisam nikada razmišljala o tome na taj način, ali sad mi pada na pamet kako da ne budem zahvalna."
2:36:37,2:36:44,"I često ja kažem surama kad ono meni, neke mlade ili frendice ili sestre, kažu oko da je to najbitnije na svijetu, molit se za muža."
2:36:44,2:36:53,"I kažem, je, to ti je stvarno najbitnije na svijetu, skoro najbitnije na svijetu, jer ono, to je nekakav temelj tvoje buduće obitelji itd."
2:36:54,2:37:01,"I ne znam, jednostavno kad vidim u kakvu poziciju me Bog stavio na ovom svijetu u ovom vremenu, imam toliko zahvalnosti."
2:37:03,2:37:10,"da, ne znam, imamoće iz te zahvalnosti onda ide dalje, sve dalje."
2:37:11,2:37:13,Što te usrećuje osim obitelji?
2:37:13,2:37:16,Od čega ti oči zasija i duša pjeva?
2:37:16,2:37:17,Osim obitelji.
2:37:17,2:37:19,"Aha, dobro, tu sad ne mogu reći obitelj."
2:37:22,2:37:24,To su zapravo neke male stvari koje vidiš.
2:37:24,2:37:24,Kava sa sestrama.
2:37:25,2:37:26,"Ma da, kava sa sestrama."
2:37:26,2:37:34,"Ili čak kad vidiš nešto dirljivo, ono naše dvoje starih ljudi kako se drže za ruke i te neke sitnice, ono baš mi to bude."
2:37:36,2:37:39,Što te u majčinstvu baš jako iznenadilo?
2:37:41,2:37:46,Koliko ti malo sna zapravo treba kad ga nemaš i možeš funkcionirati?
2:37:48,2:37:56,"Da mi je neko rekao da možeš funkcionirati na tri sata, sna rekla bi: nema šanse, ali na nekom forumu se može, u datom trenutku se može."
2:37:56,2:37:57,"A što, slično je."
2:37:57,2:37:59,Ja bi i slično odgovorio za oči.
2:38:02,2:38:03,I ajmo zadnje.
2:38:05,2:38:10,"Ovo je pitanje kako izabrati partnera i to ćemo staviti za neke druge misije, ali zanimljivo su pitanja koja ti treba."
2:38:10,2:38:12,To će doći drugi put da sam tebi sad odgovorio.
2:38:12,2:38:13,"Točno, točno, može."
2:38:16,2:38:19,"Evo ga, ovo je baš prema kraju prikladno."
2:38:20,2:38:20,za kraj.
2:38:21,2:38:23,"Za pet godina podcast postoji, ne postoji."
2:38:24,2:38:25,Postoji.
2:38:25,2:38:26,Postoji.
2:38:27,2:38:29,"Tako, Bog da i bude sve išlo normalno."
2:38:31,2:38:32,Mislim da bi trebalo.
2:38:33,2:38:34,Ne vidim zašto ne.
2:38:34,2:38:42,Pa jedino ta tvoja nepredvidljivost u poslovnom pogledu može tu vjerojatno nešto promijeniti.
2:38:42,2:38:43,Da ti padne neka super ideja.
2:38:43,2:38:45,Abi će mi žao ugasti podcast.
2:38:45,2:38:50,Jer ako neko da ti da neku ponudu što isto nije malo vjerojatno kao Ivo Bog eobilitirala.
2:38:51,2:38:55,"Već će bilo štakvi, ne šalim se."
2:38:55,2:38:58,"Bilo je takvih ponuda, ali ova sloboda kad si svoje."
2:39:01,2:39:12,"Pa i ja ti želim da onda ideš prema tom cilju koji je i dalje u tebi i želim onda i gledateljima da dožive tih tvojih pet godina podcasta, barem."
2:39:13,2:39:17,"Ne znamo hoćeš li mene zvati za stoti podcast, sumnjam nakon ovih tri sata."
2:39:19,2:39:28,"Ali meni je baš bilo drago što sam danas bio s tobom, tvoj voditelj, gost, ne znam što sam bio i želim ti da radiš i dalje."
2:39:28,2:39:42,"I ne samo da radiš, nego da radiš tako kako radiš i još je bolje i da osvjetlaš obraz svim katolicima i da se ne bojiš pogriješiti, pogriješit ćeš sigurno još sto puta reći neku rečenicu krivo i sve, ali evo to ništa ne umanjuje tvoje autentičnosti."
2:39:43,2:39:47,"Tako da evo, od srca s božjom pomoću, samo naprijed."
2:39:47,2:39:48,Hvala ti.
2:39:48,2:39:50,Hvala na dolazku i na odazivu.
2:39:51,2:39:59,"Stvarno mi je puno znači što si izdvojio toliko sad već sati u danu kao otac četvoro djece koji su evo neki u vrtiću, neki u školi, imaš svojih obaveza."
2:39:59,2:40:01,"Sad ih je svugdje smestio, sad su svi u vrtiću."
2:40:01,2:40:10,"Stvarno ono od srca cijenim izdvojeno vrijeme i evo taj tvoj klasični opušteni, ali baš profesionalni pristup."
2:40:10,2:40:18,"Evo, koji nije, pričali smo kako se ja pripremam, evo mogu posvjedočiti da se ti tekako pripremio za ovu epizodu, nisam ništa manje ni Nisam ništa manje ni očekivala, ali."
2:40:19,2:40:20,"Još jednom, hvala ti."
2:40:21,2:40:23,"I vidimo se prije stote, ali za stotu sigurno."
2:40:24,2:40:24,Obavesno.
2:40:25,2:40:32,"Evo, ja se nadam da ste i vi shvatili da sam se pripremio, bar sam se potrudio, nisam smio doći u ovaj podcast da nisam spreman."
2:40:32,2:40:40,"Hvala vam što ste izdržali s nama, pogotovo vi koji ste izdržali cijelu epizodu, ali i vi koji ste u više navrata nas gledali."
2:40:40,2:40:47,"Nadam se da vam je bilo zanimljivo, da ste upoznali malo više Ivu i onu iza kamere, ne samo ovu ispred kamere."
2:40:47,2:41:05,"Ali nemojte zaboraviti stisnuti like, subscribe, share, tako da ovaj podcast nastavi rasti i vrijeditiedi ga gledati, vrijedi gledati sve ove goste koji su u ovih prvih 50 epizoda došli u ovaj studio, u ovaj ili onaj drugi, ali sad je to ovaj."
2:41:07,2:41:11,Neka je i vama s Božjim blagoslovom do sljedeće emisije Ive Kraljevića.
2:41:12,2:41:14,"Pratit ćete njene objave, pa ćete znati kada je."
