Start (HH:MM:SS),End (HH:MM:SS),Segment
0:00:00,0:00:03,Sanio sam da ću imati veliku produkcijsku kuću i imam ju.
0:00:04,0:00:08,"Sanio sam da ću napraviti nešto veliko, Formula 1, tak nešto, napravio sam."
0:00:09,0:00:16,I sad san sljedeći koji sanjamo je da napravimo stazu Formula 1 u Hrvatskoj.
0:00:20,0:00:28,"Uvijek sam imao taj osjećaj i neku unutarnju želju da nešto budem bolje, više, da napravim nešto da se pokažem na svjetskoj sceni."
0:00:28,0:00:31,"Mislim, imao sam uvijek tu želju za dokazivanjem."
0:00:31,0:00:43,"I to je ono, to me pratilo, ali sad je bilo jedan event koji me natjerao biznis., ne, htio sam evo, iskreno ja sam išao u biznis jer prvi razlog mi je bio da se nisam htio ranom obući u životu."
0:00:44,0:00:47,"Sada ja idem u osnovno posao, sve to je meni tad bilo ono nepojmljivo."
0:00:48,0:00:59,"Međutim, danas dvoje djece ko više razmišlja o spavanju, nema spavanja i to godinama, tako da to mislim da svi roditelji znaju što to znači, ali to je bilo to."
0:00:59,0:01:10,"Znači onda sam, prvo sam pokrenuo neki portal Jaska Info u svom gradu, news portal, tako sam počeo sa medijima, to je bilo mislim 2003."
0:01:10,0:01:11,i 2004.
0:01:12,0:01:12,godine.
0:01:13,0:01:16,I nakon toga sam pokrenuo mjesečne novine.
0:01:17,0:01:29,"I počeo sam kao klinac od ne znam 24 godine izdavati mjesečne novine, imati redakciju, imati novinare i cijeli taj proces prolaziti."
0:01:30,0:01:42,"Naravno tu je bilo snalaženje, krpanje i svašta, ali pet godina su izlazile te novine na mjesečnoj bazi što mislim da je jako veliki uspjeh i mislim da je naklada bila oko 2000 komada i da je bilo samo 20-30% remitende da se vraćalo."
0:01:42,0:01:44,To je ono za takav mali neki kraj.
0:01:44,0:01:45,"Mjesečnik, da."
0:01:46,0:01:54,"Mjesečnik, a evo, znači super stvari iz tog projekta, recimo nekoliko nas je u vezama koje traju još i sad."
0:01:55,0:01:59,Znači imalo tu i niz benefita osim iskustava.
0:02:00,0:02:29,"Ne bi tu nikad pričao nikakvoj zaradi jer to je bilo krpanje, to je bilo bustrepanje, preživljavanje od mjeseca do mjeseca i jednostavno, ali jako lijep period i evo sad u Nacionalnoj svjedočničkoj biblioteci postoji arhiva lijepa tog razdoblja jaske koja je zabilježena jer to se sve katalogiziralo i slalo se svaki mjesec i u u NSB, tako da jedan dio povijesti možda je i to."
0:02:30,0:02:58,"Onda nakon toga su me tamo zapazili tadašnji vlasnici TV, koji je bio regionalna televizija, Free to Air, i tada su mi ponudili da uđem u tu priču, da preuzmem mjesto direktora, da preuzmem udjele koje su bili opterećeni nekim kreditom koji nikad nije roba isporučena i mislim bilo je milijonski kredit je bio za nešto što nikad nije bilo isporučeno."
0:02:59,0:03:00,Ja sam tada.
0:03:01,0:03:09,Tada sam Mlad Zelen prihvatio to i krenuo u spašavanje te televizije koja je bila u brutalnim problemima.
0:03:10,0:03:11,Zašto si to napravio?
0:03:12,0:03:13,Pa ne razmišljaš puno kad si tak mlad.
0:03:14,0:03:14,Koliko si imao godina?
0:03:15,0:03:18,"24, 25, možda 25 godina."
0:03:18,0:03:20,I sad ti imaš televiziju.
0:03:20,0:03:23,"Zašto si to učinila kao dobra prilika, recimo?"
0:03:23,0:03:37,"Pa ne znam, uvijek me privlačila ta televizija i mogu reći da, rekao sam to dosta puta, već kad sam išao na tekme DINAC-u, onda sam uvijek gledao te kamione televizijske tamo, te produkcije i gledao sam to mi uvijek."
0:03:37,0:03:41,"mi je bilo to, wow, i mislim uvijek kad bi to nekog dana ja napravio."
0:03:42,0:03:44,Evo mogu reći da mi se ta želja ostvarila.
0:03:45,0:03:49,"Koji ti je bio motiv da se prihodiš toga, samo nekakav izazov, učenje, novci?"
0:03:51,0:03:53,Mogu reći da nikad nisu bili sad neki novci.
0:03:53,0:03:59,"Primarni je uvijek se to bilo spašavanje nekih projekata, to je bilo uvijek više krpanje i borba."
0:04:00,0:04:06,Ali to te nauči snalažljivosti i to te nauči malo da nisu stvari sve lake u životu.
0:04:07,0:04:13,"I tad, mislim, motiv je bio, wow, da idemo napraviti, idemo televiziju."
0:04:13,0:04:15,"napraviti, mi smo televizija, mi snijamo vijesti."
0:04:16,0:04:21,"Mogu reći da su na toj razini tad kad se radilo, radilo se na baš visokoj razini."
0:04:21,0:04:29,"I vijesti su bile gledane, prilozi su bili kratki, nije bi sad bilo ono vijesti, dva priloga od 15 minuta, ne, ono baš smo trudili se što više raditi."
0:04:30,0:04:34,Jedna sjajna ekipa od kojih veliki dio ljudi još i danas radi sa mnom.
0:04:35,0:04:41,"To je ono, najveća stvar da smo izgradili, nismo nikad, nismo imao novaca da uzmeš ljude s iskustvom."
0:04:42,0:04:45,"Onda smo svi, dosad se bez ikakvog iskustva, išli u takve stvari."
0:04:45,0:04:51,"Evo ja sjećam se, moj sadašnji kum., mom djedetu Noj, Ivan Matić."
0:04:53,0:04:56,"On je došao, ne znam, 2007."
0:04:57,0:04:58,ili 2006.
0:04:59,0:04:59,ne znam.
0:04:59,0:05:06,"On je došao, javio se na posao za snimatelja, znači nije imao nikakvog iskustva."
0:05:06,0:05:13,"On je išao, živio u Americi, proputovao 48 američkih država, radio sve i svašta, vozač bio, namještaj premještao i sve."
0:05:13,0:05:25,"I on je došao na razgovor za posao i znači tad, sjećam se malo mutno, jer smo mi se zarundali do dugo u noć, ali evo, danas je."
0:05:25,0:05:29,"on šef tehnike i produkcije GP1, kum mom djetetu."
0:05:29,0:05:37,"Tako da iz svakog dijela te priče, poduzetničke, se puno tih pozitivnih stvari može povući i to ti čini život boljim."
0:05:40,0:05:53,"Taj natjecateljski duh, ili kako si rekao, ta neka želja da budeš najbolji, jer možeš ići naći razlog zašto se to stvorilo, kote, ili je to čisto pitanje genetike?"
0:05:54,0:05:56,"Tako sam se rodio, tako sam se rodio, nije se to."
0:05:56,0:06:11,"I onda zato, sad sam možda i krivo ono u početcima govorio svi mogu ići u biznis sve, ono ne, ljudi treba svako vidjeti što mu odgovara, koja je razina i stresa i odgovornosti mu odgovara i prema tome se prilagoditi i izgraditi svoj život."
0:06:12,0:06:14,Jer ne možeš ti dugoročno raditi nešto za što nisi.
0:06:15,0:06:20,Kad ta to pukne i samo ti stvara stres i bolje što prije promijeniti stvari ako se može naravno.
0:06:21,0:06:23,Kako se ti reagira na stres na početku recimo?
0:06:23,0:06:25,Uvijek je stres i sad je stres.
0:06:25,0:06:45,"Znači imao sam tu naravno i situacija da su propale firme, da se suočeš sa nekim stvarima recimo u projektu Formule 1 partner ne plati novac koji je rekao, koji je obećao, prekinu se prijenos i ti si pokupio novac unaprijed za cijelu godinu oglašavanja."
0:06:45,0:06:51,"I sad ja prođem pola godine kucajući od vrata do vrata, zivkajući i objašnjavajući što se dogodilo."
0:06:51,0:07:03,"I mislim, lijepa stvar je da 99,9% partnera tad je reklo, da, dobro, radimo skupa godinama, odlično radimo sve, naći ćemo neki put, ne brini se uopće."
0:07:04,0:07:08,"Tako da, to su neke i pobjede onda i iz toga naučiš puno stvari."
0:07:09,0:07:22,"Ali, mislim da je str srž mog posla kontakti i stvaranje tih dobrih kontakata, dobrih prijateljstava i to je ono što mislim da mi je najveća vrijednost."
0:07:22,0:07:37,"I danas možeš nazvati ko hoćeš i uvijek se ljudi jave s druge strane, uvijek se može dogovoriti nešto, ali to je zato što nisam nikad tražio neke nerealne stvari i nisam nikad gnjavio ljude ako stvarno ne mislim da možemo zajedno nešto napraviti."
0:07:37,0:07:43,Mislim to ljudi vrlo brzo uočavaju kad gledaju sa strane da je to tvoja najveća snaga.
0:07:44,0:07:49,"Baš sam te htio pitati recimo da sad zamjenimo uloge, da si ti na mom mjestu, da si ti voditelj uloge ovog podcast-a."
0:07:50,0:07:51,Kako bi te mene primio danas u gostu?
0:07:52,0:07:52,Pa isto ovako.
0:07:53,0:07:54,"Znači, molim."
0:07:57,0:08:05,Što je to u tvom ponašanju što imam osjećaj da si na nekakav način da privlačiš ljude?
0:08:05,0:08:12,"Da li ih privlačiš svojom jednostavnošću, da li ih privlačiš svojim optimizmom ili što god."
0:08:12,0:08:23,"Znači, vrlo je neobična priča kad gledaš onako malo iz daleka, ne znam osobu poput tebe koja se okružila sa tolikom količinom ljudi."
0:08:24,0:08:28,"ovaj, na nekakav jednostavan, organski, prirodan način."
0:08:29,0:08:32,"Često puta si spomenuo sad ove neke partije, zabave."
0:08:33,0:08:35,Meni se čini da ti voliš ljude baš.
0:08:35,0:09:03,"Pa ono da, druže ljubim sam, pa i evo sad sam ušao prvi put u životu u ono tu, ali sam ušao kao da sam tu sto godina, znači jednostavno sam takav i znači nemam, nikad ne podilazim ljudima, nikad ne, ono jednostavno nije mi sram reći u facu što mislim i dosta puta mi to je koštalo, ali to mi je ispravan način i zato mislim da to se vraća i ljudi su sa mnom na čistu uvijek."
0:09:04,0:09:11,Uvijek su na čistu sa mnom jer nema nekih sad tajnih planova ili kliknemo ili ne kliknemo i boki.
0:09:11,0:09:16,"Ako i ne kliknemo to je opet ok, nema ljutnje."
0:09:16,0:09:21,"Ali to je to, volim svoj stil i ne bih ga mijenjao."
0:09:23,0:09:24,Je li mogo nekoga to naučiti?
0:09:26,0:09:32,"Pa ne znam, sad to je više za psihologe i za pedagoge da li je to moguće."
0:09:32,0:09:39,Moguće je naučiti neke osnovne manire i neke osnovne formate i obrasce ponašanja itd.
0:09:39,0:09:43,Ali sad kako možeš naučiti nekog da bude iskren ko voli lagati?
0:09:44,0:09:44,Kako?
0:09:44,0:09:48,"To je ne znam, to je kućni odgoj, ja mislim to ide sve od malih nogu."
0:09:48,0:10:04,"I danas smo baš pričali na Hrvatskom radiu, smo bili oko ovih divljenja na Krku i bio je profesor jednog sprovodnog fakulteta i rekao je ono da sve kreće iz doma, iz odgoja i da moramo više edukacije."
0:10:05,0:10:13,"Ali sam ja onda dometno malo, danas ta edukacija, imam klince od 3 i 9 godina, mislim da je danas već."
0:10:13,0:10:16,do devetog godine se formira mišljenje neko.
0:10:16,0:10:26,"Znači, već do devetog godine postaješ neka osoba i već imaš svoj, naravno, onaj etiquet i obrasci ponašanja."
0:10:27,0:10:28,Danas treba to jako rano raditi.
0:10:29,0:10:33,"Mislim da se to sve spustilo, ta granica, dosta niže nego što je bila."
0:10:34,0:10:37,"Sada, naravno, neću ići u ono vrijeme prije nas, davno."
0:10:38,0:10:42,"Klinici su onda već morali raditi sa ne znam koliko, sa 12 godina i to ozbiljne poslove."
0:10:43,0:10:49,"Ali, što se tiče edukacije, mislim da je to danas već do devetog godine, klinici uprli."
0:10:49,0:10:52,U prvih tri razreda osnovne škole već stekne osnovno.
0:10:53,0:11:08,"Znači, hoću reći da zapravo kako si mene tretirao sad kad si došao ovdje prvi puta i nikad me prije nisi vidio da tako tretiraš nekoga koji možda deset, dvadeset godina u povijesti kad si recimo nisi imao status koji imaš danas da si tu osobu isto gledao jednako kao sebe."
0:11:09,0:11:09,Ista priča.
0:11:10,0:11:16,"Znači, nikome nisi pridao preveliku važnost niti ikoga spuštao dolje nego si svakoga gledao jednako."
0:11:16,0:11:23,"Ne, pa isto tako, znači puno tih svjetskih zvijezdi koje znam, koje su ono baš mega zvijezde itd."
0:11:23,0:11:32,"baš voli to jel mene boli briga, znači ja ne znam, ne sviđa mi se nešto i velim, gledaj, nisam ti tu ni plaćen, ni roban, niš, neću takav bog."
0:11:33,0:11:35,"Tako da, uopće nemam problema s time."
0:11:36,0:11:43,I puno puta sam slušao ljudi sa strane što sam izgovarao nekim sad statusnim bogovima svijeta.
0:11:43,0:11:45,"Znači, tako da, nemam problema s tim, nikad."
0:11:46,0:11:51,"Ako cijeniš ovaj trud, jedan mali klik na pretplate me, nama znači cijeli svijet."
0:11:52,0:11:55,"Hvala ti što si tu, a sad uživaj, potkestu."
0:11:59,0:12:01,Je li to ono?
0:12:01,0:12:03,"Ono bezobrazlog, direktnost ili."
0:12:04,0:12:09,"Ne bezobrazlog, to je ono što mislim."
0:12:10,0:12:15,"Znači, ako vidim da nešto netko radi, a loše je za njega, reći mu to."
0:12:16,0:12:17,Kako god to on shvatio.
0:12:18,0:12:28,"Tu je možda malo greške, tu sam možda i izgubio par jer neki ljudi ne žele čuti neke stvari loše, naravno svi smo tašti, ali opet to mi je ok jer onda filtriraš ljude."
0:12:29,0:12:31,Koja je tvoja namjera kad to radiš?
0:12:31,0:12:35,Očito ako je namjera dobra onda osoba možda reagira bolje na to.
0:12:35,0:12:41,"Naravno da je uvijek konstruktivnona, znači namjera, jer ako si s nekim dobar onda mu veliš u facu."
0:12:41,0:13:14,"Evo to je recimo mogu se tu malo usporediti sa Žakom Vilnevom, svjetskim prvakom Formule 1 iz devedeset sedam godine kojim je jako dobar prijatelj a koji sam ima jako malo prijatelja zato jer je jako jako direktan i u prijenosima formule jedan i uvijek on veli direktno ono što se ne sviđa vozačima tako da ima evo bio sam u jedan od valjda šest sedam gostiju na svadbi uvela svega su prije par godina znači Žak je fenomenalan tip znači stvarno ono respekt ima svjetske uspjehe iza sebe nikom u to ne može uzeti."
0:13:14,0:13:38,"Isto je imao teško djetinstvo, on je vidio kako mu tata pogiba na utrci, znači Žilvenlev, znači to su stvarno kad ti ostaješ bez roditelja, pričali smo i o tome, to je strašno, ali to ga je izgradilo i naravno da je uvijek imao, tata mu je bio omiljen, vozač Ferrarijev, Formule 1 u to doba i uvijek te onda gledaju kroz prizmu oca."
0:13:39,0:13:50,"A on je stvarno odličan vozač, znači osvojio Indikar, osvojio Formule 1 skoro dva puta, u prvoj sezoni Formule 196."
0:13:50,0:13:52,"Kad je došao, nije bio drugi iz Daimona Hilla."
0:13:53,0:13:55,I malo je falulo da ne bude prvi.
0:13:56,0:14:00,"I to bi bila u debitantskoj sezoni naslov prvaka, to je čudo."
0:14:02,0:14:04,To ćemo teško vidjeti.
0:14:04,0:14:06,"Ok, možda sad Antonelli."
0:14:07,0:14:10,"Ali ne, mislim da mi ovo nije debitantska sezona."
0:14:10,0:14:12,Ali nisam previše baš i pratio.
0:14:13,0:14:20,"Ali uglavnom, Žak je ono baš fenomenalno i bio je u drugim Olemanu."
0:14:20,0:14:24,"Mislim, najveći uspjeh je napravio u svijetu u automobilizmu."
0:14:24,0:14:41,"I izgubio je novac, naravno, imao je dva razvoda skupa, ima sedmero djece sa tri supruge, to je ono show program, ali nema dlake na jeziku i nema, znači s njim si uvijek na čisto."
0:14:41,0:14:42,Uvijek.
0:14:42,0:14:43,I zato se super slažemo.
0:14:43,0:14:47,"Ja njemu sve upazujem, meni sve upazujem i to je to, nema ljutnje."
0:14:48,0:14:51,"Da, nekako mi je neobično da se takvi ljudi slažu."
0:14:52,0:14:57,"Činilo bi se ono naš kad se dva zlatoroga, ako se ne slažu, ne znači da je to ono."
0:14:57,0:15:00,"Ali mi nije, znači, ako si iskren, ne smetate."
0:15:00,0:15:06,Znači da ipak imaš sposobnost da primješ tu kritiku.
0:15:07,0:15:08,Sad puno više nego prije.
0:15:09,0:15:09,Puno više nego prije.
0:15:10,0:15:13,"Da, prije sam bio najpametniji, ali dobro, to sve nama dođe s godinama."
0:15:15,0:15:23,"Nije sad to više da smo sad mladi zeleni, ali još uvijek se rade neke greške i tako dalje koje su valjda cijeli život te prate."
0:15:25,0:15:27,Ali jednostavno odrastiš malo.
0:15:27,0:15:37,"I normalno isto kako većina ljudi koji ja, znači prije je vožnja, neće ni razmišljati kako smo se vozili sve, ali kad dobiješ djecu, automatno."
0:15:37,0:15:44,"automatski se počneš voziti kao penzioner, tako da kroz vrijeme naučiš neke stvari, a automatski te život malo prilagodi."
0:15:45,0:16:09,"Daj mi recimo, doći ćemo kasnije na onu tvoju priču, Formule 1 i licence itede Što se tiče samopouzdanja recimo, čuo sam sigurno za engleski izraz imposter sindrom, sad ne znam kako se na hrvatski kaže, uljez, znači sindrom uljeza recimo."
0:16:09,0:16:26,"I ti si se zapravo dosta rano u karijeri našao u tim situacijama gdje si bio sa ljudima poput ne znam Bernija, Eklistona itede da li si ikad osjećao se imao taj sindrom uliza ili osjećao manjak samopouzdanja recimo u tim situacijama?"
0:16:27,0:16:37,Pa ne pa sigurno kad sam išao sa dvadeset devet godina pregovarati sa bernijem sve da sam imao ogromno strahopoštovanje znači ono imao si?
0:16:37,0:17:06,"bernijem apsolutno znači ono bernijekaslavno znači ono legenda svjetska znači ja klinac neki iz dvom kosom tam i mislim ogromno strahopoštovanje I kad je Bernij ušao u prostoriju, makar samo s vrata, ovak ne vratite, on je uvijek znao, onak, pregovori je, znači, razgovarao sam sa šefom medicinskih prava, on je uvijek znao, onak, samo, odkrije vrata i samo kao da pita nešto o Hijanu, a onda ostaje još par stvari malo, ono, prokomentirati sa mnom, a on, mislim, jako tiho priča."
0:17:07,0:17:19,"I onda, ono, ja sam ono, znam da se sjećam, da ono, ono, sam prvo srce zaustaviti, onda neka, samo da mi onak bude tiše, onak, jel ću dobro shvatiti, jel ću dobro zapamtiti, jel ću dobro odgovoriti."
0:17:20,0:17:24,"I ono, apsolutno ono, ne, strahopoštovanje sigurno."
0:17:26,0:17:28,Koliko si trebao hrabrosti uopće da dođeš do te pozicije?
0:17:29,0:17:32,Mislim koliko si trebao hrabrosti uopće da doneseš odluku da odeš.
0:17:32,0:17:35,A majdi ispričaj nam tu priču od početka kako si to desilo?
0:17:35,0:17:46,"Pa dobro, da, znači taj TV Plus kad sam uzeo u tim dugovima i u tom svemu, uvijek sam se okruživala s ljudima koji su znali i bolje od mene i nisam najpametniji za sve."
0:17:46,0:17:58,"Makar sam ja, evo puno puta sam ja sjeo za računalo, naučio montirati u premijeru i sve da pokažem snimateljima da se prilog može napraviti za 15 minuta, a ne za 3 sata."
0:17:59,0:18:11,"I nisam jedanput sjeo kad mi je je netko glumio treba dva sata za prilog, za vijesti, da sam sjio, spontirao ga za dvadeset minuta i rekao, gledaj, ako sam ga ja za dvadeset minuta, tebi to deset minuta, ne bi prodavati priče o dva sata."
0:18:12,0:18:15,"Tako da, uvijek sam želio naučiti da te ne mogu vitlat."
0:18:16,0:18:29,"Ali, ali onda to je, recimo, TV, ima puno tih stvari, ali svaka može bitno i loša priča financijski, je donijela nešto dobro u principu i u smislu i vidu kontakata i ostalih stvari."
0:18:29,0:18:39,"Tako da, TV, kad sam preuzeo, tad sam ušao kao direktor TV Plusa u Nacionalnu udrugu televizija."
0:18:39,0:18:44,"Znači, NUT i danas postoji, okuplja sve free tower male lokalne televizije."
0:18:45,0:18:54,"Upoznao sam sve vlasnike, urednike, direktore tih malih lokalnih televizija i to je bila jedna jako dobra skupina ljudi."
0:18:54,0:19:03,"Svako je bio jako iskusan u svom području, u svom kraju i onda mi je, da nije bilo toga, ne bi nikad imao viziju Formule 1."
0:19:03,0:19:13,"Jer sad, nažalost, spokojni Goran Dijaković, mi za njega doveo je Ivan Riel, oni su radili jednu emisiju sedma brzina, Automoto."
0:19:14,0:19:22,"I onda je Jaković rekao da HTV nije više zainteresiran za Formule 1, to je bilo krajem 2010."
0:19:22,0:19:25,"godine, i da bi mi trebali uzeti Formule 1."
0:19:26,0:19:26,Kako mi?
0:19:26,0:19:32,"Pa TV, pa on je ista, to ti je dobro, jasan komentator, to mu sve, dvaš tim riječima."
0:19:34,0:19:36,"On je radio na HTV-u, gde."
0:19:36,0:19:49,"On je prije bio komentator Formule 1 na HTV-u, isto legendarni novinar, i onda sam rekao, ok, idemo u to zajedno, idemo 50-50, idemo na sastanak, dogovorimo sastanak u Londonu, idemo tamo."
0:19:50,0:19:51,Koliko si imao godina onda?
0:19:53,0:20:28,dvadeset osam i teve plus ti je bio drugi ili treći poduzetnički pothvat i nije to bilo nešto velebnih uspjeha još u džepu jedna tisuća eura u džepu jedna tisuća maraka ili je već bilo pa ne ono ne a tu pričekaj ti si imao jedna tisuća maraka u džepu tada nisu ni toliko možda kupili si karte i još uvijek si živio u garsoneriji od devetnaest kvadrata i te bi netko dođe sa idejom da bi mogli otkupiti prava kupiti licencu Formule 1 i ti kaže možeš.
0:20:28,0:20:31,"Da, tek sad dok ti slušam, ti glumiš koliko je to."
0:20:32,0:20:35,"Sad malo kad slušam to, malo abstraktno je la."
0:20:35,0:20:36,Zvuči malo ludo.
0:20:37,0:20:38,Pa ludo je bilo totalno.
0:20:38,0:20:43,Totalno ludo i onda dogovorio sastanak u Londonu.
0:20:43,0:20:50,"Mislim on je bio u kontaktu sa njim, sa Ianom Holmesom, tada šefom medijskih prava i danas predsjednikom medijskih prava."
0:20:50,0:20:55,"On kasnije ispričuje jednu dobru anegdotu o tome, o Ianu."
0:20:56,0:21:04,"I on je dogovorio sastanak s njim i sad ja sam rekao svom kumu sadašnjem vjenčanom kumu, ja sam njemu on meni, Ivica Cimon, Cico."
0:21:05,0:21:07,"Znači, on je rekao, ovdje sam u Londonu."
0:21:09,0:21:10,Pa idemo u Formulijan razgovor.
0:21:10,0:21:11,Svi on velidimo.
0:21:12,0:21:17,"Sad nas dvoje, kupimo karte, naći ćemo smještaj, sve."
0:21:17,0:21:19,I sad ja zovem Gorena kad je let sutra.
0:21:19,0:21:22,"Sastanak je, ja mislim da je bio u 11 sati ujutro."
0:21:22,0:21:26,"Princes Gate, number 6, nasprot Hyde Parka."
0:21:27,0:21:35,"Znači, Bern je živio gore na vrhu ureda, ispod su bili uredi Formule 1 na sjedište, crna zgrada, jedna staklena."
0:21:37,0:21:42,"I Goran, veli, još ne znamo ono nešto, problemi."
0:21:42,0:21:44,"Budem ti ja javio, vidimo se ne samo ti."
0:21:45,0:21:47,"Daj mi reci kad je let, znači sastanak je danas."
0:21:48,0:21:54,"Ja se nađem s njim dan prije, na večer, u Kneži Kafić, sadašnja Astorija, tada je bio Meandar."
0:21:54,0:21:59,"Rekao Goran, kad je let, pa čuj, nešto mi je skrslo, ne mogu ići."
0:22:01,0:22:04,"Daj me ne moj zezati, znači ja sutra idem na sastanak s Formulom 1."
0:22:05,0:22:12,"Znači, ja sam osmislio sistem, znači 10 televizija tih lokalnih."
0:22:14,0:22:18,"Naravno, ti svi mailovi postoje i onda je sad priča još smiješnija."
0:22:18,0:22:22,Ja ću jednog dana možda i knjigu napisati o tome i to će biti jako smiješno sa svim tim komunikacijama.
0:22:22,0:22:36,"Ja šaljem mail svim direktorima i urednicima televizija lokalnih koje sam odabrao, pregovaramo za Formule 1, da li mislite da bi bio zanimljiv projekt i sve sa svim mjenom počeli zvati, daj ne vam je zezati ovo, ono."
0:22:36,0:22:38,"Sve je reko, idemo dolje, vidjet ćemo."
0:22:38,0:22:41,"Ja sam napravio prezentaciju, imam ju danas i to sve."
0:22:41,0:22:42,Kako je izgledala ta prezentacija?
0:22:42,0:22:53,"Pa dobro, uvijek sam znala prezentirati dobro stvari, uvezano lijepo sve, znači koncept, 10 televizija, gledanost., koliko potencijale gledatelja, znači ono sve je dosta zanimljivo."
0:22:56,0:22:58,I uglavnom ja sam otišao u London.
0:22:58,0:23:00,I sad ujutro idemo mi na sastanak.
0:23:00,0:23:08,"Sad ja mislim ono kad sam tam zvonio na ulaz, jel će uopće pitati tko ste vi, jel on uopće je dogovorio te sastanak, jel nije, ali ono mislim nemam pojma."
0:23:09,0:23:14,I sad nas dvoje dolazimo i se otvaraju vrata.
0:23:14,0:23:17,"Prima nastaje tada direktor medijskih prava, Jan Holmes."
0:23:18,0:23:24,"Jako profesionalno sve, sluša prezentaciju, ono, znači tamo smo bili nekih 40 minuta."
0:23:25,0:23:36,"Zahvali se, mi otiđemo i sad ja sjajem gore, on pita kako je bilo, ovo, ono, sve, vrko, dobro, sve i mi počnemo pregovore."
0:23:36,0:24:38,"I počnemo razgovarati i počnemo pričati sa Formom 1, ja preuzmem tu cijelu direktnu komunikaciju i to se odvija tijekom, ja mislim, dva, tri mjeseca, ne znam je to bio deseti mjesec, dvije i desete i to je trajalo jedno par mjeseci ti razgovori i pregovori, osim nas je još bio tu EMI, agencija londonska i tu je bio Tu je bila priča, sad to sve traje ti pregovori, razgovori, međutim ja sam već našao s televizijama, mi smo sve, sad to oni vidjeli, ono, stvarno sve, ja im pokažem komunikaciju, sve, sad se svi malo zagrijali, prvo su, bilo je neki koji su smijavali, bilo je onih koji su stvarno ozbiljno, recimo neke ljude koje nikad nisam baš osobno upoznao jako dobro, recimo tadašnji direktor Osječke televizije Mate Radelić, znači on je odmah odgovorio, zanima nas, mi smo tu, ovo ono jako konkretno, kako on uvijek i je, sad sam ga, nakon toga sam ga upoznao dosta, dosta bolje i danas je takav, jako odgovoran i kad ne nešto kaže to je tako."
0:24:40,0:24:50,"I traje to i sad pregovara se, ja počnem razgovarati malo i sa sponzorima, ispitujemo tržište i sve to lagano se vrti."
0:24:50,0:24:52,I onda mislim da je to prvi mjesec bio.
0:24:54,0:24:58,"Sezona je počinjala mislim krajem drugog mjeseca, tada 2011."
0:24:59,0:25:00,ili početak 2013.
0:25:00,0:25:12,"nisam više siguran, ali tad pregovor je malo zapinju i vele nam, znači, jedan mi se javi mailom ili je možda nazvao."
0:25:12,0:25:15,"Možda nazvo i veli, nažalost odabrali smo EMI."
0:25:17,0:25:22,"EMI je dobio ugovor, znači oni će potpisati ugovor sa Arena Sportom iz Srbije."
0:25:22,0:25:27,"Arena je tad bila u vlasništvu srpske firme Saga, ja mislim da bila."
0:25:28,0:25:31,I ja onak naravno razočaran i sve je ok.
0:25:31,0:25:35,"Ja rekao ono, lak neka bude, ma ne, ne, ništa, sve je sigurno, to je to."
0:25:36,0:25:38,"I uglavnom, ode to sve, ništa od toga."
0:25:39,0:25:42,"I ok, nikom ništa, nastavljamo dalje svoj život."
0:25:43,0:25:53,"I meni nije, vrag, dao mira i ja sam išao gledat koja je to firma Saga, našao sam u Beogradu firmu, neka softverska firma, 400 ljudi, sve je respekt."
0:25:54,0:25:58,"I tad sam onda nazvao, tamo je tražio direktora Gorana Đakovića."
0:26:01,0:26:03,"Tajnica je zapisala poruku, sve i mene zove."
0:26:04,0:26:07,"Nakon par sati me zove taj vlasnik tadašnji, Goran."
0:26:08,0:26:13,"Jer rekao, čestitam, Davorine, teška borba bila, dobro biste bili sve."
0:26:13,0:26:14,Takav je i ono.
0:26:14,0:26:15,"Jer ako ne, sve, čestitam sve."
0:26:16,0:26:18,"Evo, ako si ikad u Zagrebu, ajde, valju bi popit kavu."
0:26:18,0:26:24,"I svi vidimo, ja baš sam u petak valja u Zagrebu, je li to bio petak ili ne znam, ali i tak se mi nađemo."
0:26:24,0:26:39,"Znači s njim i ja sjedim s njim u Westin dolje i znam da je on meni objasnio, objašnjavao kakav je to, nismo ni piće popili, sjedili smo dva sata i bio zanimljiv razgovor i tako dalje, zanimljiv čovjek i jedan dva sata smo pričali."
0:26:40,0:26:56,"Međutim ono, ja isto onda razmišljam, čovjek se sjedao sa mnom, upravo ono, mislim, dobio je ugovor i sve i ok, možda ćemo surađivati nešto zajedno, možemo sve, ali mislim ono zašto se našao sa mnom, znači možda što nije zatvorena priča."
0:26:56,0:27:01,"I tako je i bilo, za nekoliko tjedana, to se točno."
0:27:01,0:27:03,"sjećam tog maila i on ga je danas, naravno."
0:27:04,0:27:28,"Ležio sam kod sadašnje supruge Ines na kauču, ne znam nedjelje, bila je mislim nešto, gledam televiziju nešto i dolazi mail, Ian Holmes, dragi Davorin, vidiš kako u životu ništa nije sigurno ako se zaista ne desi, naši pregovori sa Arjenom i sa MMM su propali, možemo razgovarati, ali isključivo o tvojoj zadnjoj ponudi kakva je bila, a financijsko je ostalo, nema razgovora."
0:27:28,0:27:31,"I sad onako, da li je šuek si zainteresiran?"
0:27:31,0:27:34,"Sad ja onako gledam, ne vjerujem, gledam, ne vjerujem, gledam, ne vjerujem."
0:27:35,0:27:38,"I sad si mislim, mislim, ja nemam sponsorora, nemam ničega."
0:27:38,0:27:43,"Znači, sve ono, prije mjesec dana završilo, nisam ni razgovarao, ništa, sezona počinje za, ne znam, par tjedana."
0:27:44,0:27:45,"Malezija, mislim da je tad bila prva utrka."
0:27:46,0:27:50,"Međutim, onda nisam previše razmišljao."
0:27:50,0:27:58,"Znam da mi je kroz glavu išlo, gled, ako sam ja uspio sad kao klinac doći do faze da mi Formula 1 nudi ugovor, pa nekak ću to izvesti."
0:27:59,0:28:00,"Znači, nekak ću to izvesti."
0:28:00,0:28:02,"Znači, nema da neću ono izvesti od nekakvih."
0:28:03,0:28:10,"Ja sam nazvao Gorana i rekao sam, gled, Goran, ponuđen je ugovor."
0:28:11,0:28:12,Ponuđen je ugovor.
0:28:15,0:28:24,"U prilici smo da dobijemo Formule 1, naravno ne više kao partneri jer nisi se pojavio na sastanku, znači takve su stvari da smo mi i rašistili."
0:28:26,0:28:31,"On je rekao ne, ne, ne, to apsolutno, ali nemoj to jer je prevelik rizik nemajući u to."
0:28:32,0:28:34,Koliko je novaca bilo u igri?
0:28:34,0:28:36,Koliko je uopće bi trošak bio?
0:28:36,0:28:38,Velike cifre.
0:28:38,0:28:38,"Milijun, dva."
0:28:39,0:28:43,"Velike cifre su bile, ne mogu baš cifre sada točnije govoriti."
0:28:45,0:28:46,Od 2010.
0:28:46,0:28:46,godine?
0:28:46,0:28:47,Od 2010.
0:28:47,0:28:48,godine za 2011.
0:28:48,0:28:53,je bio ugovor na 3 godine i bile su cifre više struko veće od toga.
0:28:54,0:28:57,Je li to više struko veće od onoga što ste vi mogli tada uopće?
0:28:58,0:28:59,Sto puta veće.
0:28:59,0:29:03,"Na široko, tisuću puta veće, milijun puta veće, nisam imao ništa."
0:29:03,0:29:09,Oni sa strane Formule 1 nisu se pitali da li ćeš ti to moći uopće realizirati.
0:29:09,0:29:11,Ja sam u jednu ruku njima spašavao sezonu.
0:29:12,0:29:20,"Ja sam njima u jednu ruku spašavao sezonu jer nije nitko bio spreman u tom trenutku ići taj rizik jer je bilo premalo vremena, tu su bile ostale televizije."
0:29:21,0:29:23,Zašto je njima toliko Hrvatska bitno tržište u ovom?
0:29:24,0:29:25,Njima je svako tržište bitno.
0:29:25,0:29:33,Oni su toliko dobro ustrojena firma i to je Bernini toliko dobro ustrojio da oni svako pa i najmanje tržište tretiraju kao važno.
0:29:33,0:29:35,I zato su toliko financijski uspješni bili.
0:29:35,0:29:36,Jesu.
0:29:37,0:29:53,I znači tad sam odlučio da idemo u to i imali smo par tjedana i Gora naravno ostaje unutra da komentira i radi i onda krenula ta misija skupljanja tih ogromnih cifri jer formula jedan nije pametna.
0:29:53,0:29:54,Znači gledaj sve unaprijed.
0:29:55,0:29:55,Sve unaprijed.
0:29:56,0:29:57,"Sve unaprijed, da."
0:29:57,0:29:58,Sve unaprijed.
0:29:59,0:30:03,"Međutim, ja sam to uspio spregovarati malo da to bude barem na para, taj sve."
0:30:03,0:30:07,"I znači onda sam počeo razgovarati sa Hrvatskim telekom, sa velikim igračima."
0:30:08,0:30:10,Jesi li ti ikad prije razgovarao sa telekom?
0:30:11,0:30:12,Imao odnos nekakav s njima već?
0:30:13,0:30:15,"Mislim, ne, nešto se."
0:30:15,0:30:23,"Znači od tada je tek Makster bio u začecima i nešto preko TV, mislim da smo bili u kontaktima nekim i znao sam ljude."
0:30:24,0:30:28,I uglavnom bili su ti pregovori dosta teški.
0:30:29,0:30:36,"Zna to i sadašnji predsjednik Telemaha, Adrian Ježina, mi smo se tad upoznali, on je tada bio predsjednik uprave Beneta."
0:30:36,0:30:38,Ja sam razgovarao i s njima.
0:30:38,0:30:51,"Ali onda kad sam dogovorio sa Tekomom i onda sam tada naredio da se svim operaterima mimo Tekoma blokira signal za vrijeme trajanja Formule 1 i oni su imali zacrnjenu sliku, svi ostali."
0:30:51,0:31:08,"I mi smo tad bili na nož, jako veliki nož i međutim, ja, Adrijan je stvorio taj Benet tadašnji, danas smo jako dobri prijatelji i sve, ali onda se sjećate tih dana, to su bili stvarno pregovori, meni se dosta se radi o financijskom životu ili smrti."
0:31:09,0:31:13,Ja ne mogu pristati na niže nego što im pokriva priču i ja sam tu blefirao na najjače.
0:31:13,0:31:46,"i ne znam da sam se, jel to bio tekom, ja mislim da je, da sam se u jednom trenutku pregovaramo s jedne strane, njih pet, ja tu sam, da sam se u jednom trenutku i digao i otišao sa sastanka i rekao onda se nećemo dogovoriti, ali naravno da mi je to bilo nužno uopće da dobijem taj ugovor i da sam se u sebi molio pa valjda će netko izaći sa mnom da me zaustavi, da me vrati unutra i ja polako se dižem sprema i idem van i hvala Bogu, izađem van i misli se ono kad sam napravio sve, ali onda daj da je vrati se, vratiti se i dogovorili smo se."
0:31:46,0:31:54,"Potpisali smo ugovor i oni su bili glavni sponzori, partneri i super, priča je bila iz toga, bilo je tu u svakim situacijama."
0:31:55,0:32:04,"I uglavnom zatvorili smo situaciju, prijenos je su krenuli, stvarno dobra priča, prve dvije godine to je bilo na lokalnim televizijama."
0:32:04,0:32:20,"Čekaj da te pitam prije nego što odemo dalje, da li si možda na toj lekciji naučio da kad su ulozi ogromni i kad je pritisak najveći mogući da nađeš nekako put, da se upali u ono nekad?"
0:32:21,0:32:29,"To je i to svima govorim da nekad i kad je najteže, najgore u situacijama je da uvijek postoji izlaz, uvijek postoji neko rješenje."
0:32:30,0:32:37,"Samo ga možda u tom trenutku još ne vidiš i zato treba, dosta sam puštao sebe da me vodi osjećaj u svemu."
0:32:38,0:33:01,"Tako da dosta imam neku intuiciju i uvijek kad je najstresnija situacija bila, znači ne znam, evo bilo je ono u toj suradnji Formule 1, znači treba platiti ratu, ne znam par sto tisuća, mi imamo na računu deset, a trebam platiti recimo u petak ove situacije."
0:33:01,0:33:01,Petak kao je srijeda.
0:33:02,0:33:08,"I naravno da ti to su veliki stresovi, stvarno sve i ono, nemaš rješenja, nemaš ništa."
0:33:08,0:33:18,"I onda, ne znam, u četvrtak, javim račun, sjedne mi, ne znam, 200.000 nešto kao neke ovrhe koje smo pustili zadužnicu koju sam mislio da neću nikad naplatiti."
0:33:19,0:33:32,"I uglavnom, puno bilo takvih situacija, baš filmski, ali ogromna je količina stresa i da danas ponavljam priču, ne bi nikad ponovljen na taj način, naravno to je ogroman rizik, pogotovo sad s obitelji itd."
0:33:33,0:33:37,"To su bile godine u kojima si možeš, znači isto kojima koje ima putovanja."
0:33:38,0:33:43,"Znači, tada sam u tim godinama putovao po Africi, po ratnim zonama svijeta itd."
0:33:43,0:33:44,Danas to ne bi nikad ponovio.
0:33:45,0:33:48,"Jer ipak, kad imaš obitelj, to je mala drugačija odgovornost."
0:33:50,0:33:56,"Da nisi uspio naći novce od sponsora u tom trenutku, koja bi bila posljedica uopće?"
0:33:56,0:33:57,Jer je svima zapravo nekakva...
0:33:58,0:33:59,A formalna jedna bi me tužila.
0:33:59,0:34:00,Tužili bi biti.
0:34:00,0:34:03,I baš ne voliš da ne želiš da te formalna jedna tuži.
0:34:03,0:34:09,"Znači, nije ono bila šema ako ne prođe ovo sa sponsorima, a nikome ništa neće biti u ugovora."
0:34:09,0:34:10,Nisi na crnoj listi formalna jedan cijeli život.
0:34:11,0:34:13,"Znači, oni su mašinerija koja te traži pos po svijetu."
0:34:14,0:34:18,"Znači nije bilo samo s jedne strane svjetla, a s druge strane je bio ako ne bi bilo žene."
0:34:19,0:34:23,"To su ozbiljne posljedice, znači ne bih baš htio da te oni ganjaju."
0:34:24,0:34:26,Ja sam naravno s njima 2013.
0:34:26,0:34:31,"godine, znači tada je sportska televizija molila da je nama, da je nama, da nama i onda nisu platili."
0:34:31,0:34:36,"I prijenos su se prekinuli i onda su još optužili nas da je loš signal, ali nisu imali novca."
0:34:37,0:34:48,"I prijenos se prekinu, znači to je bila situacija stvarno teška i ja sam nakon što je to, naravno formuliran ne ostao dug neki."
0:34:50,0:34:59,"I to, znači ja sam nakon možda par godina nazvao i Anatom Holmesa i molio za znak u Londonu."
0:34:59,0:35:00,I on me primio.
0:35:01,0:35:12,"I prvo kad sam došao, ja sam htio da riješimo stvari, da nije nepoznanica iza nas, ok, još je ostao neki iznos neplaćen u tri godine, od toga jel ako meni partner nije platio, kako ću ja platiti dalje."
0:35:12,0:35:29,"Znači ja sam htio rašistit to i on je došao, ovako je otvorio bilježnicu u tom istom Prince's Gateu, broj šest, otvorio je bilježnicu i što ćemo s ovim dugom, a ja sam onda rekao, a što ćemo s tim što sam vas spasio sezonu Formule 1 i platio toliko, toliko, toliko novaca koje nikad ne bi imali da ja nisam tad doletio."
0:35:29,0:35:34,"I on je ovako napravio, fair enough, zatvorio bilježnicu i zatvorili smo priču."
0:35:35,0:35:38,I nisam htio bježati od odgovornosti.
0:35:39,0:35:45,"To se dogodilo, sve nije njih briga, što se dogodilo, osim došao objasniti situaciju i tako dalje."
0:35:45,0:35:48,"I onda je bila situacija, mislim da je to bila 21."
0:35:49,0:35:50,ili 22.
0:35:50,0:35:58,"Otvaranje utrke, prvi put otvaranje utrke u Jedi u Saudijskoj Arabiji, Formule 1."
0:35:59,0:36:05,"I znam, sjedio sam sa sadašnjnjim predsjednikom FIE Žanom Totom, Ferrarijevom legendom, jer mi je on pozvao da gledam s njim utrku."
0:36:06,0:36:16,"Sjedio sam s njim, sa Mikom Šumacherom, Peter Bayer, sadašnji šef Racing Bullsa, on je tada bio glavni tajnik FIE i nas par je gledalo kod predsjednika u uredu u Formulu, na Stazi."
0:36:17,0:36:22,"U jednom trenutku ulazi Ian Holmes unutra, tada isto kao šef, prava Formule 1."
0:36:23,0:36:36,"I on sad ulazi unutra i prvo, ja više nisam imao dugu kosu i sad on ovako nešto je imao reći predsjedniku FIE i on sad zastane, on je kažu zavarinjen, I cannot believe it."
0:36:37,0:36:47,"Znači, onako za grlime je tamo, pa malo si prošao, od ta malo sa dugom kosom koji je žica prava Formule 1, do gledanja utrke sa predsjednikom FIE."
0:36:48,0:36:54,"Svaka čast, mi smo i danas u kontaktu, on je sada predsjednik, cijele prodaje Formule 1, medijskih prava."
0:36:56,0:37:02,"I Liberti je ostavio cijelu tu ekipu u Bernijevu, jer to su bili stvarno, ja ih nazovem, pitbulovi."
0:37:02,0:37:03,"Znači, to su pitbulovi."
0:37:03,0:37:06,"Znači, u Formule 1, s njima ne bih htio ratovati."
0:37:07,0:37:19,"I, mislim, fora priča, tako da i danas je s njim dobar i vidžemo se i, evo, bio je u Hrrvatskoj i pitam me koje restorane mogu preporučiti, pomogao sam malo sve prije par godina, ali ono nikad ne zatvara vrata."
0:37:19,0:37:30,"To je ono povuka svih priča, jer nikad ne znaš kako će se stvari odvijati, pa evo i sad smo nedavno pregovarali opet oko nekih novih prava, nikad ne reci nikad."
0:37:32,0:37:41,"Jel se nekad pitaš, kad se spominje određene trenutke gdje nemas novaca na računu, trebao si to platiti, bilo je takvih trenutaka očito milijardu, jel?"
0:37:42,0:37:45,Jel se pitaš koji kurac mi je ovo sve trebalo?
0:37:48,0:37:54,"Naravno sam se pitao,, evo zadnji put kad sam se pitao kaj mi to treba u životu je u petak sad bilo."
0:37:54,0:38:08,"Znači radim Crain Forum, četvrti Crain Forum kod sebe u Žumberku, u Tihočaju bez asfalta, bez vode, bez ikakve infrastrukture i 200 ljudi mi dolazi gore."
0:38:08,0:38:24,"U petak kišurina, znači blato, nemaš kam aute smjestiti ništa, u subotu je forum drugi dan, ceste Jastrebatska šalju kamione, bageri dolaze, valjci, privatno, javno, bilo što, sve da pokrpamo tu infrastrukturu."
0:38:25,0:38:28,Sve molim za malo sunca.
0:38:28,0:38:32,"Do četiri sata takva kišurina, užas, šator je gore složen, sve je kaos."
0:38:33,0:38:42,"Dolaziti ne znam izaslanici predsjednika Vlade, predsjednika Sabora, troje ministara, osam ambasadora, znači predsjednici uprava najvećih hrvatskih firmi."
0:38:43,0:38:45,I pitam se kaj meni to treba.
0:38:45,0:38:50,"Ja idem preslagivati stolice jer nisam bio zadovoljan i uvijek je onaj kino postavljen, znači jedna iza druge stolice."
0:38:51,0:38:52,I meni to smeta.
0:38:52,0:38:59,"I sad sam išao preslagivati da je drugi red u sredini između dvije stolice, da ne gledaš nekom u potiljak, nego da gledaš između njega."
0:39:00,0:39:20,"I ja sam sam išao preslagivati ne znam koliko 200 stolica i sve i onda sam si mislio akaj mi to treba od jutra u 6 do na večer ne znam koliko još u 11, 12 u noći prije konferencije same toga nalo još sinopsis pregledavam ili molim da mu vidim komu je kom je je li sve dobro i tako dalje."
0:39:22,0:39:36,"Međutim, drugo jutro sunce i znači onda kad vidiš ko ti je sve došao i kad vidiš s kojim su entuzijazmom svi došli u 8 km akadama to je planina 750 metara nadmorske visine."
0:39:36,0:39:47,"Znači, ko bi dovukao tam te ljude, došli su zbog osnovnog kontakta, zbog dugogodišnje suradnje, zbog ipak nečega što smo izgradili i onda ti srce puno."
0:39:47,0:39:55,"I onda se napuniš opet energijom i zaboraviš na sve te loše stvari i u biti onda veliš idemo dalje, nema stajanja."
0:39:56,0:39:59,"Tako da, devo, zadnji put sam se pitao u petak kaj mi to sve treba."
0:39:59,0:40:10,"Tako da, stalno je, mislim, nema osobe koja se to ne pita, ali uvijek postoje ti razlozi, ne znam, da želiš neke napraviti."
0:40:11,0:40:13,"Evo, recimo, danas bi i rađe nego..."
0:40:13,0:40:19,"Znači, nego tu sjedio, spavao negdje, ali nisam se naspao, zadnjih tjedana sam spavao možda 30 sati."
0:40:20,0:40:24,"Zapravo, to je puno, ne, u 10 dana sam spavao toliko."
0:40:25,0:40:31,"Ali onda ti je ipak ta intuicija i ta želja vuče i ne zna, na kraju ti je drago."
0:40:35,0:40:40,Ti si u jednom razgovoru izjavio život je jedno veliko čekanje.
0:40:40,0:40:42,Puno više trebamo uživati u sadašnjosti.
0:40:44,0:40:46,Treba se malo stresiti i reći živim sada.
0:40:47,0:40:48,Jer ti to onako.
0:40:49,0:40:55,To je neka tvoja želja za samoga sebe koja si ostvarila ili si još nije ostvarila?
0:40:55,0:40:56,"Ostvarila se, ne ostvarila se sigurno."
0:40:57,0:41:04,"Prije jedno tri godine, zapravo dvije godine, sam rekao da više nikad neću gubit vrijeme na ljude koji ne zaslužuju da popijemo kavu skupa."
0:41:05,0:41:20,"I naučio sam se na nekim dužnostima da stvarno imaš više licemjer ako sebe, Sante, povlačeš za rukav, samo ovo, ono, glumeš i gubiš vrijeme i trošiš energiju na ljude koji su u biti pijavice, energetske."
0:41:21,0:41:28,"I onda sam odlučio da više nikad neću sjesti neku kavu,u, ako ne znam zašto je takava, zašto uopće koji je cilj."
0:41:29,0:41:32,Tako da imam dosta ljudi koji se možda i naljute.
0:41:34,0:41:38,"Kad me nazovu, jer moj broj je dosta lako i dobit."
0:41:41,0:41:45,"Imam isti broj 20 i nešto godina, imao sam samo jedan broj drugi u životu."
0:41:45,0:41:51,"Ne znam kad sam ga dobio 18 godina, ali su mi ukradli broj i tad sam promijenio broj i tada je broj isti."
0:41:52,0:41:56,"Znači 25 godina sigurno imam isti broj, jedan broj, nemam dva telefona."
0:41:57,0:42:00,I kad me netko nazove i pita jel se možemo naći.
0:42:01,0:42:05,Prvo tražim da mi objasni zašto bi se našli.
0:42:06,0:42:07,Pa ne mogu prek telefona.
0:42:08,0:42:09,Pa reko onda me ne zanima.
0:42:10,0:42:13,Onda me ne zanima i onda je to neki kriminal.
0:42:13,0:42:14,To me ne zanima.
0:42:14,0:42:15,"Ne, nije, nije."
0:42:15,0:42:18,"A kaj onda, objasni mi dvije rečenice zašto bi se našli."
0:42:19,0:42:20,I onda obavljam.
0:42:20,0:42:21,Ne zanima me Bog.
0:42:22,0:42:25,"Tako da, jednostavno to bi se svako trebao napraviti u životu."
0:42:26,0:42:39,"Jer kad si iskreno pogledaš malo ko te sve zivka, onda skužiš da je to 70% ljudi koji nešto trebaju ili nešto od tebe trebaju ili od nekog ko ti znaš ili neki kontakti, sve, ne zanima me."
0:42:40,0:42:47,"Ako misle korisno, da pače, ali svako bi se to trebalo napraviti, malo filter."
0:42:47,0:42:48,I jednostavno puno bolje.
0:42:48,0:42:51,I zato ja to provodim u praksi već dvije godine.
0:42:51,0:42:59,"Evo ove godine sam bio na moru 60 dana sa klincima, to je stvarno super bilo."
0:42:59,0:43:02,"I sad me je Vili pitao, možemo li sljedeće godine od 15.6."
0:43:02,0:43:03,ići?
0:43:03,0:43:03,Pa može.
0:43:04,0:43:15,"Sve je posloženo, naravno uvijek su borbe, radim ogroman projekt, Croacia Ringa, to je zahtjevno na 100,.000 načina, ali sve se može."
0:43:15,0:43:18,"I meni je, ne moram biti negdje, imam telefon."
0:43:19,0:43:20,"Naravno, ja sam pobornik onoga da se nađemo."
0:43:21,0:43:27,"Ako je nešto, ne rješavamo se, to je bolje nego preko telefona, ali puno se stvari može preko telefona."
0:43:27,0:43:30,"I preko maila, i preko interneta."
0:43:31,0:43:37,"Nisam rob toga, imam urede u kojima skoro nikad nisam."
0:43:38,0:43:48,"Kad čuješ ono često priču ljudi kao ravnoteža u životu, ravnoteža između posla i privatnog dijela života?"
0:43:49,0:43:57,"Sad si spomenuo da ideš preko ljeta trideset dana na more sa obitelji, šezdeset ispričavam se, duplo više."
0:43:57,0:43:58,Ove godine sam bio šezdeset.
0:43:59,0:44:07,"šezdeset dana odeš sa obitelji, očito to nije bilo svake godine tako pogotovo ne, ne, ne, to je, znači to sam tek nažalost počeo prije dvije godine."
0:44:07,0:44:15,"Ali, ok, nije to sad lako uspostaviti jer ti moraš krvo raditi da bi došao do neke faze gdje si možeš priuštiti."
0:44:16,0:44:21,"Znači u prvih pet godina, u prvih deset godina, u prvih petnaest godina, dvadeset to nije padalo na pamet."
0:44:22,0:44:33,"I sad kad te pitam za tu ravnotežu, sad si rekao u zadnjih deset dana da si spavao trideset sati, a onda imaš ljeto gdje šezdeset dana provedeš sa obitelji na moru."
0:44:33,0:44:35,Da li je to ravnoteža koja ti paši?
0:44:36,0:45:11,"Znači u jednom periodu ideš Olin, u drugom periodu ideš Olin u Očelino je, jel ova stvar koju sam započeo taj forum mi je draga i znači stvarno kad se vidi koji su to ljudi bili gore, među dvjesto, ograničio sam na dvjesto i kakva je bila atmosfera kada recimo troje ministara, sunce baš upravo, a prozirani šator, sunce upravo Sunce je uprlo i baš sam rekao to u svom pozdravnom govoru, rekao sam koliko smo postali nezahvalni, jučer bi dao sve za malo sunca, a danas mi već smeta."
0:45:12,0:45:12,"A, no je."
0:45:13,0:45:38,"I, znači, sunce je bilo stvarno onog efekta klinika, malo sve, ali evo, trojka ministara i svi ono tamo tri sata slušaju teme, pozadničke probleme, sve što smo razgovarali tamo i bilo je baš ono inspirativno i nakon toga svi ostanu miglat malo, nitko ne juri doma i mislim, stvarno je bila super atmosfera i to, i to mi je drago da smo postigli takvu atmosferu."
0:45:38,0:45:42,Jako je važno razgovarati o problemima poduzetništva u Hrvatskoj.
0:45:43,0:45:52,"Ja ne govorim da je Hrvatska odlična zemlja za živjeti, imamo dobar sistem, ali naravno to je onaj ali, ali uvijek može bolje."
0:45:53,0:45:55,"I to je poanta svega, uvijek može bolje."
0:45:55,0:45:58,I da nema tog ali ne bi bili poduzetnici.
0:45:59,0:46:02,Jer mi se borimo zbog tog ali.
0:46:03,0:46:07,"Ali možemo bolje izraditi, ali možemo bolje ovako, možemo bolje ovaj način."
0:46:07,0:46:09,I taj ali je jako važan.
0:46:09,0:46:12,I onda sve je zbog tog ali.
0:46:12,0:46:15,"Ali, jedan ali ne bi radili ništa."
0:46:16,0:46:19,"Tako je kako je, ali ne može bolje."
0:46:19,0:46:25,"Može i zato to radimo, tražimo prilike i baš će bila dobra atmosfera i to te na hrani."
0:46:29,0:46:33,"Iz svoje perspektive, kakav je status poduzetnika u Hrvatskoj danas?"
0:46:35,0:46:41,"Mentalitet nam je još uvijek premalo dobar, recimo."
0:46:41,0:46:48,"Jer uvijek je neka skepsa prema poduzetnicima, uvijek je to neki kriminal, uvijek je to."
0:46:49,0:46:52,"to su mutne priče, to je sve, ali to je uvijek manjina koja radi."
0:46:53,0:47:02,"Kao i ovi vozači, danas sam to rekao, znači pa to je debilo ispod jedan promil nečega, ali ti su najglasniji i njih se vidi i onda je to to."
0:47:03,0:47:05,I onda se na temelju njih osuđuje cijela zajednica.
0:47:06,0:47:10,"Tako da isto je to, znači uvijek je onaj kontroverzni poduzetnik."
0:47:10,0:47:11,Kaj to znači?
0:47:12,0:47:18,"I zato tako prolazi, ja ne slažem se baš s ovim ekstra profitom, recimo što znači ekstra profit?"
0:47:18,0:47:20,Svaki poduzetnik radi zbog profita.
0:47:21,0:47:25,Može biti samo je li radiš na ilegalan način ili legalan.
0:47:25,0:47:30,"Ako je legalan to je problem za pravosuđe, to je njihova tematika."
0:47:30,0:47:36,"Ali ne postoji ekstra profit da ti netko odredi aha, ti si previše zaradio, sad će te malo oporezovati."
0:47:37,0:47:48,"To šalje pogrešnu sliku u svijet i sigurno znam i razgovaram sa puno stranih investitora, hrvatski pravosudni sustav im je razlog da ne investiraju u Hrvatsku."
0:47:48,0:47:50,Hrvatski pravosudni sustav.
0:47:51,0:48:05,"U cjelini smo prespori, neefikasni procesi nam traju po dvadeset godina i nažalost to nam je stvar u koju moramo dobro zagaziti i nadam se sa ovim AIM, sa digitalizacijom pravosuđa da se mogu ubrzati stvari."
0:48:06,0:48:25,"Evo, znači, prosječni čekanje dozvola ili prosječni proces tužbe neke, pa to je, evo, mogu na svom osnovnom primjeru sad reći, investirao sam u jednu firmu, pametne bove i tako dalje, sad prije nekoliko mjeseci još uvijek rješenje Trvoškog suda nije provedeno."
0:48:25,0:48:27,"Znači, upis vlasništva."
0:48:27,0:48:30,"Znači, mislim da su neke stvari otišle još na gore."
0:48:30,0:48:45,"I sad kad sam bio kod bilježnika, mislim da je sedam suvlasnika firme i morali smo za svakog navađati ručno njihove adrese u ne znam koliko dokumenata, valjda, mislim, mislim, strašno, strašno što birokracija znači."
0:48:45,0:48:51,"Ne, jel'to je europska direktiva, jel'to naša, ali mislim, užas, to je gore nego kad sam prije osnivao firme."
0:48:52,0:48:58,"Mislim, tako da stvari mogu ići na gore i trebamo uvijek vikati i uvijek moramo upozoravati i skretati pažnju, jel'to treba."
0:48:59,0:49:01,Znači to je cilj da se sistem promijeni na bolje.
0:49:03,0:49:13,Misliš da ta priča morala i etike oko poduzetništva ne pije vodu u velikom broju slučajeva.
0:49:16,0:49:24,"Evo ti na primjer, ja nisam taj koji će negativno pričati o tome, ali čisto me zanima kakva je tvoja perspektiva, tvoj stav."
0:49:24,0:49:30,"Evo recimo imali smo nedavno ovu informaciju o Vuk Vukovič, da znam ja i o dugi niz godina."
0:49:31,0:49:35,Što je mene isto strašno iznenadilo uopće da se to događa.
0:49:36,0:50:03,"Evo ne znam, da li prvenstveno ti imaš to iskustvo da ljudi koji su u poduzetništvu, da su stvarno što se tiče morala i etike malo onako slobodniji, da se tako izrazim, da gledaju možda iz motiva financijskih, kako i god, da ipak malo idu po nekakvom civilu ili ne znam, ne znam kakvo je tvoje iskustvo."
0:50:04,0:50:23,"Pa ne, ako me pitaš za Vuka, znam ga dugi niz godina i smatrao sam ga stvarno dobrim, dobrim dečkom, jako pametnim, jako načitanim, educiranim i mislim uvijek sam volio, znači, raspravljati s njime, malo razgovarati i širiti svoje horizonte i sve."
0:50:23,0:50:36,"Znači nisam Nisam dvije sad godine bio u kontaktu s njim dok je išao u Ameriku i dok se zadnje smo se čuli, znači i meni ponudio ulaganje u njegov fond i sve, nisam bio zainteresiran."
0:50:37,0:50:44,"Ali žao mi je da se to dogodilo, jer stvarno mislim bio je jako, jako i pametan i govorio dobre stvari."
0:50:45,0:51:00,"A što se sad dogodilo, kud je to krenulo krivo, ne znam, nadam se da će dokazati nevinost, svakom to želim, apsolutno, njemu jako želim to i samo ono, žao mi je njegove djece."
0:51:00,0:51:09,"jel to stvarno nije baš lijepo i djeca nisu ništa kriva, tako da iz te perspektive mi je žao toga."
0:51:09,0:51:13,A sad on se nadam da će dokazati svoju nevinost i to je to.
0:51:13,0:51:16,"A sad jel kriv nije, ne bih ulazio u to."
0:51:16,0:51:23,"Stvarno nisam bio zainteresiran za ulaganje u taj fond i to je to, tu smo zadnji komunicirali prije dva godine."
0:51:23,0:51:25,Ajde da se vratimo malo na onu priču o formuli.
0:51:26,0:51:38,"Nedavno sam pročitao na x nešto, čovjek koji je poduzetnik jako dugo godina, savjetovao ljudima da barem jednom tjedno imaju nerazumne zahtjeve."
0:51:38,0:51:48,"Znači ti nerazumni zahtjevi recimo to bi iz tvoje priče trebao biti taj pokušaj, znači pojavila se velika prilika da otkupiš licencu za Formule jedan."
0:51:49,0:51:52,"Znači to je ono, malta je nekakav nerazumni zahtjev jel tako?"
0:51:53,0:51:57,I on kaže ljudima pokušajte to barem napraviti jednom tjedno.
0:52:00,0:52:14,Neki će upaliti i zapravo ti da nisi prihvatio to i da nisi ušao u taj rizik te bi u život danas bio drastično drugačiji.
0:52:17,0:52:21,"Možda bi otišao u nekakvom drugom smjeru, možda bi bio lošiji, ne možemo znati."
0:52:22,0:52:25,Mijenio bi samo neke stvari koje sam krivo napravio ali ne bi mijenjao put.
0:52:27,0:52:36,"Malo neke, izbjegavaju neke prepreke drugačije ali naravno to ti treba iskustvo da to prepoznaš tada ali tada nisam imao to iskustvo, sad ga imam."
0:52:36,0:52:42,"Ali ne bi mijenjao jer stvarno evo kad me netko pita što bi mijenjao ništa, sad neko zna da."
0:52:42,0:52:50,"I spomenuo si malo prije ove ljude recimo koji te zovu danas na telefon šalju ti poruke, imaš osjećaj da nešto trebaju od tebe."
0:52:52,0:53:10,"Da li si ti u tim godinama recimo kad si razvijao sve na čemu si radio tada, da li si ti bio taj koji je slavao poruke nekome, zvao ga, tražio nešto ili je tvoj pristup svemu tome bio drugačiji, da li si uvijek razmišljao o tome da daš nekome nešto?"
0:53:10,0:53:30,"Pa uvijek sam bio otvoren, znači uvijek sam bio za pomoć i puno puta sam bio neću reći iskorišten ali i da, znači da sam kasnije skužio ovakav, evo svi su se družili sa mnom, samo da su trebali kontakt do nekog kojeg ja znam itede znači vidio sam da su to ispravne priče tako da bio sam puno puta u takvim situacijama, ali to je to, to je dio puta, to mislim to svako ima."
0:53:32,0:53:33,To ne može izbjeći.
0:53:33,0:53:37,Nema toga koji se rodio pametan i da sad zna to prepoznat.
0:53:37,0:53:39,"Uvijek misliš, pogotovo dok je dobro."
0:53:40,0:53:47,"Ja sam imao te svoje, evo imao sam te svoje usporne padove, ja sam točno vidio koliko ti prijatelja ostane."
0:53:47,0:53:48,Uvijek sličan broj.
0:53:49,0:53:59,"Znači, evo, ne znam, taj TV, to je bio, dobro, prije toga te novine, ali na manjoj razini, to on uvijek, o, Cisni, Koklina, sa vlasnik novina, važan si i sve ono."
0:53:59,0:54:01,Onda prijeđeš u TE plus.
0:54:02,0:54:04,"Pa taj TE plus, to je još više."
0:54:04,0:54:07,"Svi te vuku za rukav, svi bi htjeli biti na televiziji."
0:54:08,0:54:11,"Mislim, isto kao i nacionalna televizija, ali na manjoj razini, regionalna."
0:54:11,0:54:12,Ista priča.
0:54:13,0:54:14,Onda to izađeš iz toga.
0:54:15,0:54:17,I onda te drugi dan zove troj ljudi.
0:54:17,0:54:20,A zvalo te 300 ljudi dnevno.
0:54:21,0:54:22,To se namikneš.
0:54:22,0:54:24,"Onda nakon toga, Formula 1."
0:54:25,0:54:26,Zovete 1000 ljudi dnevno.
0:54:27,0:54:30,"1000 ljudi dnevno, sve je to, ne govori sve."
0:54:30,0:54:33,"To se prekine, opet te zove troje, četvero."
0:54:34,0:54:54,"Onda uđeš u ured predsjednice u gospodarsko vijeće kao savjet glavni ekonomski, sada zove dvije tisuće ljudi, pa to nakon pet godina stane, opet te zove tih troje, četiri, petero ljudi, tako da jako se naučiš na to i znaš prepoznati te vrhunce valova kada te najviše ljudi treba zove i sve."
0:54:54,0:55:04,"Sad znači, ajde zamislite danas koliko ljudi zove i zbog staze i zbog EP1 i zbog svega, znači to je sve, ali sad znam prepoznati, znam reći odmah ne, ne zanima me."
0:55:06,0:55:07,Možda me nisi razumio.
0:55:07,0:55:09,"S druge strane, kad si ti trebao nekoga."
0:55:10,0:55:30,"Zna, ha, na koji način funkcioniraš, da li je tvoj stav i pristup tim ljudima, da li ono, si u toj ulozi žica ruša da se tako ružno izrazim ili ipak kad pristupaš ljudima od kojih nešto trebaš da se tako izrazim, da li si stava da daješ ili tražiš žicaš?"
0:55:30,0:55:33,"Ne, to su različita pojma."
0:55:33,0:55:35,"Da, sve različita pojma."
0:55:35,0:55:42,"Jedna je stvar ako ti imaš neki projekt ili nešto, neku vrstu suradnje koju nudiš nekome."
0:55:42,0:55:47,"Sad ja mislim da bi s tobom mogao napraviti dobru emisiju, televizijsku."
0:55:47,0:55:51,Sad ja te nazovem predložen poslovni prijedlog gdje smo oboje dvoje imamo interes u tome.
0:55:52,0:55:58,A druga stvar je kad te netko zove samo da bi bio malo s tobom dobar zbog toga jel ti znaš nekog kojeg on treba.
0:55:58,0:56:02,To su dvije odvojene stvari i danas puno lakše prepoznajem takvu žicarost.
0:56:03,0:56:15,"Znači ti kad ulaziš u razgovor s nekim i predlažeš mu nekakav projekat, ti predlažeš projekat na način da i ta osoba ima benefita od toga, a ne da si došao tamo da si samo nešto zainteresiran."
0:56:16,0:56:21,"To je cilj i svrha biznisa obostrana suradnja, a ne jednokratna stvar."
0:56:21,0:56:27,I da li je tvoj stav da ako ne postoji obostrani interes da zapravo onda priča uopće nema smisla.
0:56:28,0:56:32,"Ali, znači ja nemam problema pitati, znači, ok, znaš ovo osobe, ali moraš spojiti."
0:56:32,0:56:32,Ok.
0:56:33,0:56:33,Sve je to.
0:56:33,0:56:35,"A ne ono, ajmo se malo družiti."
0:56:36,0:56:40,"Znači, direktan si tu, tražiš pomoć od te osobe, da li mi možeš pomoć, treba mi kontakt."
0:56:40,0:56:41,To je najpoštenije.
0:56:41,0:56:46,I da li bi toj osobi došao tri puta sa takvim upitom bez da si dao ništa nazad.
0:56:46,0:56:49,"Ne možeš pitati ako jedan put te odbije, eventualno drugi put."
0:56:49,0:56:53,"Ne, ako ti osoba prvi put se spoj s nekim, ti pitaš drugi put, pitaš treći put."
0:56:54,0:56:55,Nemaš problema s tim?
0:56:55,0:57:02,"Pa ne, ako je to, znači, uvijek sam vraćao natrag, znači uvijek sam vraćao, nema tu ono, pa velinti, biznis je obostrana priča."
0:57:03,0:57:09,"Ti ako si jednokratan onda takvi tražiš, ti si tu osobu onda iskoristio, prekrižio i nemaš više više."
0:57:09,0:57:18,"Znači ja nemam baš takav krug ljudi i mislim nemam širok krug ljudi koji mogu uvijek nazvati, a to je taj track record koji ne može nitko umanjiti."
0:57:19,0:57:22,Zato što često vjerojatno razmišljaš kako ti nekome drugome možeš pomoći.
0:57:22,0:57:26,Pa da ili kako zajedno možemo napraviti neki benefit za oboje.
0:57:27,0:57:28,Cilj je biznis za profit.
0:57:29,0:57:39,Cilj biznisa je profit ili mislim niz benefita nekih ali najčešće i najdalje ideš ako su ti benefiti obostrani.
0:57:40,0:57:50,"Ti si prije nekoliko minuta izjavio da, moguće da smo razvoj sada pričali prije nego što smo krenuli s njima, pa si rekao, treba raditi ono što voliš."
0:57:50,0:57:50,Da.
0:57:53,0:57:54,Je li tu isto profit cilj?
0:57:56,0:58:00,"Pa nije, mislim, profit je cilj biznisa i to mora biti jasno."
0:58:01,0:58:02,Biznis se radi zbog profita.
0:58:03,0:58:07,"Da si zaradiš novac, da omogućiš život, da omogućiš obitelj život itd."
0:58:08,0:58:16,"Ali meni nije cilj sad ultra profit da ću ja sad raditi 0,24 samo da imam što više profita, a kvaliteta života nikakva."
0:58:17,0:58:22,"Ne, znači ja sigurno gubim dio profita jer nisam prisutan stalno u svojim firmama."
0:58:22,0:58:23,Sigurno.
0:58:23,0:58:25,Ja sam to svjesno napravio.
0:58:26,0:58:30,Fire vode direktori koji su dobri i za to su plaćeni i rade super posao.
0:58:31,0:58:50,"Naravno ti kao vlasnik kad si angažiran to je automatski jače i odmah se odrazi na moralu ljudi i odmah su produktivni i sve to, ali meni je draže ovo da imam svoju slobodu, imam kreativnu slobodu za ovakve mega projekte kao Croacia Ring jer ne moram biti, ne radim ovaj deli biznis."
0:58:50,0:58:54,"Znači, ne znam, GP1 radimo prijenose za nas, car kompleksne po cijeloj Europi."
0:58:55,0:59:05,"Ja uopće ne znam koje ljudi rade i nisam toliko angažiran u firmu jer za to imam geo koja odlično radi svoj posao i mislim, ja imam povjerenje, rezultati su dobri i to je to."
0:59:06,0:59:12,"Ne moram ja sad biti mikromanager da moram znati svako ko radi za nas i mislim, to je previše posla."
0:59:13,0:59:19,"I mislim da ima ljudi koji puno bolje to od mene rade, taj deli management i zato ih imam."
0:59:19,0:59:21,Koji posao radiš iz ljubavi?
0:59:21,0:59:22,O sve radim iz ljubavi.
0:59:23,0:59:25,"Znači, ne znam reći ne."
0:59:25,0:59:37,"još uvijek, to mi je malo problem, ali sve to, znači sve me to veseli, ja sam dobio ponude i da prodam GP1 prije par godina i sve, mislim, dobre i financijske ponude i sve, ali nisam htio."
0:59:39,0:59:50,"Kad si ulazio u taj posao sa novinama, kad si ulazio u posao sa televizijom, kad si došao u priliku da kupiš licencu Formule 1, da li je iza toga bio motiv, profit?"
0:59:53,1:00:00,"Zapravo pitanje, prije nego što si ušao u posao za licencu s Formule 1, da li si ranije pratio Formule 1?"
1:00:00,1:00:01,Da li si ti bio?
1:00:01,1:00:01,Nikad.
1:00:02,1:00:02,Ljubitel.
1:00:02,1:00:03,Nikad tog svijeta.
1:00:03,1:00:05,Nikad nisam gledao formule.
1:00:05,1:00:07,Znači to si gledao isključivo bio tada kao.
1:00:08,1:00:14,Gledao sam kao neki projekt koji nadilazi sve što sam do tad radio i ono koji je abstraktan.
1:00:14,1:00:17,Znači to mi je postao brand da radim abstraktne projekte.
1:00:18,1:00:24,"Tako da to je bilo, to je kao klinac sam gledao malo formule i to sve znao sam okreno, vozače neke iz povijesti."
1:00:24,1:00:26,Znači nisi fanatik bio uopće?
1:00:26,1:00:26,Ne.
1:00:27,1:00:30,"Ne, ali onda kad sam došao na prvu utrku formule u životu u 2011."
1:00:30,1:00:36,"u Silverstone, meni je Bernie Eckelston tada osobno morao odobravati pasove."
1:00:36,1:00:39,Znači Bernie je takav mikromenadžer da je to nevjerojatno ono.
1:00:39,1:00:46,"Znači za svaki pas koji sam ja tad dobio, Bern je osobno morao to odobrit Holmesu."
1:00:46,1:01:01,"I mislim, odobrio je uvijek, koliko se sjećam i to, onda kad sam došao na prvu utrku, savršeno mi je još bio kišni dan naravno u Engleskoj i kad sam ja čuo taj zvuk motora, te V8 se kako deru sve, to sam se zarazio za cijeli život."
1:01:01,1:01:03,"Znači zaljubio si se, krasni."
1:01:03,1:01:05,"Da, znači apsolutno, znači od 2011."
1:01:06,1:01:20,"baš sam ono, ne mogu reći da sam fan sporta, samo da je to sport, ali sam fan biznis dijela priče, baš ono menadžmenta, kako je to sve posloženo, znači što je tu sve vrti, znači više sam van toga."
1:01:22,1:01:30,"Daj mi reci da li u nekom trenutku misliš da je moguće da savjet radi ono što voliš, može biti nekad poguban za osobu?"
1:01:30,1:01:34,"Može, ne, ja uvijek to stavljam sa zvijezdicom koju objasnim."
1:01:35,1:01:51,"Znači, s puno start-upova sam radio, znači tisućama i uvijek su skoro iste greške itede I sad savjetujem svima koji kreću u neku ideju, ne da idu all in."
1:01:51,1:01:56,"Znači ne, jer ono ako fulaš, tražiš nekoliko godina da se vratiš natrag, pa da to sam prošao na svojoj koži."
1:01:57,1:01:58,Jako su skupete te pogreške.
1:01:58,1:02:05,"I onda svakome kažem koji ima neku ideju, ok, nemoj ne pušiti svoj posao sadašnji, jer ti moraš od nečeg živjeti."
1:02:06,1:02:10,I onda slobodno vrijeme koristi da izgradiš taj svoj proizvod.
1:02:10,1:02:18,"Onog trenutka kad je taj proizvod ili usluga ili bilo što počne donositi sličan novac kao tvoja plaća, e onda je vrijeme da se makneš."
1:02:18,1:02:29,"Ili nađeš investitora, ali nemoj si osobnu egzistenciju zalagati, znači naravno neki to rade iz srca i iz super, svaka čast, ali puno je veća šansa da ne uspiješ nego da uspiješ."
1:02:29,1:02:36,"I zato je pametnije malo ići korak po korak i ne bacati se na glavu, kako sam se ja bacao, kaj 2002."
1:02:37,1:02:47,"godine, ko će dati neke novce, ko, kakvi investitori, kakvi poslovi anđeli, kakvi visi fondovi, pa nema ničega, banka ti dođe, imaš stan kao hipoteku, nemam, ok, bog, završili smo."
1:02:47,1:02:50,"Tako da mi smo se probijali rukama, nogama, zubima i svime."
1:02:51,1:02:59,"Nema tu kreditiranja, kreditni rating ti je nula, ispod nula je stalno se neke blokade, stalno neke kemije i to je to."
1:03:00,1:03:06,Danas je puno lakše naći dodatne izvore financiranja i to uvijek poručujem tako.
1:03:06,1:03:10,"Znači, a ti da radiš ono što voliš, to treba se izboriti za to."
1:03:11,1:03:23,"Možda netko ima sreće, ali ja sam, evo, uvijek sam volio to što sam radio, ali mi je bila tlakaj jer je uvijek bilo podfinancirano, a to ti nikada nije gušti jer uvijek si u borbi za hvatanje novca."
1:03:23,1:03:23,Uvijek.
1:03:24,1:03:27,"Kad bi onako gledao ispred sebe, sad imaš nekoliko ideja."
1:03:27,1:03:41,"Jedna je ono recimo, ideja koja ti se sviđa, imaš strasti oko toga itede Druga ideja, neka ideja koja je trenutno aktualna u svijetu možda nešto u niži umjetnoj inteligenciji, ovo, ono je sad ono."
1:03:42,1:03:50,"Veliki je potencijal, što bi prije ljudima savjetovao gdje ide ili idealno da nađu sjecište onoga, ima veliki potencijal."
1:03:51,1:03:52,"Follow to money, uvijek follow to money."
1:03:53,1:04:07,"Ako vidiš da negdje počinje kapat novac posveti se tome, prije nego onome gdje ne, znači slijedi novac, jel novac će ti omogućiti da zaradiš više, da uložiš više u proizvod i da razviješ brži proizvod."
1:04:08,1:04:11,"Tako da to je, to je, to sigurno bi to preporučio."
1:04:12,1:04:14,Što je tebi novac donio u život?
1:04:15,1:04:22,Pa mogu reći da nikad nisam ju sjetio da imaš neke hrpe novca na računu i uvijek ulažem u dalje.
1:04:23,1:04:29,"Znači nemam sad da sad imaš neku zaliku, štednje neke ne, oni uvijek su ulozi."
1:04:29,1:04:30,Znači uvijek ti vrtiš.
1:04:30,1:04:43,"Uvijek vrtiš, ne znam, novac je dio novca, kupio sam 30 hektara zemlje, šuma, polja, starih kuća u Žumbrku, u parku prirode, baš na tom i manju tihačeku je u formi, a gore je farma bagi u goveda."
1:04:43,1:04:52,"Znači, stvarno hrpu smo uložili zadnje godine."
1:04:53,1:05:00,"Bio je jedan evropski fond koji nas je naravno birokratizirao i to je birokracija teška, to te više crpi, ali dobro."
1:05:01,1:05:02,Tako da uvijek se ulaže.
1:05:04,1:05:12,"I to su stvari koje, mislim, novosti omogućuje naravno stil života, toliko putovanja i svega to košta."
1:05:13,1:05:23,"Ali, velim, još uvijek se misli, uvijek se misli, ono, mislim da je to urođeno ljudima, ono, next year we'll be millionaires."
1:05:24,1:05:25,Prolog je nelboja.
1:05:25,1:05:32,"Da, nekad se čini i tako, ali uglavnom uvijek gledaš u neku budućnost."
1:05:33,1:05:35,Kako obitelj reagira na sve te tvoje...
1:05:36,1:05:38,"Aha, već su navikli."
1:05:38,1:05:41,Već su navikli i mislim da ih više ništa ne može znati.
1:05:42,1:05:47,"Od staraca do supruge, znači nema šanse, znaš da su neke lude ideje."
1:05:47,1:05:55,"Znači imam jednog prijatelja Tihomir Jagonić iz Jaske, vlasnici hotela Princes, on i supruga Dragica."
1:05:55,1:06:00,Znači kod njega na šanku tamo smo puno puta komentirali te moje lude ideje.
1:06:00,1:06:03,"Uvijek u svojoj čašu, ti nisi normalan."
1:06:03,1:06:04,Ja ostvarim to.
1:06:04,1:06:05,"Opet, ti nisi normalan."
1:06:06,1:06:06,Ja ostvarim.
1:06:06,1:06:07,Ti nisi normalan.
1:06:07,1:06:08,Uvijek idemo takvim korakom.
1:06:08,1:06:09,"A sve više, više, više."
1:06:10,1:06:11,Sve su veće te nenormalne priče.
1:06:12,1:06:13,Jel'te inat pokreće iskustvo?
1:06:14,1:06:17,"Naravno, normalno je da nekad baš ono."
1:06:18,1:06:19,hoćeš dokazati.
1:06:20,1:06:20,Naravno da da.
1:06:21,1:06:24,Ili imaš u glavi neke osobe kojima to dokazuješ?
1:06:24,1:06:27,"Pokušavam, ne, jer se nikad nisam vodio mržnjom nekom."
1:06:28,1:06:30,To svima sugerira da je to bacanje vremena.
1:06:31,1:06:33,"Nikad se nisam bavio nekim osvetama, nekim."
1:06:34,1:06:37,Sada ja ulažem i trošim svoje vrijeme da nekomu.
1:06:38,1:06:46,Uvijek se mislim da je karma iz bića i uvijek imam feeling da to će samo doći od sebe i nekad i dođe.
1:06:47,1:06:49,Tako da ne trošim puno vremena na to.
1:06:51,1:06:52,Kako ti je zdravlje?
1:06:52,1:06:53,Zdravlje super.
1:06:54,1:06:56,Jel si se posvetio tom dijelu života uopće?
1:06:57,1:07:11,"Zadnjih par godina stvarno idem svake dvije godine radi kirurgija, sveta nedjelja, full body check, jednogodišnje barem na full krvnu sliku, baš on ne znam koliko testera itd."
1:07:11,1:07:12,Tako da so far so good.
1:07:21,1:07:26,Kažu oni koji se bave dugo vječnosti i zdravljem da je spavanje najbitnija stvar.
1:07:26,1:07:29,Je li to sad samo radi djece ovaj poseban period ili?
1:07:30,1:07:33,Pa mislim ja sam se već o tome viko i da je to nemam opće san.
1:07:35,1:07:37,Zadnjih devet godina nema sna.
1:07:38,1:07:38,To je to.
1:07:38,1:07:43,"Prije nisam spavao, sam tulumario, sad nisam spavao jer su klinci takvi."
1:07:44,1:07:45,Ali ste se navikli što je to meni.
1:07:45,1:07:50,"Evo, danas sam spavao 3 sata u sam ugodno spavao."
1:07:52,1:08:09,"I dovoljno mi je, ok, malo sjećam to ono, puno je tih obaveza danas bilo važnih i to je to, ali mislim da svako ima svoj biorita unutarnji i da, ok, znanstvenici znaju uvijek bolje, ali svako bi se trebao ravnoti prema sebi."
1:08:10,1:08:14,"Možda da ti sjediš na mjestu i da ništa ne radiš, možda bi umro."
1:08:15,1:08:16,"Ne bi, ne bi, ne bi."
1:08:16,1:08:21,Ne bi si iznenadio koliko često se uhvatim da ne radim ništa.
1:08:21,1:08:23,"Znači, ležim na kauču i gledam filmove."
1:08:24,1:08:27,"Znači, imam puno poč, puno vremena koje provodim tak."
1:08:27,1:08:28,Mada je.
1:08:28,1:08:38,"Da, i to je onak, svi misle da sam na putu 90%, ali imam puno situacija gdje jednostavno onak, doma sam i glam film moj."
1:08:38,1:08:39,"Jes ti kloniran, čović?"
1:08:40,1:08:40,Pa ne znam.
1:08:40,1:08:47,"Znači, očito ovo vrijeme koje radim s tim, toliko toga napraviti, ali dosta često imam takve situacije."
1:08:47,1:08:49,Možda imaš ja i prije nego što smo ga mi imali.
1:08:50,1:08:52,"Možda sam ga, moram možda."
1:08:52,1:08:54,Možda sam se skrenuo sa Zuckerbergom.
1:08:54,1:08:55,Treba biti na promatranju ono.
1:08:56,1:08:56,"Da, ovo je nešto tu."
1:08:58,1:08:59,Ne znam.
1:09:03,1:09:05,Jer bi rekao za sebe da imaš ogromnu energiju?
1:09:06,1:09:07,Pa imam da.
1:09:07,1:09:09,"Mislim, ja vidim sada da imaš."
1:09:09,1:09:10,"Da, imam silno i."
1:09:12,1:09:14,Na 3 sata imaš više energije nego ja na 10 sati.
1:09:15,1:09:16,10 sati spavaš.
1:09:16,1:09:16,Mazevo.
1:09:16,1:09:18,"Dobro, dobro, da ne, već si se zabrinuo."
1:09:19,1:09:19,10 sati.
1:09:19,1:09:20,"Ne, ne."
1:09:21,1:09:24,"Glede, to mogu reći da imam neki adrenalin u sebi, onaj prirodni."
1:09:25,1:09:26,"Ne, to je zbog redbola."
1:09:26,1:09:37,"To je sada, ne, ali da sam inače takav, znači ne pijem često onak energetska pića, ali imam toliko energije, mislim mi, ili dijelim da imam toliko energije, nekad sam naravno i."
1:09:37,1:09:41,"umran i tako dalje, ali možda dijelim tako, ali uvijek sam za neku akciju."
1:09:41,1:09:45,"I čak i sad na tri dana spavanja, kakav je bio danas dan?"
1:09:45,1:09:48,Ili zadnjih desetak dana si rekao da spava tridesetak sati?
1:09:48,1:09:48,Da.
1:09:49,1:09:52,"Ti i dalje možeš normalno funkcionirati, razmišljati, donositi odluke."
1:09:54,1:09:55,Da ti to na nikakav način ne smeta?
1:09:56,1:10:02,"Ne, naravno kad sam umoran da ti možda malo si sporiji ili nešto takav, ali ne sjećam baš neke da ne mogu."
1:10:02,1:10:13,"Bio mi je u podkastu Jan Deškov, naš koji je doktor na Harvardu, naš hrvat, Alen Juginović, i on mi je rekao on se bavi medicinom spavanja.."
1:10:14,1:10:16,To nam je jedan od najgledanijih podcastova.
1:10:16,1:10:18,Bar sad već preko 400 tisuća pogledao.
1:10:21,1:10:26,On je rekao da postoji jedan gen koji se zove Margaret Thatcher gen.
1:10:27,1:10:32,Da par posto ljudi ga ima da mogu jako dobro funkcionirati s jako malo snama.
1:10:34,1:10:35,To je teška anomalija.
1:10:36,1:10:36,Anomalija?
1:10:37,1:10:39,Znači da ćemo kraće živjeti?
1:10:40,1:10:45,"Ne, čak da mogu, ti ljudi jako dobro funkcioniraju s malo snama."
1:10:46,1:10:47,Ne smeta im zdravlju.
1:10:47,1:10:49,"Evo, da bi mi rekao gdje je testiranje."
1:10:49,1:10:50,da to i potvrdi?
1:10:50,1:10:51,Moguće da ti to imaš.
1:10:52,1:10:52,Moguće.
1:10:52,1:10:53,"Margaret Thatcher, GN."
1:10:57,1:11:05,"Što se tiče te, kako ja gledam, ovako kao nekakav vanjski promatrač, to mi je profesionalna deformacija, mora se pripremiti za naš razgovor."
1:11:08,1:11:22,"Zapravo ta formula jedan, ja onako gledam, nekako najbitniji dio tebe mi je ta sposobnost druženja ili sklapanja prijateljstava ili poznanstava, poslovnih itd."
1:11:23,1:11:30,Zapravo gledam da si ti uvijek okružio nekako ili bio dio nekih organizacija gdje se vrti jako puno zanimljivih ljudi.
1:11:31,1:11:34,Pa vjerojatno jedna od ovih prvih je ta Formula 1.
1:11:34,1:11:41,"Jer stvarno oko te formule se vrti strašno puno i bitnih i uspješnih, bogatih, slavnih ljudi itede Sigurno."
1:11:42,1:11:43,"Da, to sigurno."
1:11:43,1:12:04,"Formula 1, mogu reći da je onaj ulazak u svijet Formula 1 dvije tisuće jedanaest godine da je to bio neka raketa koja me baš lansirala jer čak i tada dvije tisuće jedanaest mi je i jedan pokazivao neke članke koje su me označavale u svijetu internim nekim stručnim časopisima, ako je najmlađi privatni vlasnik prava Formule 1."
1:12:04,1:12:07,"Tako da sam ja od uvijek bio on, ali gledajte, to je ovaj, to je ovaj."
1:12:08,1:12:09,To su već od početka znali za mene.
1:12:09,1:12:12,"I sad ćete pokušati nešto naći, pričati sa mnom."
1:12:12,1:12:15,"Ne, i da, Formule 1 sigurno, tamo sam stekao puno prijatelja."
1:12:16,1:12:21,"15 godina sam dio tog sistema na više načina, na više strana."
1:12:22,1:12:26,"I uglavnom, jako dobar hub za upoznavanje ljudi."
1:12:27,1:12:29,"Jako dobar, baš jako dobar hub."
1:12:29,1:12:34,"Ali nije to, ima tam puno ljudi koje nitko nikad nije zapazio."
1:12:37,1:12:43,"Stvarno, sada kad sam vodio neke ljude po formuli, ja mogu ući skoro u svaku garažu."
1:12:44,1:12:49,"Znači, bez obzira na koji pas imaš, mogu u svaku garažu."
1:12:50,1:12:58,"Stekneš prijatelje, stekneš neke dvogodišnje suradnike, uvijek se nešto vrti, uvijek neki savjet oni trebaju, ja mogu dati itd."
1:12:59,1:13:00,"Mislim, jako interesantan svijet."
1:13:01,1:13:06,"A pogotovo sad kad se staza izgradi, nadam se to ide na level 10."
1:13:07,1:13:08,"U slonju, jel?"
1:13:08,1:13:08,Da.
1:13:09,1:13:21,"Budemo pričali o tome, samo hoću htio spomenuti, podsjetilo me na tebe kad sam ovo pročitao, čovjek koji se bavi, organizacija koja se bavi investiranjem preko 15 godina."
1:13:22,1:13:41,"Kaže, nakon 15 godina investiranja, ja prevodim, u ovom trenutku sa engleskog na hrvatski, shvatili smo da zaista izvrsni osnivači imaju nešto što je nemoguće to fake, odglumiti, kao recimo, duboko nekonvencionalne živote."
1:13:42,1:14:34,"Kaže da su analizirali preko 15.000 osnivača firmi i shvatili su, zapravo su pronašli nekakve signale kao što su čudni hobiji, jako rani znakovi izvrsnosti u mladom dijelu, u najmlađem dijelu života, ekstremna životna pivotiranja, promjene smjerova, neobične geografije što hoću reći da se rodi u Hrvatskoj, to je neobična geografija sigurno, nelinearne karijere, znači svi ti neki signali su, oni ih nazivaju, ne znam kako bi preveli to na hrvatski, outlier, znači netko tko se izdvaja iz mase."
1:14:36,1:14:40,"Ja imam jednog prijatelja koji je izvrstan poduzetnik, evo pozdravljam ga, sad je rekao da ću gledati ovo."
1:14:42,1:14:45,Znači on je prekinio srednju školu.
1:14:45,1:14:48,"On je u trećem srednjem otišao, znači ti doslovce."
1:14:48,1:14:50,"On je u trećem srednjem otišao, znači ti doslovce."
1:14:53,1:14:55,Na njemu vidiš da on uopće nije uklopljen.
1:14:55,1:15:01,"Ja sam, evo to sam uvijek naverno govorili, da smo matematici, ja i njihovi najuspješniji studenti koji nikad nisu završiliili."
1:15:02,1:15:06,"Imamo tih ispita, ovo, ovo, nezavršenih, ali nikad nisam završio."
1:15:08,1:15:13,"Sad bih htio to nekako završiti da mi klijenti ne mogu reći, da njima ne mogu govoriti, znači da ne mogu završiti fakultet."
1:15:13,1:15:14,A kakve ti imaš?
1:15:15,1:15:17,Zašto bi im uopće govorio da završi fakultet?
1:15:17,1:15:27,"Pa ne znam ono, prije svega da klijenti budu sretni, ali mislim da bi trebali se školovati da ima to smisla, da će ima puno smisla."
1:15:29,1:15:36,"Meni, ja nisam vidio smisao tu, krenuo sam prvo na veterinu, zbog veterinarskih stanica i mislio sam da će biti najlakše, onda super."
1:15:37,1:15:40,"Znači, tam bila je fenomenalna ekipa na veterini, mislim da je 2000."
1:15:40,1:15:41,ili 2001.
1:15:42,1:15:48,"Znači, to su bili takvi tulumi, ja svirajem gitaru, svirao sam u bendu, zvao se Kravlje Ludilo, to su bili takvi tulumi na veterini."
1:15:49,1:15:50,Veterina Kravlje Ludilo.
1:15:50,1:16:03,"Da, BSE, znači, bend top, znači super, tulumi super sve, ali nije mi to bio moj džir i tu sam, nisam nikad imao volju za to i jednostavno sam napustio."
1:16:04,1:16:05,I otišao sam na Vern.
1:16:06,1:16:13,"Mogliš Vern, tad je bio u početcima svojim i tad su išli stvarno baš vlasnici, osnivači firmi."
1:16:13,1:16:17,"I znam da sam tamo hrpu poslova slopio za web dizajn, za kreator."
1:16:18,1:16:22,"Znači, i mogu reći da neki klijenti i danas s njima poslujemo."
1:16:22,1:16:50,"I danas sam s njima u kontaktu i mislim da je to stvarno ono, evo, koliko, dvadeset četiri godine to su ono baš dugoročna prijateljstva i poslovna partnerstva koja su mi puno značila znači sve te organizacije recimo def jedan opet kako ti kažuš moraš biti na nekakav način i ti osoba koja je ono likable recimo da se sviđa drugim ljudima da si komunikativan da, da si otvoren, da si prisutan."
1:16:50,1:16:55,"Normalno, pa ne, niko ne voli sad antisocijalne ljude."
1:16:56,1:17:02,"Ne znam koliko smo se zapartirali po svijetu, tumorili, sve."
1:17:02,1:17:03,"Znači, ono uvijek je."
1:17:04,1:17:06,To je bila jedna od komponenti mog života koja je ono uvijek.
1:17:06,1:17:07,Voliš dobro za zabavu.
1:17:08,1:17:09,"Uf, nema kraja."
1:17:09,1:17:10,"Znači, nema doma."
1:17:11,1:17:12,Budiš zadnji.
1:17:13,1:17:14,U najviše slučajeva da.
1:17:16,1:17:17,"Ali to je to, znači, nema."
1:17:19,1:17:20,To je jedna stvar koja je.
1:17:20,1:17:25,"Da, mislim, ima puno ljudi koji."
1:17:25,1:17:30,"Koji vole partijati, mislim, partijati."
1:17:30,1:17:32,"Znači, nije to sad partijno?"
1:17:32,1:17:32,Družiti se.
1:17:32,1:17:33,"Družiti se, da."
1:17:34,1:17:36,Je li ti to jedna od najljepših stvari u životu?
1:17:37,1:17:39,"Pa nije, ali jedna od zabavnih je."
1:17:39,1:17:40,Druženje.
1:17:40,1:17:41,"Druženje, da, naravno."
1:17:42,1:17:50,"I uvijek sam ono, okružen ljudima, uvijek je to puno različitih kategorija ljudi i uvijek je ono dinamično."
1:17:52,1:17:54,Da li bi rekao za sebe da si dobar domaćin?
1:17:55,1:17:56,Mislim da da.
1:17:56,1:18:00,"Mislim da da, pa svi vole dolaziti u Hrvatsku i puno sam tih."
1:18:01,1:18:08,"I faca i ne faca doveo u Hrvatsku, proveo ih po Hrvatskoj i mislim da je uvijek bio, znači vraćamo se."
1:18:08,1:18:13,"Evo kad bi ja recimo bio tvoj gosti i moj domaćin, kako bi to izgledalo?"
1:18:15,1:18:18,"Ovisi koji si profil čovjeka i kaj voliš, ali nema."
1:18:19,1:18:25,"Znači mogu sad recimo na primjeru Exla Rosa, znači pjevača Gansena Rosesa."
1:18:25,1:18:39,"Znači on mi je bio gost prošle godine kod mene doma i odveo sam ga u Rimac, sam mu pričao samo o Rimcu, o kampusu, o tome što je napravio i naravno Exla gledao, top gear gledao je sve te emisije., on je fan automobila, veliki."
1:18:39,1:18:42,I onda normalno kad smo bili negdje zajedno.
1:18:44,1:18:46,"Naravno, rekao sam to, ja mislim da vidi."
1:18:47,1:18:52,"Ne sjećam se više, ali puno puta smo to lomarili zajedno, on isto, nema to, nema do jutra."
1:18:53,1:18:55,I onda sam rekao da mora to doći vidjeti.
1:18:55,1:19:02,"I onda kad je završio prošle godine evropsku turneju iz Hamburga, je došao u Hungar Ring."
1:19:02,1:19:06,"Ja sam mu rekao moraš vidjeti neku evropsku utrku, ne samo Las Vegas."
1:19:06,1:19:09,"Jer smo se upoznali u Las Vegasu, na otvorenju."
1:19:10,1:19:12,I tako je on došao na Formule 1.
1:19:13,1:19:25,"i uspjeli smo napraviti nemoguće i tu hvala Stefanu Dominikaliu, predsjedniku Formule 1, znači je eksplimahao ciljnom zastavicom prošle godine u Hungaringu."
1:19:26,1:19:31,"I dosta je bio zbuđen, ipak nije to isto kad te gleda 100 milijuna ljudi uživo."
1:19:33,1:19:38,"Mislim to mu je bilo fenomenalno, ali onda sam saznao da u biti dolaze u Hrvatsku."
1:19:38,1:19:40,Dogovorili smo se da idemo na utrku.
1:19:41,1:19:48,"Odradimo utrku, ja dođem u hotel, njegov tim, Davrin, I'm gonna kill you, jedna osoba iz njegovog tima."
1:19:49,1:19:50,"Jako, kaj sad?"
1:19:51,1:19:53,"Rekao, pa ti znaš da idemo u Hrvatsku?"
1:19:53,1:19:54,Preko kad?
1:19:55,1:19:56,Pa sad iza utrke.
1:19:56,1:20:00,Oni su s turbusom došli iz Hamburga do Budimpešte.
1:20:00,1:20:06,"Jako, kaj, pa jesi rekao, Ekslo, hoćeš sad u Hrvatsku vidjeti Rimca sve?"
1:20:06,1:20:24,"Ja, rekao, dobro da si mi rekao, ja se zovem Matu, ono, da je, bio je, ja mislim, dan pobjede domovinske zahvalnosti, ništa ne radi, sve je rekao, da je li možemo otvoriti kampus, dovoljno je Eksla, Mati je uvijek legenda, uvijek može sve, stvarno ono, svaka častka je napravio i tako smo i došli u Hrvatsku."
1:20:24,1:20:37,"Evo, ovdje vidite da vidiš malo hrvatsku izvrsnost, neveru, da vidiš proizvodnju turbulona, da vidiš taj fenomenalni kampus."
1:20:37,1:20:44,"Nakon toga bi otišli kod mene doma, da malo vidiš i doma gdje sam, da popijemo koju tekilu ili jeli cu neku tam kod mene."
1:20:45,1:20:54,"Onda bi otišli kod mojih prijatelja Tomaca, koji imaju fenomenalnu vinariju i možda jedna od najboljih pinušača u Hrvatskoj i općenito vina."
1:20:55,1:20:58,Tam bi se proveli do sitnih noćnih sati i onda ajmo opet isponova.
1:20:58,1:21:02,"Znači nema, evo to bi bio neki mali kratki., Džir."
1:21:02,1:21:04,"Nema stanja, samo zabava."
1:21:04,1:21:04,Da.
1:21:06,1:21:09,Morat ću poraditi na svojim vještinama domaćinstva.
1:21:12,1:21:14,Osjetite mi neki optimizam koji otebe biti?
1:21:14,1:21:16,"Uvijek je optimizam, ne."
1:21:16,1:21:19,"Znači, nema stvari, to mi je, mislim to volim."
1:21:20,1:21:22,Ja ne mogu biti u bedu dugo.
1:21:24,1:21:28,"Hvala Bogu, poštedile su me neke tragedije."
1:21:28,1:21:34,"Puno ljudi ima neke obiteljske tragedije, ima neke smrtne slučajeve, rane gube roditelje itd."
1:21:34,1:21:37,Ja toga nemam do sada i hvala Bogu da je ta tako.
1:21:39,1:21:44,"Neću ono, mislim, ne mogu ulaziti u takve situacije i kako se ti ljudi osjećaju, to je normalno."
1:21:45,1:21:50,"Ali evo, ako to izuzmemo, znači nemaš i poslovni poraz i neke stvari."
1:21:52,1:21:55,Uvijek sam optimist i uvijek vidim izlaz.
1:21:56,1:22:02,"Nemam ono da sam u crnilu nekom i mogu se nekom kljutiti, ne znam, pola dana i to je to onda više me prođe."
1:22:02,1:22:03,Tako da to volim kod sebe.
1:22:04,1:22:05,To mi je ono baš dobro.
1:22:06,1:22:12,Jer to ti omoguće da i teške stvari jako dobro prođeš i da te ne ubije za dalje.
1:22:12,1:22:14,"Ne, tako da ono ne pravdi se."
1:22:14,1:22:18,"Znači prije sam bio ono brutalan optimist, sad sam umjereni optimist."
1:22:19,1:22:19,Sasvim sigurno.
1:22:20,1:22:21,Da li si realist?
1:22:21,1:22:21,"Ne, optimist sam."
1:22:22,1:22:23,Daleko bi optimist.
1:22:24,1:22:27,Da li misliš da postoji jedan tip poduzetnika?
1:22:27,1:22:43,"Znači kad govorimo o osobnosti, karakteru itede ti si tip koji ima jako puno energije, koji voli ljude, koji se voli družiti, koji je okruženo i kroz F1 sa raznim raznim tipovima ljudi, kroz Crain, kroz ne znam, raznim tvoje nekakve projekte."
1:22:46,1:22:52,"Da li si upoznao poduzetnike koji su malo introvertirani i strašno slučajno, apsolutno."
1:22:53,1:22:56,"Nema avatara savršenog poduzetnika, jedan tip."
1:22:57,1:22:58,"Ne, ne, ne."
1:22:58,1:22:59,To je sve miks.
1:22:59,1:23:11,"Znam i neke od najvećih poduzetnika na svijetu, znači stvarno ljudi koji vrte stotine milijardi, svako je drugačiji, ali svi imamo i neku istu crtu."
1:23:11,1:23:14,"Što su principi recimo, šta si uočio?"
1:23:15,1:23:18,Optimizam i mogu reći neustrašivost.
1:23:19,1:23:25,Jer ti ono poduzetnik mora naći načina za bilo koju situaciju.
1:23:26,1:23:30,Pa sjeti se samo COVID-a i one situacije koja je pogodila cijeli svijet.
1:23:31,1:23:42,"Znači, ti razmišljaš kako pivotirat biznis, kako to promijeni smjer, ne znaš koliko će to trajati, što se događa i sve, neki su našli nove prilike u tome."
1:23:44,1:23:46,Za prodaju testera onih itd.
1:23:48,1:24:00,"Mislim, svaka kriza je izazov i mislim da je to jedna univerzalnost kod poduzetnika da uvijek se moraju prilagođavati nekim drugačijim uvjetima tržišta."
1:24:00,1:24:03,"Jer to je sve živi organizam, to je sve fluidno, to nikad nije isto."
1:24:04,1:24:08,"Znači, kao principe, vidiš optimizam i neustrašivost?"
1:24:08,1:24:10,To bi ovako i rekao.
1:24:11,1:24:14,To bi na prvu rekao: da li je to neustrašivost ili je to hrabrost?
1:24:15,1:24:18,Neustrašivost bi značila da se ta osoba ne boji ničega.
1:24:18,1:24:29,"Neustrašivost, to je recimo, neustrašivost je to da uvijek vidiš cilj neki i uvijek vjeruješ da ćeš naći cilj, da ćeš ostvariti taj cilj."
1:24:29,1:24:31,Ali naravno da strahovi postoje.
1:24:31,1:24:33,Pa u životu se ne boji neke situacije.
1:24:35,1:24:38,Nema toga da se neko u nekom trenutkuku ne prestraši.
1:24:39,1:24:46,"Ali, je pa ja se isto prestrašio, OK, formalno ja moram platiti toliko novaca, kako što riješiti?"
1:24:47,1:24:49,"Ali se onda uvijek veliš, koji je sve do sad?"
1:24:49,1:24:50,Naći će se već neki.
1:24:50,1:24:54,I idem samo tim smjerom i onda se već počinje stvarati i nadzirati cilj.
1:24:54,1:25:03,"Tako da, neustrašivost ili hrabrost neka da pred prvim naznakama izazova ili pred prvim zidom ne klekneš."
1:25:04,1:25:05,Jer onda nema dalje.
1:25:06,1:25:12,"Rekla je moja jedna dobra prijateljica, bivša predsjednica Europske mreže poslovnih Andjela, Candace Johnson, ona je osnovala onu."
1:25:12,1:25:15,"Hvala Astra, kompaniju satelitsku u Luksemburgu."
1:25:15,1:25:18,"Ona prva, prve preko su satelita imali."
1:25:19,1:25:24,"Ona je rekla, ne uspiješ si jedino ako se nakon poraza ne podigneš i ideš dalje."
1:25:24,1:25:25,"I to potpisujem, sigurno."
1:25:28,1:25:29,Što je sa snalažljivosti?
1:25:31,1:25:34,"Snalažljivost, to ti je urođeno ili nije."
1:25:34,1:25:35,"Znači, nema mogućnosti."
1:25:35,1:25:36,Možda je tako.
1:25:36,1:25:39,"Pa snalažljivost, to je od malih nogu."
1:25:39,1:25:42,Snalažljivost je i da prođeš školu sa što manje učenja.
1:25:42,1:25:44,Snalažljivost je i da ono.
1:25:45,1:25:46,Mi rekli za sebe da si snalažljiv.
1:25:47,1:25:49,"Pa mi je rekao da sam snalažljiv, ja sam uvijek eskivirao."
1:25:49,1:25:52,"Živio sam uvijek eskvirao, pogotovo škola, nisam uopće volio ići u školu."
1:25:54,1:25:55,To ti je bilo tle koje je bilo.
1:25:56,1:26:05,"Sada gledamo okvilija na moru, zadnji tjedan, znači smo na moru, slijedeći tjedan je škola, i oni sam im rekli: ne želim znati kad je doma."
1:26:06,1:26:08,"Ne želim znati tko je dan, ništa, ne želim znati kad je doma."
1:26:09,1:26:10,"Mislim, ne želim govoriti, ne bih govorio."
1:26:11,1:26:12,"Znači, isti kao ti pojedini."
1:26:12,1:26:13,"A, isti je, da."
1:26:14,1:26:16,"Hvala Bogu, super je u školi, tako da nema problema."
1:26:20,1:26:33,"Kad je došla priča o Krena, jedna organizacija oko kojoj koje se vrti recimo upozna puno ljudi je F1, ja druga kako ja to vidim izvana je zapravo Kren."
1:26:33,1:26:34,Kren je lijepa priča.
1:26:34,1:26:36,Pojeo sa poduzetnicima.
1:26:36,1:26:41,"Da, i Kren tu me pozvao, baš smo bili na VERnu, na jednom panelu."
1:26:41,1:26:48,"Tad je bio Hrvoje Prpić i ja smo bili na panelu pred studentima na VERnu, o upisima."
1:26:50,1:26:51,Mislim da je to bila 2015.
1:26:51,1:26:52,godina.
1:26:52,1:26:53,Ili prije još malo.
1:26:54,1:26:55,"Ne, možda i 2013."
1:26:55,1:26:57,"možda i tad, ne sjećam se točno."
1:26:57,1:27:01,I onda me je Krpa pozvao da i se pridruži u Kren.
1:27:01,1:27:12,"A mogu reći prva, uvijek sam, sad ako ovo će gledati, to će mu biti ono, sad će mu krila narasti, ja sam prvo, obožavao sam kompjutere, prije sam slagao svoje kompjutere, 96."
1:27:13,1:27:36,"godina, prvo računalo, prvi komputer, znači u Florianu, u Jaskiji, znači to išlo se iz Austrije, nekim kanalima, ne imam pojma, to se komponente, jer naručivala pa prekslovenija unutra, pa ne znam, to je bio show i prvi komputer taj, imam još račun danas, našao sam ga jedan dan i baš je bio gost na kraju u Damir Latskoć, vlasnik tog Floriana koji se sjeća i napisao mi je na Facebooku, mi je napisao kad sam došao k njemu i tako dalje kako se sjeća svega toga."
1:27:37,1:27:42,"I uvijek sam išao u Hagespot, jer Hagespot je bio pojam dobrog dućana."
1:27:42,1:27:47,Imali su takav dobar web shop da to i danas bi mogao biti pojam dobrog web shopa.
1:27:48,1:27:50,A Prpa je to osmislio.
1:27:50,1:27:58,"I onda sam uvijek dolazio u Hagespot još u Brune Bušića u ulici, u onu podrumsku garažu i tam je bio prvi shop, taj i sve."
1:27:59,1:28:04,"I uvijek sam ja gledao tog prvu, dugo kosa kad prolazio i rekao je on tu Hagespot napravio ovo sve."
1:28:04,1:28:13,"I onda je Prpa nakon niza godina, on me pozvao, daj se u člani Ukrajine, to ti je super, daj, ajde, super skupina ljudi i daj se u člani Ukrajine."
1:28:13,1:28:13,Ja sam se već članio u Kreinu.
1:28:14,1:28:15,On je zapravo i osnivač Kreina.
1:28:15,1:28:33,"On je bio jedan od osnivača Kreina uz Amira Sabola, uz još par ljudi i onda sam počeo malo dolaziti, učiti malo, počeo sam i prve neke investicije u start-upove raditi i uglavnom mi se svidjelo i stvarno super skupina ljudi."
1:28:35,1:28:41,"Evo, onda sam ušao u upravni odbor i nakon toga sam izabran za predsjednika."
1:28:41,1:28:43,"Evo, sad sam već 10 godina predsjednik."
1:28:44,1:28:46,"To ti je, ono, ne možeš se riješiti."
1:28:49,1:28:54,"Ali ne, šalu na stranu, to je jedna od funkcija koja me jako veseli."
1:28:54,1:28:59,Mogu reći da je cijeli startup svijet ono odličan svijet.
1:28:59,1:29:05,"To je takva energija, to su takve ideje mladih ljudi da stvarno ono uživaš i to te drži."
1:29:06,1:29:10,"To je ono kao neki eliksir života, uvijek si mlad u svijetu."
1:29:10,1:29:13,Znači ono i stvarno super.
1:29:13,1:29:20,"Stvari se događaju i nema toliko ljubomore, nema toliko jala, oprostom neke druge funkcije, javne funkcije."
1:29:21,1:29:24,Mislim to je kruh sa sedam koraka kako se veli.
1:29:24,1:29:43,"ali ovaj start-up svijet i poslovna zajednica puno je iskrenija i mislim stvarno obožavam to i ne bi bio tu da i sav taj trud oko foruma, oko ostalih stvari, evo četvrtak imamo diplomatski doručak sa ambasadom Švedske i švedskom veleposlanicom, da to su stvari u kojima guštam."
1:29:43,1:29:46,Tko god je truda to je gušt.
1:29:46,1:30:00,"I naravno kroz Krain se ostvarilo puno stvari, puno smo stvari i uspjeli utjecati na državu da bude bolja, puno smo zakona promijenili, puno nekih inicijativa napravili i mislim da smo doprinijeli našem društvu da bude bolje."
1:30:00,1:30:01,Znači u gospodarstvu pogotovo.
1:30:02,1:30:04,Kako netko može postati član KRINA-e?
1:30:05,1:30:11,"To je ekskluzivno, vi mislite da imamo stres test na budale."
1:30:12,1:30:13,Stres test na budale.
1:30:13,1:30:17,"Da, na budale i ne može biti član KRINA-e ako se cijeli upravni odbor ne složi."
1:30:17,1:30:19,Ako jedan veli ne ne može biti.
1:30:20,1:30:22,A koji su preduvjeti osim toga da.
1:30:23,1:30:23,stres test za budale.
1:30:24,1:30:25,"Mora biti poduzetnik, mora biti to urednik."
1:30:25,1:30:29,"Mora biti investitor, mora ga zajamčiti investicije, mora moći investirati."
1:30:32,1:30:34,"Naravno, to je udruga investitora."
1:30:35,1:30:42,"I veseli me, evo sad su i neki mladi članovi se i u članili koji su neke ogromne uspjehe napravili u poslu."
1:30:43,1:30:46,Evo imamo sad najnoviji članak koji je rođen 1997.
1:30:46,1:31:09,"godine, znači sa super poduzetničkom pričom, tako da to me veseli i mislim super skupina ljudi, ali evo, pa samo upravni odbor, pa to je ono, respekt, znači Sašu Cetović, ne moram predstavljati ništa, Boro, Vujević, evo pozdravljamo i sve, Davor Tremac, Krešo Budiša, Adrija Nježina, znači to je stvarno ono, grupa odličnih ljudi."
1:31:09,1:31:10,Koliko je članova sada?
1:31:11,1:31:12,Uvijek je tridesetak negdje.
1:31:12,1:31:14,Uvijek se vrti oko 30.
1:31:14,1:31:17,Nema tu velike masovnosti i to je bolje tako.
1:31:18,1:31:21,Masovnost nosi svoje neke loše strane.
1:31:23,1:31:29,"Mi nemamo nikakvog javnog financiranja, mi se financiramo isključivo iz članarina, nemamo zaposlenih."
1:31:29,1:31:32,Znači vi 20-30 članova uplaćujete članarinu.
1:31:32,1:31:32,Tako je.
1:31:35,1:31:38,"Nema tu sad nekih cilja, ne želimo mi postati novi HUP, novi HGK."
1:31:39,1:31:44,Ali u nekom trenutku smo došli čak i do razine da nas uspoređuju sa tim institucijama po utjecaju i doprinosu.
1:31:45,1:31:50,"Ali nismo, znači ti da budeš dugoročno takav, ti tražiš me zaposlenje.je, traži biti institucija."
1:31:51,1:31:59,"Znači mi jesmo institucija, ali na puno manjem nivou, ali influencom i utjecajem mislim da nismo baš zanimljivi."
1:32:00,1:32:03,"I volim to što, mislim, uvijek smo konstruktivni."
1:32:04,1:32:13,"Nikad ne pljujemo javnost, javno bez veze i više volimo konstruktivne prijedloge i politika voli slušati."
1:32:14,1:32:23,"Koliko god se to činilo ipak, neke stvari respektiraju, jako teško je raditi promjene i mislim da je naš cijeli poduzetnički i poslovni sistem i pravosudni to je kod tankera."
1:32:24,1:32:25,Trebaš malo.
1:32:25,1:32:29,"Baš ono malo zakrenuti i onda čekati, čekati, čekati da se to onda vidi."
1:32:30,1:32:31,To je jako tromo.
1:32:31,1:32:33,"To je nama uvijek ono presporo, ali to je tak."
1:32:34,1:32:35,Koji je pravni oblik krene?
1:32:36,1:32:36,Udruga.
1:32:37,1:32:38,Udruga.
1:32:38,1:32:38,Udruga.
1:32:38,1:32:39,Osnovana 2008.
1:32:39,1:32:42,godine i kao takva.
1:32:42,1:32:49,Imali smo dok smo organizirali veliki Zagreb Connect konferenciju i IBAN-BÜNTER-UNIVERSITIJE 2016.
1:32:49,1:32:51,godine kada smo doveli Brusa Dickinsona u Hrvatsku.
1:32:53,1:33:01,"Znači to je bila masovna konferencija, 1800 ljudi u Lisinskome, znači to je stvarno bilo top-top-opova."
1:33:01,1:33:06,Top topova i radili smo i neke od najvećih konferencija u povijesti Hrvatske.
1:33:07,1:33:09,"Da, dosta je velik utjecaj."
1:33:10,1:33:19,"Možeš izdvojiti neke projekte u koje ste investirali, koji su recimo uspješni u očima javnosti?"
1:33:20,1:33:21,"Evo, Entrio."
1:33:22,1:33:25,Entrio je platforma koju koriste svi živi.
1:33:25,1:34:08,"Za prodaju ulaznica, Supersystem, Bero, osnivač je stvarno super dečko i to je jedna od velikih firmi, tu je bio niz tih i manje poznatih investicija, ali uspješnih, Repsly, znači to je bio dobar izlaz itede ima tu dosta tih priča, međutim ono što je, dosta članova ne želi javno isticati svoje projekte, tako da sad ne bi mogao ni javno govoriti jer ne žele, znači to ja poštujem jel tu te odmah prozivaju, odmah si nešto, znači odmah sto pitanja i zato ju razumijem, ljudi zašto žele diskreciju, tako da dio članova se eksponira javno, dio imamo opciju da nisi javno eksponiran."
1:34:09,1:34:15,Ulažete u samo hrvatske ili regionalne start-upe ili ulažete čak i američke start-up-e.
1:34:16,1:34:20,"Ne, tu nema granica, poduzetnici nemaju granica."
1:34:22,1:34:29,Tu su niz uspješnih projekata i niz uspješnih mladih ljudi i ono što najbolje nekad od prve nije uspio je investicija.
1:34:29,1:34:34,"Ali ti founderi, ako su dovoljno uporni iz drugog, trećeg puta, će ići."
1:34:34,1:34:40,"I onda, znači, samo se promijeni smjer, a ostaju i ulagači i vjera u osnivače."
1:34:40,1:34:43,"I ako su dobar tim, uspije se kasnije."
1:34:43,1:34:48,Da li imate možda nekakav drugačiji vid podrške za osnivače osim financiranja?
1:34:48,1:34:58,"Da, naravno, pa cilj poslovanja HANGELA je da ti se uključi aktivno u firmu, u savjetovanje i da imaš nekoga tko ti može pomoć sa nekim iskustvom koji je već prošao."
1:34:58,1:35:05,"I to je govorim zašto ono sad ti da svojom glavom razbijaš zid, a sam ja već razbio deset zidova svojom glavom, pitaj me i zaobiđi taj zid."
1:35:06,1:35:12,"To je recimo stvar, ali i dalje su tu, pogotovo kod mlađe generacije, uvijek su tu slične greške."
1:35:13,1:35:19,"I uvijek nekakvi ljudi vole najviše naučiti na svoje koži, ono što je najbolnije ali je najbolje."
1:35:21,1:35:33,"Da li bi mogao izdvojiti još nešto osim F1 i recimo Krejnjak, kao neke institucije, organizacije gdje si ti upoznao jako puno ljudi i dobio priliku da razmijeri svoje ideje bolje poslije."
1:35:33,1:35:40,"Pa IBAN recimo, ja sam bio član upravnog odbora IBAN-a u Briselu u dva mandata, to je Evropska udruga poslovnih anđela, to je krovna."
1:35:41,1:35:42,Piše se baš IBAN.
1:35:42,1:35:42,"Da, EBAN."
1:35:43,1:35:43,EBAN.
1:35:44,1:35:44,EBAN.
1:35:45,1:35:50,I znači tamo sam u dva mandata bio član upravnog odbora i to je sjajna skupina ljudi.
1:35:50,1:36:22,"Evo sad sam bio u Finskoj, u Jivaskeli, to je sjedim pa redom u gradu Finskoj, bio sam tamo u Žiri u jednom start-up natjecanju koje oni rade, nakon deset godina, ja sam prije deset godina bio prvi puta i mislim fenomenalna priča i ti ljudi u IBAN-u koji su još i dalje u upravnom odboru, Albert Kolomer, bio sam s njim, znači ono stvarno odrašala, ali to su sve sjajni osnivači i svjetske face i mislim baš jedna isto supergrupa ljudi i tu se isto otvorio dosta veliki horizont kad se tiče međunarodnih odnosa."
1:36:23,1:37:01,"Ovo što se tiče tvoje neke aktivnosti recimo oko svijeta politike, znači kako je došlo do tog susreta recimo ili poziva bivše predsjednice Kolinde Grabar Kitarović da postaneš dio, što si točno radio radi u njezinom gospodarskom savjetu, u vijeću za gospodarska pitanja predsjednice Republike, to je bio jedan super tim ljudi i pokojni Nikica Valentić je bio posebni savjetnik, tada je rekao da nikad nije vidio aktivnije vijeće u nekoj takvoj organizaciji, a on ipak zna i čovjek imao težinu veliku, pa to je bilo 2015."
1:37:01,1:37:23,"mislim, Taman Snagdi je postao predsjednik Reina i to je bilo u biti spontano jer tada je glasnogovornik predsjednice postao Luka Đurić, dobar prijatelj, znamo se hrpu godina i on je mene pozvao na kau u ured i tad je Domagoj Juričić bio predsjednik ureda."
1:37:23,1:38:26,"I u biti ja sam s njima popio kavu, imali smo baš onu dobru diskusiju, jednu dosta dugu i onda je to valjda rezultiralo time da su, mislim, išlo se, bila je inicijativa predsjednice da napravi nekakav takav gospodarski savjet i oni su napravili savjet koji je uključivo ne znam koliko četrnaest predstavnika institucija i nekih dekani fakulteta, predsjednik Gospodarske komore, predsjednik Obrtičke komore, predsjednik hrvatskih izvoznika, glavni urednik lidera, glavni urednik poslovnog dnevnika, ja sam bio kao predstavnik Krejna unutra, tada kao predsjednik i to je bilo znači stvarno super, super tijelo i mi smo imali pa jedno tridesetak sjednica i niz drugih radnih grupa, sastanaka, raspravljalo se o brojnim stvarima, ali tu moramo naravno samo razlučiti da predsjednica i sada predsjednik nemaju nikakvih skoro ovlasti formalnih, ali mogu puno napraviti svojim utjecajem."
1:38:26,1:38:40,"I mogu samo reći da smo radili dobar posao, da većina preporuka ekonomskih koje su tada izdane, da se danas pogledaju, svakako bi vrijedile i mnogo njih je ostvareno."
1:38:40,1:38:51,"Tako da mislim da je to bilo relevantno i mislim, uvijek sam podržavao taj način aktivan i mislim, bez obzira da sad dio ljudi uvijek je u Hrvatskoj pola-pola."
1:38:51,1:39:00,"Znači uvijek jedan dio nekom paše, drugi dio ne paše i ja sam stvarno bio zadovoljan i mislim da je predsjednica radila dobar posao, pogotovo na međunarodnoj promociji Hrvatske."
1:39:03,1:39:07,Kako bi ukratko opisao svoju životnu filozofiju?
1:39:09,1:39:10,Životna filozofija.
1:39:10,1:39:11,Kako bi razmišljao o tome?
1:39:11,1:39:21,"Evo recimo, kad bi prenio na samrti si, zadnji tvoji trenuci moraš svojoj djeci prenijeti svoju životnu filozofiju."
1:39:21,1:39:22,Šta bi im rekao?
1:39:26,1:39:26,Budite sretni.
1:39:28,1:39:29,To je najvažnija stvar u životu.
1:39:30,1:39:30,Da budeš sretan.
1:39:31,1:39:34,"Bilo što radio, bilo što pokušavao."
1:39:34,1:39:37,"Mislim, ako si sretan u životu, pa to nije to."
1:39:37,1:39:38,Nije to svrha života da budeš sretan.
1:39:39,1:39:42,"Hoćeš biti umjetnik, hoćeš biti poduzetnik, hoćeš biti bilo što, ali budi sretan."
1:39:43,1:39:45,"Ako si sretan s tim, imaš dobar život."
1:39:45,1:39:48,"Ako nisi sretan s tim, onda je malo problem, a ne možeš pobjeći."
1:39:49,1:39:53,"Tako da, evo ja bih osobno htio svojoj djeci da su sretna."
1:39:54,1:39:54,Jes ti sretan?
1:39:55,1:39:55,Ja sam sretan.
1:39:56,1:39:57,Apsolutno sam sretan.
1:39:58,1:40:01,"I tu nemamo uopće dvojbi ništa, stvarno sam sretan."
1:40:03,1:40:04,"Mislim kad se veli, ne možeš bolje."
1:40:06,1:40:15,"Ali mislim da je to, sad kad razmišljam, nisam baš razmišljao o tome, ali mislim da je ta sre to to čemu svi težimo."
1:40:15,1:40:18,"Neko je sretan i s manje novaca, neko je sretan i bez novaca."
1:40:18,1:40:25,"Evo, bio sam u Bhutanu, u kraljevstvu Bhutan, u Aziji između Kine i Indije."
1:40:26,1:40:27,To je jedno malo kraljevstvo u Himalaji.
1:40:28,1:40:33,"Znači, materijalna imovina nekakva, to uopće nije nikakva komponenta."
1:40:33,1:40:38,Bio sam u toliko afričkih zemalja gdje sam gledao takvu bijedu da je to strašno.
1:40:38,1:40:42,"A ti ljudi su se smijali, bili su sretni, ta djeca su toliko sretna da to ne možeš vjerovati."
1:40:43,1:40:51,"Pigmijska plemena u Gabonu, u Kamerunu, u džunglama, da stvarno uopće se ne može probiti do njih."
1:40:51,1:40:52,Znači oni su sretni.
1:40:53,1:41:01,"I znači nema tu recepta za sreću, svatko mora naći svoju sreću, ali nije novac nužan za sreću."
1:41:03,1:41:10,"Znači ima puno, puno ljudi na svijetu koji bez ičega su jako sretni i mislim da je to cilj kojem se treba težiti."
1:41:11,1:41:15,I željeti svojoj djeci sreću što god ona radila.
1:41:15,1:41:23,"Mislim, meni bi bilo drago da su možda poduzetnici da nastave te sve firme, da nastave biznis, ali to mi nije uopće presudno."
1:41:23,1:41:26,Znači hoće li oni to napraviti ili ne?
1:41:26,1:41:31,"Jer će biti astronauti, će biti umjetnici, će biti bilo što."
1:41:31,1:41:35,"Ali ako su sretni, mislim da je to životna misija uspjela."
1:41:35,1:41:36,Jesi li ikad meditiral?
1:41:37,1:41:37,Ne.
1:41:39,1:41:44,Je li ti bilo teško biti sam u sobi i pola sata ne raditi ništa?
1:41:44,1:41:45,Ne.
1:41:46,1:41:49,Ne gledati televizor i ne biti na mobitelu.
1:41:50,1:41:50,Ne bi bilo teško.
1:41:51,1:41:52,Ne bi bilo teško.
1:41:53,1:41:54,Zaspobi.
1:41:57,1:41:58,Misliš da bi zaspavao?
1:41:59,1:42:01,"Pa vjerojatno, nemam pojma."
1:42:01,1:42:05,Ali ono da baciš bilo gdje i da bi se snašao.
1:42:05,1:42:07,Jesam li imao ikakve snove u životu?
1:42:08,1:42:08,Snove?
1:42:08,1:42:09,"Da, naravno da jesam."
1:42:11,1:42:14,Sanjao sam da ću imati veliku produkcijsku kuću i imam ju.
1:42:15,1:42:19,"Sanjao sam da ću napraviti nešto veliko, Formula 1 tak nešto, napravio sam."
1:42:21,1:42:33,"Imam svoje firme, imam super obitelj i sad san sljedeći koji sanjemo je da napravimo sazvo Formula 1 u Hrvatskoj."
1:42:34,1:42:36,I nadam se da ću to dosanjati isto.
1:42:36,1:42:38,Kako sam brojne snove dosanjao.
1:42:39,1:42:42,I idemo na tom putu i na dobrom smo putu prema tome.
1:42:43,1:42:44,Kako izgleda ta slika?
1:42:44,1:42:45,Slika staze.
1:42:45,1:42:49,Kako izgleda slika te vizije u tvojoj glavi?
1:42:50,1:42:50,Vizije?
1:42:50,1:42:54,"Kako izgleda slika te vizije, tog sna?"
1:42:54,1:42:55,Svega.
1:42:56,1:42:58,"Kada se materializira, kako to izgleda?"
1:42:58,1:43:03,"Znači uvijek je san neki, uvijek je neka ideja, uvijek je nešto virtualno, znači nema ničega."
1:43:05,1:43:14,"Tako i taj razgovor na Beljinskoj pumpi, tamo u Veljuni, sa Antom Bušićem, bio je njegov sin Željko, ja, to je bilo te treći mjesec 2021."
1:43:15,1:43:31,"I razgovarali smo o tome, oni su htjeli neku stazu manju napraviti za super moto, nešto, imali su još 5 hektara zemlje iza pumpe i htjeli su neku takvu viziju napraviti."
1:43:31,1:43:41,"Onda ja sam prvo malo ono gledala, pa tu nema ljudi, to je napušteno, sve to su ruševine, taj šikara itd."
1:43:42,1:43:52,"Međutim, malo sam razmišljao, malo sam vidio tamo smisao da se ja predložim jednu stvar, ajmo mi napraviti stazu, alma napraviti jednu od top trideset svjetskih staza."
1:43:54,1:44:12,"I sad su oni malo, malo Ante, rekao, gledaj, idemo napraviti ili najjače ili ništa, dovešću najjače svjetske ljude Formule jedan iz tog svijeta u projekt, možemo napraviti jednu od top staza svijeta."
1:44:12,1:44:18,"I kliknuli smo jako brzo i hvala Bogu, super funkcioniramo već petpet godina."
1:44:19,1:44:30,"I ono što smo napravili, meni je to sve presporo, međutim da ne budem nezahvalan kad pogledam unatrag, to je apsolutno turbo brzo."
1:44:31,1:44:41,"I kad gledaš koliko samo dokumentacije treba za to sve, koliko je tu sastanaka, svega odrađen, ja sam odradio tisuće sastanaka, tisuće u tih pet i pol godina."
1:44:42,1:44:47,"A postigli smo, da malo rezimiran, 21.3."
1:44:47,1:44:53,"mjesec početak ideja, već sljedeće godine, krajem godine, smo imali otkupljeno."
1:44:53,1:45:02,"prava mislim 50% potneve zemlje, imali smo usvojen prostorni plan Karloške županije s direktnom provedbom, zona od 50 hektara usvojenu."
1:45:04,1:45:11,Dvije godine nakon smo imali ulazak na listu strateških investicijskih projekata Republike Hrvatske.
1:45:11,1:45:16,To je dosti kompleksna procedura da postaneš strateški projekt.
1:45:17,1:45:28,"Samo ih je 78 mislim da u ovom trenutku proglašeno i to je zbog status el, s time imamo brže dozvole, imamo izvlaštenje, ako imamo tu problema sa zemljištima."
1:45:28,1:45:34,"I par tih postupaka koje su, imamo operativnu skupinu koja nas prati međuresornu i puno pomaže."
1:45:35,1:45:36,I da bi sad.
1:45:37,1:45:41,"Znači, evo, najveći korak smo ostvarili 1.6."
1:45:42,1:45:57,"ove godine, dobili smo rješenje Ministarstva zaštite okoliša da je naš laboratorij zaštite okoliša dobar i da smo obuhvatili sve segmente i da smo tu taj aspekt zadovoljili i da možemo full ići na lokacijsku dozvolu."
1:45:58,1:46:18,"To su ogromne stvari, niz međukoraka je bio, tu je doveo sam Hermana i Karsena Tilke u projekt, to su najveći dizajneri staza Formule 1 na svijetu, koji su radili neke od najpoznatijih staza, Sepang u Maleziji, Jasmarinu, Las Vegas, znači Austin, Red Bull Ring, Nirveg Ring."
1:46:18,1:46:24,"To su stvarno legendarne staze, to su mi jako dobri prijatelji i naravno tu uvijek i žica mi popusta i tako dalje."
1:46:25,1:46:27,"Mislim to je, nema uvijek nešto mora biti."
1:46:28,1:46:43,"Ali evo, projekt je pri kraju, završen je layout staze, sad završavamo ostale komponente, pit building je gotov i do kraja ovog mjeseca bi kompletan idejni projekt staze trebao biti gotov."
1:46:44,1:46:48,"I kad to se sve pogleda, da smo potrošili."
1:46:50,1:47:11,"Privatni novac, tu nema javnog novca, sva zemljiša su kupljena bez kredita, na lokaciji već imamo benzinsku postaju, imamo vlastiti trafo, imamo treću traku za ulazak, sada je jedan, imamo dovoljnu količinu vode, vodovod je dobrog pritiska i u biti smo otišli tamo gdje nitko do sada još nije otišao."
1:47:12,1:47:19,"Neću govoriti i usporđivati sa grobnikom kad se on gradio 70-ih godina, država je rekla, gradimo i to je to."
1:47:20,1:47:32,"Ovo je privatan projekt i tu je puno, puno komple puta doživio, pogotovo u pedoku Formule 1, naravno, pričaš, izgrađuješ stazu Formule 1."
1:47:33,1:47:52,"I naravno to zvuči onako, ali mogu reći da neki od najvećih ljudi svijeta su bili totalni suport i mogu reći, pa evo i sam Stefano Dominikali, predsjednik Formule 1, podržava projekt, predsjednik FIE podržava projekt."
1:47:52,1:48:00,"I ja sam ih toliko ishaslao da nisu mogli reći, ne, to mi Saša zna reći, ti si najveći hasler kojeg znamo, nema, nema."
1:48:01,1:48:13,"I to bi bilo najsmješnije, samo digresija, jedna mala Asaša kad sam ga spomenuo sada, znači njegova partnerica Vesna, oni su veliki fanovi Ganson Roses-a."
1:48:14,1:48:17,I Vesna je ušla u taj svijet i oni su po koncertima i tako dalje.
1:48:17,1:48:34,"I onda, znači kad je on pročitao u novinama da je Exlo bio u Jaski, Danko ga s njim je nazvao i rekao ono ja, ovo ne, ovo je vrh svijeta, nema šans, nema jače, nema dalje, to sam zvijeti i tako dalje."
1:48:35,1:48:37,Kad s tim nešto ne puštam.
1:48:37,1:48:46,"Tako da evo projekt staze, ja se stvarno nadam da sljedeće godine, sredinom godine bi mogli čak i početi radovi građevinski."
1:48:47,1:48:53,"I neću uopće govoriti o dovođenju Formule 1 u Hrvatsku, nego se sad koncentriram na gradnju staze."
1:48:53,1:48:55,Sad gradimo stazu u Formuli 1.
1:48:56,1:48:59,A kad izgradimo stazu onda možemo s njom dalje.
1:49:00,1:49:04,"Sad radimo stazu i staza mora biti, kako bi se reklo."
1:49:04,1:49:06,Evo to snimljeno je pa ono ovo.
1:49:07,1:49:09,"Ali pet i pol godina, to je jako brzo."
1:49:11,1:49:14,Samo ekologija se r dešavala 10 mjeseci i više.
1:49:15,1:49:18,Ja bih volio da Bernij Ekleston živi.
1:49:19,1:49:21,Dok ti završiš tu zbor.
1:49:22,1:49:23,"Da on je kralj, nema šanse."
1:49:23,1:49:29,Kako da on sjeti onog dečka od 29 godina s dugačkom kosu kada je došao kupovati licencu za svoju kuću?
1:49:31,1:49:32,Bit će Bernij na otvorenju.
1:49:33,1:49:33,Došao je ja.
1:49:33,1:49:36,"Znači, jako sam dobar prijatelj sa Fabianom, njegovom suprugom."
1:49:37,1:49:40,"On je u FIA, potpredsjednica FIA za Južnu Ameriku, super osoba."
1:49:42,1:49:49,"Znači, tu, ne ako se ostvari, kad se ostvari taj projekt, onda ću tek biti loš."
1:49:49,1:49:52,Biti Luz Cannon i onda ćete vidjeti ko će se doći u Hrvatsku.
1:49:52,1:49:58,"Znači, sad nam je najveća uzdanica kod kojeg dolaze najveće face, stvarno Mate Rimac."
1:49:58,1:50:01,"Znači, evo, Will Smith spava kod njega."
1:50:01,1:50:05,"Znači, je li Mate napravio nešto zbog čega face žele doći u Hrvatsku?"
1:50:06,1:50:06,To je to.
1:50:07,1:50:09,"Evo, mi ćemo biti slični."
1:50:09,1:50:11,Tako da ćemo imati dva magneta.
1:50:11,1:50:12,Komplementarna.
1:50:14,1:50:25,"Šta bi se po tebi trebalo još desiti da ono što Hrvatska sad trenutno postiže, recimo u svijetu sporta, da se masovnije počne događati u svijetu biznisa?."
1:50:26,1:50:31,"Korake koje radiš ti, koje radi mate, koje radi neki drugi dečki, ne znam, ovaj Zinfobi pa što god."
1:50:33,1:50:36,"Imamo osjećaj da tu nešto na ovim našim prostorima, da nešto nije u redu."
1:50:38,1:50:48,"Neka voda koju pijemo je malo vjerojatno drugačija, ali zašto se to još nije desilo u svijetu biznisa, ono što se desilo u svijetu sporta?"
1:50:50,1:50:53,Ta voda koju pijemo ima niz sastojaka.
1:50:54,1:51:03,"Jedan sastojak je upornost i želja da se dokažemo i to je neosporno, pogotovo u našem sportu što smo napravili kao mikrodržava to je fenomenalno."
1:51:04,1:51:13,"Mi kao ono u nogometu ono koje je najmasovnije valjda takve uspjehe i takve medalje ostvariti to je čudo, ali više nije čudo."
1:51:14,1:51:15,Čudo je jedna medalja.
1:51:15,1:51:19,"Kad ih imaš tri to više nije čudo, to je recept onda."
1:51:20,1:51:41,"Ali i sad ta voda sadrži i druge sastojke neke, a to je isto malo previše jala, gledanja u tuđe dvorište, malo kritiziranja tuđih uspjeha i tih tračeva i svega, to je komponenta kad, kad izgubimo tu komponentu, evo onda ćemo doći na nivo koji je vrhunski."
1:51:42,1:51:48,"Jer dok god ja gubim energiju i tu sam ljubomoran, evo susjed je kupio novi auto."
1:51:48,1:51:50,Kak je on to kupio?
1:51:50,1:51:50,Kaj je on to kupio?
1:51:50,1:51:54,Sada ja nađem sto razloga zašto da on ne bi smio imati novi auto.
1:51:54,1:51:59,"Uvijek gledam jedan jedni razlog, hvala Bogu, moje dijete će biti sigurnije na cesti."
1:51:59,1:52:00,Je li jedan novi auto više?
1:52:02,1:52:09,"Onda ćemo tak početi gledati svi, mislim da onda neće biti nikakvih problema i onda nema kraja."
1:52:09,1:52:12,I to je komponenta koja fali Hrvatskoj.
1:52:13,1:52:22,"Podržavanje tuđeg uspjeha, veselje zbog tuđeg uspjeha i stvarno, ne znam, to je to."
1:52:22,1:52:23,"Znači, nema dalje."
1:52:24,1:52:26,To je po meni najgora stvar koju imamo.
1:52:29,1:52:30,Točka.
1:52:31,1:52:36,"Mislim, to, nema, nema, u svemu smo dobri."
1:52:36,1:52:40,"Znači, prošao sam 90 i ne znam, 4-5 zemalja svijeta."
1:52:40,1:52:43,Pa bio sam po takvim zavitima da je to strašno.
1:52:43,1:52:46,"Znači, spavao sam za jedan dolar po Burkini Faso, u zatvore neke."
1:52:47,1:52:48,"Spavao sam u Stojenici, u..."
1:52:49,1:53:15,"u Panami sa Jingo Rudo, Indijancima, znači usred džungle, bili smo u kanibalskim plemenima u Africi, znači prošli smo situaciju stvarno puno i znači fali, imamo takvu sigurnu zemlju za život, imamo takvu prekrasnu zemlju za život, imamo takvu raznoliku, opet malu, ti si za šest sati u Dubrovniku, sa autom."
1:53:16,1:53:19,"Ajde u Americi, ode negdje sa autom, nemaš šanse."
1:53:20,1:53:33,"I ono, imamo takvo more, znači takvo more, svi nam dolaze zbog mora, a pola grida formuliran je u Hrvatskoj, ali se to ni ne zna, obožavaju našu obalu i ne znamo to cijeniti."
1:53:33,1:53:50,"Evo, sad sam bio na brodu u par navrata ove godine, pa mislim, evo, kad smo mi napravili od obale, to je strašno, nepovratna devastacija, nepovratna devastacija, ti ravni krovovi, ta betonizacija, mislim, sami nismo svjesni što imamo i znači ne znamo cijeniti ono što imamo."
1:53:52,1:53:53,"To tek vidiš kad putuješ, da."
1:53:54,1:53:54,Da.
1:53:55,1:53:58,Nije da smo mi jedini na svijetu koji to ne znamo cijeniti.
1:53:58,1:54:10,"Svatko ima svojih problema u svojoj zemlji, ali ali kakva švicarska, da mi imamo mentalitet poduzetnički i to veselje tuđem uspjehu, tu onda nema kraja."
1:54:11,1:54:13,Evo ja se veselim tvojem uspjehu.
1:54:13,1:54:14,Evo hvala ti.
1:54:14,1:54:17,Nadam se da će te ugostiti na Kuracijeringu.
1:54:17,1:54:18,Ja bih volio.
1:54:19,1:54:21,I da ćemo otvoriti te radove sljedeće godine.
1:54:22,1:54:22,To je cilj.
1:54:23,1:54:26,Posvećeni smo tome i full fokus na to.
1:54:27,1:54:28,Idemo prema tome.
1:54:30,1:54:34,"Veseli me jako podrška, velika podrška javnosti."
1:54:35,1:54:35,Velika.
1:54:35,1:54:39,"To ti daje krila i to ono., to te nosi."
1:54:39,1:54:51,"Znači, mislim, nisam baš planirao da idemo javno sa tom informacijom da smo dobili rješenje ekologije, ali evo, pohvalio sam portal Bauštela HR."
1:54:51,1:55:00,"Znači, ja se vozim u Italiju, išao sam u Fiorano, Imolu i Moncu na susret sa čelnicima Staza."
1:55:01,1:55:04,Jedan skup smo imali interni vlasnik Staza.
1:55:05,1:55:12,I sad imam onaj determ da mi dođe kad je neki spomen projekt amen ili nešto.
1:55:12,1:55:14,meni nešto da mogu reagirati.
1:55:15,1:55:19,"I onak dobili smo ekologiju i to je evo, evo koliko smo nezahvalni."
1:55:19,1:55:21,"Znači dobijem ekologiju, rješenje."
1:55:22,1:55:24,"To je bilo, skočio sam do neba."
1:55:25,1:55:28,"Već drugi dan, kao da to ništa nije ni bilo."
1:55:28,1:55:31,"Znači vi onda idete dalje, sve ovo, tu opet, to je normalno."
1:55:32,1:55:33,"Dobro je ovo, ali."
1:55:33,1:55:49,"Ali, da, ne, sad imamo to u džepu i to je ogromna stvar, idemo prema lokaciji, ali evo, vozi se, vozi se prema Italiji i skoči mi Bauštela, haer, evo ga, Gracijering dobio zeleno svjetlo ekologije."
1:55:50,1:57:10,"I nakon toga samo su od njih počeli prenositi, lider pa onda svi ostali i to, kada je to krenulo, to je bilo, mislim da je bilo jedna tisuća i nešto objava po cijelom svijetu tu vijest je vidjelo nekakvih po programu vidjelo je nekakvih pet milijuna ljudi i to je ono ogromno i nisam ni sam bio svjestan da će takav interes baš to izazvati i rekao sam dečke već bauštele poslao im poruku svaka čast znači to je bila vijest to je bilo rješenje koje je bilo koje je objavljeno na stranici Ministarstva zaštite okoliša i zelene tranzicije, na nekoj stranici od četrnaestjedanaestdvije tisuće dvadeset pet tko to gleda ali oni gledaju svakim čast znači pohvalio sam i rekao imat ćete prvi red na otvaranju gradilišta i pratit ćete projekt apsolutno svaka čast i evo tako su oni prvi probali tu vijest i mislim reakcije su nevjerojatne znači cijeli svijet je pisao o tome i piše još i dalje ogroman interes naravno sad je malo manje skepse jer prvi puta kad smo ušli na listu strateških projekata dvadeset četiri godine, onda je bilo prve, obje su bile tu indeks prvi objavio, to je onda bila vijest, ali još uvijek, ok, to je sve još u povojima."
1:57:10,1:57:18,"Nakon ove ekologije, mogu reći da je to sad puno ozbiljnije, a nakon lokacijske dozvole to će biti najozbiljnije."
1:57:19,1:57:42,"Mislim da smo u fazi da sad, naravno uvijek imaš neke prepreke, ne sa vladi, mogu sad i ono, to je bilo, kupujemo zemlju, kupujemo zemlju u Skoranu i onda za par mjeseci dobijemo informaciju da tam uopće ne smije biti gradnje, to nitko nije znao je da je taj plan višeg reda državni, planirana je neka hidrocentrala, potapa se taj cijeli kanjon korane."
1:57:42,1:57:47,"Kakva je ludost, to se vjerojatno nikad neće ostvariti, ali smo kupili ne znam 15 hektara zemlje bespotrebno."
1:57:48,1:57:54,"Mislim, ništa nije, uvijek mi je, ok, super, onda ćemo imati i zonu za kampiranje, kupalište dolje je super."
1:57:56,1:57:56,Možda još i bolje.
1:57:57,1:58:10,"Onda vidimo kakav je problem sa državnim zemljištem, bilo je šumsko zemljište, to baš županica pričala na Kren forumu da se sviđa prilagodljivost moja, jer tamo je nekakvih 7 hektara državne šikare, to nije šikara, ali stoji šuma."
1:58:11,1:58:13,"To nije šuma, neki šikara, a krši neki."
1:58:14,1:58:25,"Kad se vidi koliko je to komplicirano, ta zamjena zemljišta tad bila, nije bilo još ovog zakona i jednostavno idemo promijeniti opseg obuhvata i izbjeći to zemljište, izbjegli smo ga i bok."
1:58:26,1:58:37,"Tako da to su uvijek takve neke prepreke i stvarno možete knjiga napisati i možda ću jednog dana napisati knjigu, ali ono što veseli je ta baš podrška, podrška svih institucija."
1:58:38,1:58:53,"Naravno, može se reći skepticizam je bio brutalan na početku od institucija, od dužnostnika itede ali ja sam ono, idemo., idemo, idemo ono i izganjat ćemo to."
1:58:53,1:59:02,"Tako da nema institucije ili pojedinca koji nas nije podržao i koji me veli ono, ajde bravo da se to ostvari."
1:59:02,1:59:15,"Tako da stvarno mogu to i pohvaliti i lokalnu zajednicu, grad Slunj, županiju, Vladu, sve, znači sva ministarstva i resorna koja su uključena, ali nema ne."
1:59:16,1:59:19,Meni se čini kao da bi ti sad najradije otišao tamo i počeo graditi to.
1:59:20,1:59:21,Ja bi otišao sad.
1:59:21,1:59:28,Ne znam da li je to radi tvoje energije prirodne kakva je ili je to radi red buljka i kamene paralelno.
1:59:28,1:59:31,Ali želim ti stvarno svu sreću.
1:59:32,1:59:39,Mislim da si pozitivan primjer kako se može raditi i za interes drugih.
1:59:41,2:00:00,"Primijetio sam da svaki puta kada si ulazio u nekakve velike rizike je to imalo logike i smisla zato što si nudio nešto što je veliko ljudima koji su surađivali s tom, bilo to sa F1 licencom tada kroz te sponsorice."
2:00:00,2:00:05,koji su naravno imali interesa da idru u veliku priču.
2:00:06,2:00:11,"Pa isto tako sad i s ovom stazom, možda jednog dana za tu istu formulu."
2:00:12,2:00:13,"Bići da sam rekao, sam zatvoreni krug."
2:00:15,2:00:18,Još jednom ti želim puno sreće i hvala ti što si bio moj gosti.
2:00:18,2:00:29,"Evo, hvala i evo, nisam, znači stvarno nisam gledao pripremu ništa, uvijek volim doći ovako u glavu, bez ono, pitaj što hoćeš."
2:00:29,2:00:32,"I drago mi je, baš mi je ne znam koliko smo razgovarali."
2:00:32,2:00:33,2 sata i 6 minuta.
2:00:33,2:00:34,Koliko?
2:00:34,2:00:35,2 sata i 6 minuta.
2:00:36,2:00:38,Svatko te bi rekao da će to biti najbolji intervju do sad.
2:00:38,2:00:40,Ugodan intervju i super priča.
2:00:40,2:00:42,Ali nije najbolji dole.
2:00:45,2:00:47,"Treba bi reći drugima da su bili tak, tak."
2:00:48,2:00:52,"Ne moraš biti korektan na svim, ne, ali super razgovor i drago mi je isto tako."
2:00:52,2:01:02,"Znači, stvarno se nadam da ću vas sve ugostiti na tom otvaranju prvoradova, a onda na otvaranju staze i da ćemo napraviti jedan spektakl."
2:01:03,2:01:04,I to je to.
2:01:04,2:01:10,"Znači, ovo nije projekt, ovo je megaprojekt, ovo je nešto što će ostati g generacijama iza nas."
2:01:10,2:01:12,I to će biti trajni doprinos Hrvatskoj.
2:01:14,2:01:16,"Mislim, ono kad radiš nešto što će biti na karti svijeta."
2:01:17,2:01:20,"To je ono, nema da neće biti."
2:01:21,2:01:22,Jesi li ponosan na sebe?
2:01:23,2:01:26,"Jesam, ali ću biti još ponosniji kada taj projekt završi."
2:01:27,2:01:27,Ali.
2:01:28,2:01:28,Ali.
2:01:29,2:01:31,Biću najponosniji kada otvorimo stazu.
2:01:32,2:01:34,Ja mislim da bi trebao biti ponosan na sve te stvari.
2:01:34,2:01:36,"Nadovoljan jesam, ali uvijek to je još."
2:01:36,2:01:38,"Uvijek to je još, više, više."
2:01:40,2:01:51,"Ali evo, stvarno ono, evo, najveći i najveći, najveći, najveći taj vjetar u leđa je to kad svi s onim pozitivnim zanosom ono pitajući ih je stvarno to će biti, to će biti ono."
2:01:51,2:01:53,I onda vidiš koliko su ljudi veseli tome.
2:01:53,2:01:55,I onda vidiš da radiš nešto što ljudi žele.
2:01:55,2:01:57,I sad konačno radiš proizvod koji drugi žele.
2:01:58,2:02:02,"Veselimo se sportskim uspjesima, veseli ćemo se i ovim uspjesima isto."
2:02:02,2:02:09,"Hvala ti na razgovoru i evo nadam se da će biti slušateljima i gledateljima zanimljivo, a čućemo se još."
2:02:11,2:02:13,"Ljudi, vidimo se za tjedan dana."
2:02:13,2:02:13,Bog.
