Start (HH:MM:SS),End (HH:MM:SS),Segment
0:00:00,0:00:01,Svi bi da budemo dobri ljudi.
0:00:01,0:00:02,Ono što je gdje je balans.
0:00:03,0:00:05,Ja moram da budem dobar čovjek.
0:00:05,0:00:06,Po cijenu svega.
0:00:07,0:00:09,Da napravim iluziju o sebi da sam dobar čovjek.
0:00:09,0:00:10,Da se lažem.
0:00:11,0:00:13,Da ubeđujem druge ljude da sam dobar čovjek.
0:00:13,0:00:14,Samo da bi se i moj ego osjećao dobro.
0:00:15,0:00:16,Ko sam jako nisam dobar čovjek.
0:00:16,0:00:18,Da je Bože da budem loš čovjek.
0:00:18,0:00:20,E to bi bio vrlo velik disbalans.
0:00:20,0:00:21,Mislim da svi osjećamo to.
0:00:21,0:00:22,I šta bi bio balans?
0:00:23,0:00:25,Da ti možeš da budeš loš čovjek.
0:00:26,0:00:29,Ali da svaki dan biraš da si dobar čovjek.
0:00:30,0:00:31,Kaže može 30 puta.
0:00:32,0:00:34,31 put kažem sebi čekaj.
0:00:36,0:00:36,Zašto može?
0:00:42,0:00:42,Ne manja.
0:00:45,0:00:53,Što je te motiviralo da nakon toliko godina posvećenosti temama zdravlja počneš govoriti o duhovnosti?
0:00:55,0:00:58,"Prvo i dalje sam u temama zdravlja, apsolutno."
0:00:58,0:01:01,"Ne odbijam, ali prestao sam se opirem ovim drugim temama."
0:01:01,0:01:03,"Mnogo sam se dugo opirao, mnogo dugo."
0:01:04,0:01:08,"Vuklo me sve u ove teme, ceo život, mnogo sam se dugo opirao."
0:01:08,0:01:17,"Opiruo sam se iz aplauza i lako je ovako, lako je da me ljudi vole.e zato što sam zgornotelo koje je pričao kako biti zgornotelo."
0:01:19,0:01:20,I zdrav i tako dalje.
0:01:21,0:01:27,"Kasnije sam ja to proširio, otkrio sam naravno zašto je to moja svrha, dio mog puta i počeo sam da radim snage."
0:01:28,0:01:34,"Nisam više radio za lajkove neke lepe devojke, nego sam sad stvarno radio da pomognem nekome."
0:01:34,0:01:41,Zato što sam umeđu vremenu nakupio mnogo informacija o telu i dalje pomažem ljudima.
0:01:41,0:01:49,"I dosta sam bio pobega od toga, dvije, tri godine, ali onda sam shvatio da je to deo mene i deo moje slučaje."
0:01:49,0:01:52,mene ide u ove službe i apsolutno sam se vratio na to.
0:01:52,0:01:56,"Sad radim i programe, ponovo, baš sam onako jako uzhicjen."
0:01:56,0:02:15,"Imam sad jedan program, Uđi u balans se zove, više taj balans se pominje stalno kroz neku moju priču, pošto mi hashtag fore u balansu to ti znaš i sad, nekad je bilo iz tog skroz pogrešnih razloga, ali sad što ja uvijek kažem, duša zna bolje nego ego."
0:02:16,0:02:34,"Tako da je sad taj Uđi u balans program i neki spoj, ajde da kažem, fitness, zdravlja, program treninga, program iskrene rutine, međutim, taj kao neki, ajde da kažem, samo ispitivanje.ajući aspekt rada na sebi koji je vođen nekim pitanjima, dnevnicima, sesijama, nekim radionicama, vježbama, videima, edukacijom itd."
0:02:34,0:02:41,"Tako da sam prestao, odgovor je da sam prestao se opirati ovom putu koji me je pozivao sve vrijeme i koji nas poziva sve."
0:02:42,0:02:42,A zašto se opirate?
0:02:43,0:02:44,Je li pitanje bilo straha ili ne?
0:02:45,0:02:47,"Evo, tko sam ja da pričamo o njemu?"
0:02:49,0:02:51,Kako može fitness trenirati da pričamo o bilo čemu drugom?
0:02:52,0:02:53,Sam da nije u fitnessu.
0:02:54,0:03:00,"O osuda, strah od osude, strah od biti ostramljen, biti ostraščen, od društva."
0:03:02,0:03:05,Društvene mreže su velika platforma za to.
0:03:06,0:03:08,A tako si djelovao samo pouzdano uvijek?
0:03:08,0:03:08,Jesi.
0:03:09,0:03:09,"Da, da, da."
0:03:10,0:03:10,Kako ne?
0:03:10,0:03:12,Ne mora to značiti da je to bilo lažno.
0:03:12,0:03:13,"Ne, ne, ne, apsolutno nije."
0:03:14,0:03:17,"Da, to je trenutna slika u mome egoinitetu."
0:03:19,0:03:21,"To je to, to je ja znam."
0:03:22,0:03:28,"I neke stvari znam, ono što je dobro je što sam u međuvremenu za dosta stvari naučio da ne znam."
0:03:29,0:03:30,Kao što sam ti rekao odmah na početku.
0:03:31,0:03:39,"I stvarno je to jako puno treba snage i mudrosti da kažeš ne znam, ali isto toliko, čak možda i više."
0:03:39,0:03:41,Snaga i mudrost jer kaže ja znam.
0:03:43,0:03:45,Kad ti dovoljno puta život potvrdi nešto.
0:03:45,0:03:49,Ja sam uvijek zapravo kod tebe osjećao jednu veliku dozu dobronamjernosti.
0:03:50,0:04:34,"Ne možeš ti, mislim sve one i humanitarne akcije koje si radio i hrpu besplatnih predavanja po školama itede Moguće je da je to u pitanju, naučio sam jedan novi termin nedavno, zove se efektivni altruizam, gdje znaš, pokušavaš sve nekako, a, toliko sam besplatnih predavanja, aha, toliko sam ljudi pomogao na taj način, toliko ljudi pohađalo to, znaš i zapravo, kažu da je to čak na nekakav način put onog superego nekakav, ali bez obzira na taj aspekt toga, vidi se da ta tvoja težnja da pomogneš ljudima, ne možeš to zanemariti."
0:04:36,0:04:40,"Moguće je da u nekim trenucima da se ti, aha, ajde, bit će lajkovi, aha, bit će."
0:04:41,0:04:52,"Svako od nas ima misli koje idu u jednom i drugom smjeru, osjetiš ti da je dub pravi, osjetiš i ovaj dio koji još uvijek postoji tu."
0:04:53,0:04:54,Nikad nije to samo crno i bijelo.
0:04:54,0:04:55,Po meni ima puno.
0:04:55,0:04:56,"Nianse, ali."
0:04:56,0:04:59,Ali mi se jako sviđa termin efektivni altruizam.
0:04:59,0:05:00,Jako mi se sviđa.
0:05:01,0:05:02,Vezeno za moje humanitane akcije.
0:05:03,0:05:06,To je zanimljiva priča i mislim priča na kojoj kao i svaka.
0:05:07,0:05:13,"Svačija priča može da se objasni što bi zoki naš dobro rekao, ceo univerzum, ceo svemir."
0:05:13,0:05:15,"Onaj ga ja pitam, možeš Mars da objasniš?"
0:05:16,0:05:17,Nisam razmišljao o tome.
0:05:17,0:05:19,"Nije baš ceo svemir, ali cijelo život, apsolutno."
0:05:20,0:05:26,Priča o mojim humanitarnim akcijama i ja sam počeo da ih radim iz čististo giga.
0:05:26,0:05:27,To je onaj strah od validacije.
0:05:28,0:05:29,"Ajmo na aplauz, ajmo like."
0:05:30,0:05:33,I ono što je tu jako dobar pokazatelj da vi možete dobre stvari.
0:05:34,0:05:35,Da radite iz pogrešnih razloga.
0:05:36,0:05:42,Ali da na kraju kroz tu platformu uzmete u prave razloge i da nastavite da radite dobre stvari.
0:05:42,0:05:48,"Hoću reći da sam prvih 15 humanitarnih akcija koje sam održao za male bebe, za djecu itd."
0:05:48,0:05:56,"na prvom mjestu stavljao sebe da bih ja ispao tu kao neki heroj ulic, pošto sam to uvek teo da, kao u pesmi, da budem."
0:05:56,0:05:57,Dok 16.
0:05:57,0:06:01,sam otkrio da ja zaista ja sam heroj ulica bez da radim humanitarne ak akcije.
0:06:02,0:06:04,I bez da mi to drugi ljudi kažu.
0:06:04,0:06:06,Kako si siguran da se dogodila ta promjena u ovom životu?
0:06:07,0:06:09,Siguran sam zato što sam znao iz koga radim.
0:06:09,0:06:14,Radio sam iz apsolutnog mira i nije mi bilo toliko važno kao nekad.
0:06:16,0:06:21,"I drugačije sam pozivao ljude, drugačije sam bio na humanitarnoj akciji i sklonio sam se."
0:06:22,0:06:22,Dosta.
0:06:23,0:06:25,"Nisam ja to, nego smo tu zbog djetetita."
0:06:26,0:06:27,Da li majka hoće da kažem nešto?
0:06:28,0:06:29,Hoće majka da kažem nešto.
0:06:29,0:06:30,"Izvolite, gospođo, vaš show."
0:06:31,0:06:34,"Mnogi su plakali, čak i ja, i video sam."
0:06:34,0:06:37,"Aha, pa ja trebam se skloniti."
0:06:38,0:06:44,"Koristimo ovu moju platformu, masivnost, neki tamo identitet koji se zove Nemanja Milović, koji ima četvrt milijuna pratilaca."
0:06:44,0:06:46,I to je jedna priča kako se desilo.
0:06:47,0:06:51,"Da se sklonim i da kažemo, e vidiš, ovako se služi."
0:06:52,0:07:00,"Ovo što si napravio do sada, koristi ga sada, pošto je bilo iz straha, koristi ga sada iz snage, iz hrabrosti."
0:07:01,0:07:04,"Skloni sebe, pusti da se desi."
0:07:05,0:07:11,"Imaš osjećaj da i dalje radiš na tom djelu ili da si otpetljao to, da si završio?"
0:07:12,0:07:12,Gotovo.
0:07:12,0:07:13,Gotovo.
0:07:13,0:07:13,Gotovo.
0:07:16,0:07:26,"Ono što je jako dobro u životu je kada je tako nešto veliko, neku životnu temu, onda kada je riješiš, kada kažemo sad da je gotovo, onda je to apply to all."
0:07:27,0:07:42,"Apply to all u smislu da u svim drugim platformama sad možeš da se skloniš, sad možeš da pustiš, sad možeš da bivaš i sad možda koristiš ono što si izgradio, možda ne iz pravih razloga, ali da možeš da koristiš to sad iz pravih razloga."
0:07:44,0:07:51,Što si naučio u tom procesu iskrenosti?enost najviše nagrađena.
0:07:51,0:07:56,"Mi mislimo da je nagrađena, a ustvari je najviše nagrađena od drugih ljudi."
0:07:56,0:07:58,Jel se to prepozna od zvoni u sobi?
0:07:59,0:07:59,Kao što vidiš.
0:08:00,0:08:05,"Da, meni se ne sviđa čak onaj termin autentičnosti."
0:08:05,0:08:07,Meni je iskrenost puno točnije.
0:08:07,0:08:08,Istina.
0:08:08,0:08:09,Iskrenost.
0:08:10,0:08:10,Prvo iskrenost.
0:08:11,0:08:12,Možda to možemo dati.
0:08:12,0:08:18,Istina može biti ono znaš i na društvenoj razini pokušamo pronaći konsenzus oko nečega što je istina.
0:08:19,0:08:23,"Ok, iskrenost mi nekako dolazi iznutra prema van."
0:08:23,0:08:24,"Ja se slažem, to je ja pitanje."
0:08:25,0:08:26,Razumiješ kao ono.
0:08:27,0:08:28,Iskrenost je tvoja samo.
0:08:30,0:08:32,I ti znaš da li su ju iskreni ili ne.
0:08:33,0:08:35,Ali znaš što je još jedna stvar koju sam otkrio usput.
0:08:36,0:08:39,Da i ostali znaju kad sam iskren.
0:08:40,0:08:41,Drugačije frekvencije.
0:08:42,0:08:43,I to svi osjetite.
0:08:44,0:08:45,Imamo antene neke.
0:08:46,0:08:47,Imamo kako ne.
0:08:47,0:08:48,Njušimo se.
0:08:49,0:08:50,Prepoznajemo se energetski.
0:08:50,0:08:53,"Neko se ne preko puta tebe, vidiš u komi razru."
0:08:53,0:08:54,"Da li ide u osnovnu, srednju, fakultet."
0:08:56,0:08:56,Sve vidiš.
0:08:56,0:09:06,"Samo ga pustiš da priča, onda saznaš točno u komi je, u osnovnoj, ali u kompsi od jedan do dva aha, diziju oko tričetiri razreda."
0:09:06,0:09:07,Ali tko sam ja da sudim?
0:09:07,0:09:08,"Ajde, život će ti pokazati."
0:09:09,0:09:09,Izvoli.
0:09:10,0:09:12,Kakav je pristup onda takvim ljudima?
0:09:13,0:09:14,Mnogo u čemu da pušta.
0:09:15,0:09:27,"To je jako opasno, pogotovo najopasnije na toj duhovnoj razini, znaš nekoga ocjenjivati na osnovu, ne znam, kakvog razvoja ili stupnja razvoja osobe, da li psihološko, da li duhovno, kako god se izrazili."
0:09:28,0:09:33,"Ono što sam prvo naučio je da ljudi ne moraju da budu teoretičari, ne moraju biti uopće u teoriji."
0:09:35,0:09:43,"Dar govora nije tu jasnoća, pravila igrice, Bog svrha, ništa."
0:09:43,0:09:49,"Ali gledaš čovjeka koji je ispravno radi, koji je u miru, koji je radostan, koji je zdrav, kao što smo rekli na početku."
0:09:49,0:09:52,Jer misliš da postoji ispravno i neispravno?
0:09:52,0:09:52,Apstraktno.
0:09:52,0:09:53,Postoji.
0:09:53,0:09:54,Kako ne?
0:09:54,0:09:55,Sve je dualnost.
0:09:56,0:09:57,Živimo u maternološkoj igrici.
0:09:57,0:10:02,"Levo, desno, jing, jang, noć, tamo, svetlo."
0:10:02,0:10:19,"Misliš da postoji, mislim to je iz moje perspektive nekako zadnja razina te psihološko-duhovne ig razine te igrice je upravo razbijanje te iluzije dualnosti."
0:10:20,0:10:20,"Apsolutno, da."
0:10:21,0:10:26,"Sad pričamo o materijalnoj igrici života, kada prijeđemo u materijalnu igricu tojest kad se izuma autojem onda ne postoji."
0:10:26,0:10:28,Kad smo u ovom onda itekako postoji.
0:10:28,0:10:39,"Ja nisam još upoznao osobu barem u svom, gdje ono kako se kaže, videokrugu koja je došla do te razine."
0:10:39,0:10:45,"Znaš, uzet ćemo onaj najjednostavniji primjer koji je daleko od nas, lav je pojeo zebru."
0:10:46,0:10:46,"Da, da."
0:10:47,0:10:50,Da li je to ispravno ili je krivo.
0:10:51,0:11:11,"es druge strane nešto što je meni i tebi jako blisko, oboje smo roditelji djece, male djece i sad zamisli si tu nekakav nesretan događaj i onda se pita da li si mudar, da li si zrel, da li postoji ispravno, da li postoji neispravno itede ne može zašto je to moguće."
0:11:11,0:11:18,Ali nisam siguran da mi možemo utkani u ovu realnost se nekako lišiti toga.
0:11:19,0:11:24,"Sigurno da postoje ljudi koji mogu, ali mi možda još ne može."
0:11:24,0:11:26,"Ako ne možemo, onda ne možemo."
0:11:26,0:11:34,"Meni se čini da postoji razlog za bol, za patnju."
0:11:34,0:11:42,"Čak i ako si svjestan, ako na svjesnoj razini razumiješ proces dok si u njemu moraš li odraditi, to je moje mišljenje."
0:11:43,0:11:44,"Da, dok više ne moraš."
0:11:47,0:11:48,To je pravi odgovor.
0:11:49,0:11:54,"Znaš, zavisi koliko zuma od ideš i za lava i za djete."
0:11:54,0:11:55,Isto je.
0:11:55,0:11:58,Samo mnogo smo vezani za emociju kad je djete u pitanju.
0:11:58,0:12:00,Mnogo je lakše objasniti prema primjeru lava.
0:12:01,0:12:05,"Zvu mautuju se, imaš inkarnacije, imaš, imaš."
0:12:05,0:12:07,"Svi osjetite to, znaš, znam."
0:12:08,0:12:12,"Kako znaš, možda ni ljudi nisu spremni da pričamo o tome."
0:12:13,0:12:17,"Ali znam, ok, lava je pojela antelopu i ide antelopu u novu inkarnaciju."
0:12:17,0:12:21,Njen put duše ide po novo materialno iskustvo.
0:12:22,0:12:23,Svi su u redu.
0:12:24,0:12:26,"Svi kažu, zanimljiva perspektiva."
0:12:27,0:12:28,Može.
0:12:28,0:12:29,Prihvatimo.
0:12:29,0:12:30,Ili ne.
0:12:30,0:12:33,"Ali kad se radi o našoj djeci, onda baš im prihvatimo."
0:12:33,0:12:34,Tu je ego očito najjači.
0:12:38,0:12:39,Solomonov paradoks.
0:12:39,0:12:40,Si čuo za to?
0:12:40,0:12:42,"Kralj Solomon, najmudriji čovjek svih vremena."
0:12:45,0:12:45,Kako iza?
0:12:45,0:12:48,"Pa paradoks je najmudriji čovjek, kralj Solomon."
0:12:49,0:12:53,Paradoks je da nije mogao sebi da riješi zadatke svim ostalima jeste.
0:12:53,0:12:57,"Zašto je bio vezan za sebe, za svoje probleme emotivno."
0:12:58,0:13:00,Nije mogao da je dao objektivan sud.
0:13:01,0:13:02,Nije mogao da bude medijator.
0:13:03,0:13:08,"Medijatori su ljudi koji učestvaju u raspravama razvoda, nasljedstva itd."
0:13:09,0:13:13,I ti sad imaš dvije osobe koje se imaju drugačije istine.
0:13:13,0:13:15,Vezen je svaku za svoju istinu.
0:13:15,0:13:18,"Kad pričamo više istina, to je točan primjer."
0:13:18,0:13:19,"Međutim, šta ih veže?"
0:13:19,0:13:21,"Veže ih ego, veže ih emocije."
0:13:21,0:13:25,"Ali tako, ovaj hoće, ovaj ide o kući, ovaj hoće vikendicu itd."
0:13:25,0:13:27,Medijator je čovjek koji je neutralan ugao.
0:13:28,0:13:29,"Nema emocija, nije vezan."
0:13:30,0:13:34,"I njemu te dve osobe vjeruju baš zbog neutralnosti, prolazi sve kroz njega."
0:13:34,0:13:42,"Ne mogu da ga uvuknu ni na jednu ni drugu stranu, nego im predstavlja činjenice onako kako jest, jer je on trezvena glava."
0:13:42,0:13:48,"Ono što je, mi možemo da budemo medijatori u našem životu, da vidimo stvari onakve kakve jesu."
0:13:49,0:13:56,"Solomon je vidio stvari za druge ljude onakve kakve jesu, zato što je bio najmorniji čovjek, ali nije vidio za sebe."
0:13:56,0:13:57,To je Solomonov paradoks.
0:13:58,0:14:00,Pre toga je jedan čuveni primjer koji je zapisan.
0:14:00,0:14:07,"Su došle dvije žene koje su tvrdile, obje žene da imaju to djete, da imaju pravo na to djete, da su majke."
0:14:08,0:14:10,"Solomon je rekao, u njoj je nikakav problem."
0:14:10,0:14:13,"Sad ćemo odmah vidjeti koja je majka, sluge."
0:14:14,0:14:18,"Podijelite djete na pola, dajte polovine majkama."
0:14:19,0:14:24,"Majka koja je prva vrisnula je rekla, ne dolazi u obzir, poklonite djete njoj."
0:14:27,0:14:30,Zašto je spremna da žrtvoje ego radi istine.
0:14:31,0:14:32,Toliko je bio mudar.
0:14:33,0:14:34,Ali nije mogao da rešiš problem za sebe.
0:14:35,0:14:36,Jer nije vidio od emocije.
0:14:37,0:14:40,"Jer to djete je njegovo, moje."
0:14:41,0:14:42,Veže me emocija.
0:14:42,0:14:43,Ta zemlja je moja.
0:14:44,0:14:45,Daje mi identitet.
0:14:45,0:14:46,Daje mi pripadnost.
0:14:46,0:14:48,Reše vam mnogo strahova.
0:14:49,0:14:49,Mi.
0:14:50,0:14:51,Oni.
0:14:51,0:14:52,Dualnost.
0:14:52,0:14:53,Jing.
0:14:53,0:14:53,Jang.
0:14:54,0:14:55,Cjelosvet funkcionira tako.
0:14:56,0:15:35,"Ono što je jako dobra perspektiva je mi u jednom trenutku sa doljnim iskustvom, sa doljnim donjoj zrelosti i mudrosti mi možemo da u nekim situacijama, ne u svim, svako sa ovim kapacitetima, budemo medijatori našeg života u smislu da gledamo situaciju i sadržaj koji nam život daje, da li su to ljubavni odnosi, da li je to roditeljstvo, da li je to prema našim roditeljima, da li je to posao, da li je to bakica na ulici u traficiji prodavačice, da imamo trezveni ugao koji je neutralan i koji vidi sve to onakav kakav jest, ni kroz ružičaste nauče, ni kroz crne nauče, nego baš onakav kakav jest."
0:15:36,0:15:42,"Ako cijeniš ovaj trud, jedan mali klik na pretplati me nama znači cijeli svijet."
0:15:42,0:15:45,"Hvala ti što si tu, a sad uživaj potkestu."
0:15:48,0:15:57,"Znaš koji je jedan od zanimljivijih primjera koji smo svi doživjeli, sad je već malo isklapio pa su ga možda ljudi zaboravili."
0:15:59,0:16:14,"Jedna osoba koju sam izrazito cijenio i pratio njegov rad, činilo mi se da je osoba koja je stavljena na planetu da napravi puno dobrih stvari."
0:16:15,0:16:21,"I onda imali jednu jako ružnu reakciju pred cijelom planetom, a to je bio Will Smith ako se sjećiš."
0:16:22,0:16:23,Što je još još jedan šamar?
0:16:23,0:16:29,"Stvarno sam osjećao da je ta osoba na pravom mjestu, da ima iznutra nešto za ponuditi."
0:16:29,0:16:36,"Ja sam očekivao da će on za 5, 10, 15 godina postati predsjednik Amerike, da će postati jedan drugačiji predsjednik koji će ujediniti svijet."
0:16:38,0:16:46,"Osjetio sam da fura furku koju mi recimo furamo, da hoće dobro bez obzira na svoje mane kao što ih imamo i ja i ti isto."
0:16:49,0:16:59,I to je bila jedna akcija diametralno suprotna od onoga što sam očekivao ja ili što je vjerovatno svijet očekivao od njega.
0:16:59,0:17:07,I ja se isto nekad znam naći u toj situaciji da dan danas figurativno napravim nešto slično kao što je napravio on.
0:17:09,0:17:11,Da li se tebi to i dalje događa?
0:17:12,0:17:14,Ali gledaj ovo je jako dobar primjer sad.
0:17:14,0:17:16,Dvaput si rekao i ja sam očekivao.
0:17:17,0:17:36,"Znači ono što je jako dobro je što ljudi pustiš ih da ti pokažu onakvi kakvi jesu i onda ti razbiju uije neko iluzije očekivanja, uđeš u jasnoću da ti vidiš stvari kakve jesu, u smislu da ne ideš preuremena sa mislima, da bi gradio viziju nekoga kojeg ti odgovara ta vizija, da ti poveriš u to."
0:17:37,0:17:38,I to je baš sjajna stvar.
0:17:39,0:17:44,"I sjajan, Will Smith je, evo ako ćemo da kažemo, jedan čovjek koji jako dobro služi."
0:17:44,0:17:52,"Mnogi ljudi, kao što si rekao, su napravili iluziju očekivanja od njega koji im je on pokazao da je samo iluzija."
0:17:53,0:17:54,Vrlo važan legalizam.
0:17:55,0:17:56,Da je čovjek isto kao i svako drugi.
0:17:57,0:18:00,"Apsolutno, ali sad ga vidimo onako kako jeste."
0:18:00,0:18:03,Misliš da je to on?
0:18:04,0:18:12,"Pa jeste u takvim situacijama, obezloga emocija nije mogla da se kontroliše, ušteo je nešto sigurno ne iz snage što smo sve vidjeli."
0:18:14,0:18:18,Kako bi izgledala reakcija iz snage na taj događaj?
0:18:18,0:18:22,"Poslije što tebe određuje, situacija je bila da je krivica."
0:18:23,0:18:34,"Sad recimo stavimo tebe u tu poziciju, ti sjediš u prvom redu na nekim dodjelama nagrada, tvoja žena je pored tebe i sad je neki stereo komičar tamo koji vrijeđa tvoju ženu pred tebom."
0:18:35,0:18:36,Preko svijeta.
0:18:36,0:18:38,"Da, pogledaj bi reakciju."
0:18:38,0:18:39,Kako najmanje reagira.
0:18:40,0:18:41,Znaš kako najmanje reagira?
0:18:41,0:18:43,Gleda bi reakciju moje žene.
0:18:44,0:18:47,Njena reakcija i njena odgovornost pokazuju na kom je razred.
0:18:49,0:18:53,"Ako ona zna to nije istina, zašto reaguje?"
0:18:55,0:18:56,Čiju istinu ja branim?
0:18:57,0:18:58,Kako postavljaš granicu?
0:19:00,0:19:01,Da li misliš da treba postaviti granicu?
0:19:02,0:19:03,Ne treba ja da postavim granicu za nju.
0:19:04,0:19:05,Preuzimanje njene lekcije.
0:19:06,0:19:06,Ko sam ja?
0:19:06,0:19:06,Bog.
0:19:08,0:19:10,A ona treba postaviti granicu.
0:19:10,0:19:14,"Ako on pređe tu granicu, e ondavo onda sam ja uključen."
0:19:15,0:19:16,"Ne, prešao je granicu."
0:19:17,0:19:18,"Da, on je prešao."
0:19:19,0:19:21,"Znaš, vidio bih ovako, osoba postavi granicu."
0:19:21,0:19:22,"Ovo je jako dobro pitanje, u stvari."
0:19:23,0:19:26,"I to je ono što sam ja mnogo često radio, bio sam jako ulozi spasioc."
0:19:26,0:19:30,"I sad, ne manje od pre, bih ustao i porazbio bi svima glava."
0:19:30,0:19:30,Imaš čisto da.
0:19:32,0:19:34,Ne može se reći da sam iz pasivnog ega.
0:19:35,0:19:38,"Došao sam iz stvarno situacije, što se kaže."
0:19:39,0:19:41,I to bi ne manje stari radio.
0:19:42,0:19:52,"Što bi se onda desilo kao posljedica, što bi mi život pokazao, da li je to njeno iskustvo da prvi put ona postavi granicu, da uđe u snagu., da uđu u balans, da se kompletira."
0:19:52,0:19:53,To je dato kao sadržaj.
0:19:54,0:19:57,"Ja, koji sam u spasujući, ja ga oduzimam."
0:19:58,0:20:01,"Pretvaram da je to moj sadržaj, da je to moja odgovornost."
0:20:01,0:20:09,"I sad je pitanje toga što je, kad bi se sinkronizirali s onim što je stav, recimo, kulture u kojoj se nalazimo?"
0:20:09,0:20:10,Apsolutno.
0:20:10,0:20:12,"Znači, ti si muškarac, evo tebe."
0:20:12,0:20:16,"Da, što ti se traži zauzeti za svoju ženu, vidi ga, papak stoji sa strane i čeka."
0:20:17,0:20:19,"E, to je sad moja lekcija."
0:20:20,0:20:21,Ali ja znam da sam papak.
0:20:22,0:20:22,Da li sam papak?
0:20:23,0:20:25,Ne baš život mi je pokazao da znam dobro.
0:20:25,0:20:27,"i da postanem granica, se branim i da nisam."
0:20:28,0:20:29,"Aha, zašto mi to smeta onda?"
0:20:30,0:20:34,"Aha, čekaj, imam strah i dalje, vidim im neki unutrašnji nemir, stomak mi nije dobro."
0:20:35,0:20:36,Šta će ljudi reći o meni?
0:20:36,0:20:38,"Aha, ok, koji je to strah, nedovoljnost?"
0:20:39,0:20:40,Uf.
0:20:40,0:20:45,"I najmanje od svega mi u takvim situacijama, naš i sam, bio si sigurno u hrpi takvih situacija u životu."
0:20:46,0:20:49,"Ne imaš vremena sad stisnuti pauzu i reći, hmm, daj da ja razumijem."
0:20:50,0:20:51,"E, bravo, evo, to je mudrost."
0:20:53,0:20:54,To je mudrost.
0:20:54,0:20:57,"Ljudi imaju snoću, mudrost je da li ćeš da je primjeniš ili ne."
0:20:58,0:21:00,"E to je ono ispravno, šta bi bilo ispravno."
0:21:00,0:21:00,I tekako postoji.
0:21:00,0:21:00,Kako postoji?
0:21:01,0:21:03,Je li ispravno da porazbijem glave?
0:21:04,0:21:05,Šta mi je život pokazao?
0:21:06,0:21:13,"Ne, za mene ispravno je da, pošto mi je to teže, je da sedim i da se smijem."
0:21:16,0:21:22,"Za nju, za moj devojko, on je u pasivnom megu, je ispravno da razbijem nekom glavu."
0:21:23,0:21:25,"Ako treba, ako je to posljednja granica."
0:21:26,0:21:27,Svatko ima svoje lekcije.
0:21:28,0:21:34,"Zbog toga je nešto je za mene teško, nešto je za mene lekcija, nešto je za nju, a diametralno je obrnuto."
0:21:34,0:21:37,"Ja sam ulozi spasioca, cijelu život spašavam ljude, na meni je da pustim."
0:21:38,0:21:40,Pustim tebe da imaš tvoju lekciju.
0:21:40,0:21:47,"Ona je cijelu život u pasivnom megu, cijelu život se povlači, nemojte mene, drugi obraz, za nju je da postavi granicu."
0:21:48,0:21:56,"E, jel kužiš zapravo na koliko konflikata se može, ajde sad uzmemo hipotetski da u toj prostoriji dvije tisuće ljudi, razumiješ."
0:21:56,0:22:11,"I sad vjerojatno tih dvije tisuće postoji nekakav nestužbeni konsenzus, nekakav osjećaj te grupe da li je taj šupak, da li je taj čovjek koji je bio recimo na toj bini i vrijeđao tvoju ženu da li je on šupak ili ne, razumijem."
0:22:12,0:22:20,Postoji nekakav nepisano ili neslužbeno osjećaj šta se trebalo desiti ili šta je ispravno.
0:22:22,0:22:23,Jako je kulturološki uvjetovano.
0:22:24,0:22:24,Sigurno.
0:22:24,0:22:28,"Kroz ono što smo naučili iz religije, kroz ono što smo naučili iz zakona."
0:22:28,0:22:30,"Zato je to dobar test, zato je težak test."
0:22:31,0:22:32,Zato je jako teško.
0:22:32,0:22:35,Pogotovo zato što je puno ljudi na kup i sad svi su oči uprte.
0:22:35,0:22:38,Baš je zbog toga i ta platforma da naučiš tu vještinu.
0:22:38,0:22:41,Znaš ko mi je jedna od najdražih priča koje sam čuo u zadnje vrijeme.
0:22:43,0:22:45,Već imam glupo uvjerenje da ne znam pričati priče pa ću je pokušati.
0:22:45,0:22:46,Samo ajde ići.
0:22:47,0:22:48,"Evo, čim hrabrost."
0:22:49,0:22:49,Da.
0:22:53,0:22:57,Bio je jedan mudar i voljen kralj.
0:22:59,0:23:02,"Cijeli narod ga je volio, zato što imao integritet."
0:23:04,0:23:06,Sad znam da ne radi o našem predsjedniku.
0:23:08,0:23:10,Čisto da malo dopustimo.
0:23:10,0:23:12,"Evo, ok, mudar i voljen kralj."
0:23:12,0:23:13,Dobro ste malo puštali njegovo.
0:23:15,0:23:25,"I nešto se čudno događalo u kraljevstvu, malo malo su se događale neke pljačke u kraljevoj riznici."
0:23:27,0:23:45,"I kralj prvi put čuje za pljačku i kaže dekret ono cijelom narodu, tko uhvati lopova, tko je počinio to nedjelo, dobit će toliko i toliko zlatnika, a lopov će dobiti deset udaraca bićem pred cijelim narodom."
0:23:46,0:24:01,"Prođe par tjedana, opet počinitelj napravi isto zlodilo, opet kralj dekretom, ako ga uhvati sad, podiže nagradu, dobit će toliko i toliko zlatnika i dvadeset udaraca bića."
0:24:01,0:24:18,"I tako prolazi vrijeme, taj lopov cijelo vrijeme krade, kralj javno govori što će se desiti, stalno diže tu nagradu za onoga koga uhvati u zlodijelu i diže broj udaraca bića na 40."
0:24:19,0:24:24,A broj udaraca bića 40 znači da je to smrtna presuda za tu osobu.
0:24:25,0:24:27,Ne možeš preživjeti više od 40 udaraca bića.
0:24:29,0:24:33,"Prođe neko vrijeme, uhvate one lopova."
0:24:35,0:24:36,I lopov.
0:24:40,0:24:41,Tu se priča o kompleksnosti.
0:24:42,0:24:42,Što sada?
0:24:43,0:24:46,Cijeli narod gleda u kralja kakvu će odluku donijeti.
0:24:48,0:24:50,Što je radio siroti kralj?
0:24:50,0:24:57,Kralj dođe pred cijeli narod i kaže odluku koju sam donio će se izvršiti.
0:24:58,0:25:06,Tog i tog datuma moj červ će doći pred cijeli narod i preuzeti svoju kaznu.
0:25:08,0:25:13,"Došao taj dan, kralj sjedi na čelu, Čelu."
0:25:15,0:25:26,"Rulja sa svih strana i dugačak put do dubine gdje će se izvršiti kazna, krvnik čeka sa bićem u ruci."
0:25:27,0:25:45,"Njegova čija rhoda pred svima, pognute glave, dolazi do pozicije, krvnik ju stavlja na postolje i pokidaju haljeno pred svima i digne ruku u zrak."
0:25:47,0:26:04,"I kralj u tom trenutku kaže stani, diže se, dolazi do nje, skida svoju majicu, legne na nju i kaže udari po njoj."
0:26:07,0:26:09,Kaže krvnik ali kralju ubiću vas.
0:26:11,0:26:12,Udari po njoj rekao sam ti.
0:26:14,0:26:17,I krvnik udari četrdeset puta po kralju i kralju umre.
0:26:19,0:26:20,Romantično.
0:26:20,0:26:22,Znaš ti zašto ova priča?
0:26:24,0:26:27,Zato što je to objašnjenje zašto je Isus umro za nas.
0:26:30,0:26:32,A ima mogućnost da nam oprosti svoj grijeh.
0:26:33,0:26:34,Jer ne bi shvatili.
0:26:37,0:26:39,"Da, evo ti druga perspektiva."
0:26:42,0:26:49,"Da li nekog više slajmo, koji je žrtvo on ili koji je ostačio, razboleo se, umro u slabosti."
0:26:50,0:26:50,I tako dalje.
0:26:50,0:26:52,Ono koji se žrtvuje.
0:26:53,0:27:00,"Kad hoćeš da preneseš veliku poruku, koji će promijeniti svet, da li treba da ostariš u starosti?"
0:27:00,0:27:00,Starosti.
0:27:01,0:27:09,"Ili da umreš, pa da te ljudi pokažu mali milijun puta u istoj slivi, da ta poruka bude veća tebe."
0:27:11,0:27:20,"Evo, bar sam vidio neko, kaže ovo je kuća pisca, sad ovdje u Zagrebu, odmah pored Trga, Banelević."
0:27:20,0:27:20,Tog i tog.
0:27:21,0:27:30,"Ja ovo gledam i kladim se da dok je pisao, da nitko nije ne mario za njega, nego nitko nije znao da postoji."
0:27:32,0:27:36,"Kad je izvukao prvi knjigu, međutim, kad je umro?"
0:27:38,0:27:46,"Branko Radišević, pesnik, kad Lidijah umrijeh, u no čovjek sa 20-naštog godina od tuberkuloze, sad ga svi znaju."
0:27:46,0:27:51,"Pitanje je da je pisao do 60-te, da je umro u Tamo, da li bi ga znali."
0:27:51,0:27:58,"Ljudi vole te priče, možda je šira perspektiva da je Isus čak i znao to."
0:28:00,0:28:03,"Evo stavi se, imam poruku, imam u istini se, zna."
0:28:04,0:28:06,"Rekli smo, hoću promijeniti svet."
0:28:06,0:28:08,A kako ovaj svet funkcionira?
0:28:08,0:28:09,Koga slavi?
0:28:09,0:28:11,Kako poruka skalira?
0:28:12,0:28:13,Kako dođe do mnogo ljudi?.
0:28:14,0:28:16,A mora biti neka priča na kraju.
0:28:16,0:28:17,Pri kojoj priči?
0:28:19,0:28:19,Žrtvovanje.
0:28:20,0:28:21,Ultimativna priča.
0:28:21,0:28:25,"Pebamo o tome, pišemo o tome, pričamo o tome, vekovim."
0:28:25,0:28:26,Nismo prestali danas.
0:28:27,0:28:27,A tu je put.
0:28:28,0:28:29,Pa nema problema.
0:28:31,0:28:32,Ja nisam ovdje zbog sebe.
0:28:33,0:28:34,Zbog poruke.
0:28:36,0:28:37,Ja nemam više što da kažem.
0:28:38,0:28:39,Pa rekao sam koji je put.
0:28:41,0:28:44,E sad mi je samo da otkrijem kako će ta poruka da stigne.
0:28:44,0:28:45,Da odjekne vekovim.
0:28:46,0:28:47,Jer znam da će se da promijenjen.
0:28:47,0:28:49,Zbog toga sam našao svoj vrhov.
0:28:50,0:28:52,"Eto, ti ima još jedna perspektiva."
0:28:54,0:29:05,"Da, vidiš koja je moć u iskrenosti i onda zapravo kroz tu iskrenost i u hrabrosti?"
0:29:05,0:29:06,"Da, apsolutno."
0:29:07,0:29:09,Potrebna je ogromna hrabrost da bi bio iskren.
0:29:10,0:29:10,Absolutno.
0:29:11,0:29:13,"Uf, to je najveća hrabrost."
0:29:14,0:29:15,"Znaš što, vidi ovako?"
0:29:15,0:29:21,"Ti kako si tičeš to iskustvo o kojem pričamo, stalno ulaziš u neku jasnoću i jasnoće je teoretizanje."
0:29:21,0:29:24,"Sad znam šta mi se dešava, znam."
0:29:25,0:29:32,"Po nekim pravilima, mnogo mi puta život pokazao do sada točno znam gdje sam, osjećam koja je platforma, šta me naučiti, to je snoć."
0:29:32,0:29:33,Tu smo završili.
0:29:33,0:29:34,Mnogi ljudi su snoć.
0:29:35,0:29:38,A mudrost je kad uradiš šta.
0:29:38,0:29:45,"Znati šta uradiš snagi i straha, sve ok, ali znati šta radiš, šta je ispravno za tebe, to je mudrost."
0:29:46,0:29:50,A čin hrabrosti je sprovesti to u delo ili ne.
0:29:52,0:29:55,"Znam da je tamo ispravno, ali je teško."
0:29:57,0:30:00,"Teško je meni da sedim, a da neko vrijeđamo i ženu."
0:30:02,0:30:03,Mnogo mi je lakše jadati.
0:30:03,0:30:04,Odreagujem Coville Smith.
0:30:05,0:30:06,"Uf, znaš koliko mi je lakše?"
0:30:06,0:30:07,To mi je prirodni.
0:30:08,0:30:08,Ali sedim.
0:30:09,0:30:10,Znam da je ispravno.
0:30:11,0:30:12,To je njena lekcija.
0:30:13,0:30:15,"Teško kratkoročno, lako dugoročno."
0:30:15,0:30:16,Apsolutno.
0:30:16,0:30:16,Apsolutno.
0:30:17,0:30:20,"Ej, ali onda ona nauči da postoji granica i onda postane kompletna ličnost."
0:30:21,0:30:22,E znaš šta se onda deša kao posljedica?
0:30:23,0:30:25,Nema više sadržaja da neko vrijeđe.
0:30:27,0:30:28,Ne privlači to.
0:30:29,0:30:30,Ona je slobodna toga.
0:30:32,0:30:37,"Život ju daje još par testova i kaže, ovi ljudi ne reaguje više."
0:30:38,0:30:43,"Što ti kaže završeno, ajmo drugi neki sadržaj."
0:30:44,0:30:45,Zato sam ja ostao.
0:30:46,0:30:48,Zato sam ja ostao tu da je teško.
0:30:49,0:30:57,Da li je zapravo nekad ne postavljanje granice isto nekakav put?
0:30:57,0:30:58,Apstraktno.
0:30:58,0:31:06,"Naprimjer, u toj našoj hipotetskoj priči, neko vrijeđa tvoju ženu pred 2000 ljudi i ti i ona se ne smijete na to."
0:31:06,0:31:07,"Uf, koja je sloboda?"
0:31:08,0:31:09,Koja je sloboda?
0:31:10,0:31:15,"Plus da dodam, tijela svih tih ljudi su zapravo vidjeli da je taj lik šupa."
0:31:15,0:31:17,"Ko je nama bitan, mi ili svi ljudi?"
0:31:17,0:31:20,"Mi, ego naš živi za plauz ili naša duša za istinu?"
0:31:20,0:31:21,"Ko je bitan, naime?"
0:31:21,0:31:21,Duša.
0:31:22,0:31:24,"Duša voli istinu, ego voli aplauz."
0:31:25,0:31:26,"E sad, za više."
0:31:27,0:31:34,"Što je, znači da ste se, vas dvoje recimo pustili to, da niste uopće reagirali na taj način nego da je reakcija zapravo bila smijeh?"
0:31:34,0:31:36,"Da, da je reakcija smijeh ali i vidi."
0:31:36,0:31:38,Ono što ja uvijek razdvajem jednu stvar.
0:31:39,0:31:42,Kažu nije važno šta pričate nego šta ratiš.
0:31:42,0:31:43,Je li to istina?
0:31:44,0:31:45,Pa bitno je jedne i drugu.
0:31:47,0:31:48,Nije istina.
0:31:48,0:31:49,Jer riječi vrijeđaju.
0:31:49,0:31:49,Je li riječ uvredljiva?
0:31:50,0:31:53,"Ne, znači nije bitno ništa pričaš, ništa radiš."
0:31:53,0:31:54,Nego zašto?
0:31:55,0:32:01,"Nego zašto, ali gledi, znači da smo mi imali osmijeh, to je ono što radimo."
0:32:01,0:32:02,Je li tako?
0:32:02,0:32:03,Oboje se smijemo.
0:32:04,0:32:08,A naša unutrašnja osjećaj je totalni unutrašnji mir.
0:32:09,0:32:10,Prošlo je kroz nas.
0:32:11,0:32:12,E to je živjeti to.
0:32:12,0:32:15,"Znači ne raditi, nego živjeti."
0:32:15,0:32:21,"Ja mogu da se smijem, spolja, a iznutra gori u meni, isto i moja žena."
0:32:22,0:32:24,"I onda kažu, vidi, ovi su pustili, nisu pustili."
0:32:25,0:32:26,U procesu su puštani.
0:32:27,0:32:29,"Prvi korak su napravili, nisu reagovali."
0:32:29,0:32:30,U procesu.
0:32:31,0:32:32,Ali nisu pustili.
0:32:33,0:32:39,"Kada uđu u istinu, onda kažu zašto mi se stomak stekao, zašto mi je srčano i otkucaje se podigli."
0:32:40,0:32:41,"E, onda bi dodali na to."
0:32:42,0:32:44,"Znači, nije šta pričasi, nije šta radiš, nego šta živiš."
0:32:45,0:32:52,"Znači, ako ona i ja sedimo i neko kaže nešto loše, i mi kažemo, onda je tako."
0:32:53,0:32:54,I pogledamo se ovako.
0:32:55,0:32:56,Onda je tako.
0:32:57,0:32:59,"U meni je mir, u njoj je mir."
0:33:00,0:33:04,"Ostali osuda, trvlje, kamenje."
0:33:04,0:33:05,"Na tu osobu, na biljni."
0:33:06,0:33:06,Unfollow.
0:33:07,0:33:08,"Ne, ne, ne."
0:33:08,0:33:10,"I na nas, kako se mi ne branimo."
0:33:10,0:33:15,"Kakvi smo mi što ti kažeš sise, papci itd."
0:33:16,0:33:16,A mi mirni.
0:33:18,0:33:19,E to je sloboda.
0:33:20,0:33:22,E to je veliki razred.
0:33:24,0:33:25,Ti ljudi će doći u radost.
0:33:25,0:33:27,Ti ljudi će doći u unutrašnji mir.
0:33:27,0:33:29,I to će svi ostali dosjetiti.
0:33:29,0:33:32,"Samo će da ih triggeruje njihov mir, zato što oni nisu u miru."
0:33:33,0:33:37,Neće moći da skontaju kako se odnisu u dragu.
0:33:37,0:33:40,"U odragu, nekad bi stari nemanja ko si ti postao."
0:33:42,0:33:43,Onda bi nekad.
0:33:45,0:33:50,Što te danas još uvijek trga i vuče?
0:33:51,0:33:51,Dosta stvari.
0:33:52,0:33:55,"Dosta stvari, počešći od boli, to je nešto što."
0:33:56,0:34:00,Mislim da jako malo ljudi na svijetu je slobodno od toga.
0:34:00,0:34:03,"Sad sam dobio malo bebicu, pa mi je to onako dosta."
0:34:03,0:34:07,"Moje ego voli i baš mi je lepo, hoće da uživam tu."
0:34:08,0:34:08,Nisam slobodan.
0:34:10,0:34:10,To.
0:34:12,0:34:14,Od mnogo stvari sam slobodan.
0:34:17,0:34:20,"Imam jedan uzorak, a to je ja u prošlosti."
0:34:21,0:34:26,I mogu da kažem da je baš dosta stvari ušlo u toj neki balans i slobodu.
0:34:27,0:34:29,"Naravno, zato sam i rekao da ne znam."
0:34:31,0:34:32,Znam i biti u potpunoj slobodi.
0:34:33,0:34:34,Potpunoj slobodi.
0:34:34,0:34:35,Čak i za sobsavno djete.
0:34:36,0:34:36,To je znati.
0:34:38,0:34:39,To je istina.
0:34:39,0:34:41,Evo zbog toga sam rekao ono na početku.
0:34:41,0:34:44,"Ja znam gdje sam u procesu, znam gdje sam bio."
0:34:47,0:35:00,"I mnogi ljudi znaju gdje sam bio., jer sam izabrao ovaj put nekog javnog prisustva, koji je i tekako moj put i tekako sam ga ja odabrao na poslovnom nivou."
0:35:01,0:35:04,I baš je lepo to.
0:35:04,0:35:06,Ima dosta ljudi koji sve doće.
0:35:09,0:35:10,Sve imanje trebaju.
0:35:12,0:35:12,To je isto.
0:35:12,0:35:14,Nekad su mi baš trebali.
0:35:15,0:35:30,"Vidiš, ne, nekad je zapravo teško riječima ili u teoriji opisati ili objasniti sam sebi što bi bilo ispravno ili što bi bilo mudro u određenojoj situaciji, kamoli iz ponašanja odigrati to."
0:35:30,0:35:35,"Zato nam igrica daje uvijek ponovljene stvari, testove, šablone."
0:35:36,0:35:39,"Primijetiti da se nešto dešava, samo na drugi, mnogo sličnosti ima."
0:35:40,0:35:44,"Te sličnosti je, tu smo pali test da imamo novu šansu."
0:35:44,0:35:50,"Ali uvijek je u većoj malo više boli, malo je veća patnja, pa ti je lakše da prođeš."
0:35:51,0:35:54,"I onda je baš raskrsnica, onda budu gozdina vrata."
0:35:55,0:35:56,Evo onda mora levo ili desno.
0:35:58,0:36:00,"Što misliš, da li je mudro možda?"
0:36:02,0:36:06,prihvatiti se i ne tražiti savršenost.
0:36:06,0:36:07,Apstraktno.
0:36:07,0:36:08,Treba znati kad je dosta.
0:36:09,0:36:17,"Treba znati ono što si ti rekao na početku, to nismo zabeležili, ali uživati u procesu i to je u stvari."
0:36:18,0:36:21,"To je odgovor na ovo pitanje, znači, što si rekao."
0:36:22,0:36:27,"Znaš, znači, ali mislim, to je takav kliše i toliko je to otjecano."
0:36:28,0:36:39,"Uživaju u procesu, uživaju u putu, put je cilj, put je svrha, ali u stvari, kad malo bolje razmisliš, dosta je to velika vještina koja je rezervisana za malo ljudi."
0:36:40,0:36:43,"Da stvarno bude u redu, i da je sad dosta."
0:36:45,0:36:49,"I da je sutra, i da je za godinu dana, i da je svaki dan dosta."
0:36:50,0:36:51,To je to.
0:36:52,0:36:54,"I baš onako, našo ono od kad integriše što?"
0:36:54,0:36:57,"Edeo, danas dosta, ono top je."
0:36:57,0:37:00,A moguće ću živjeti život C u ovome sada.
0:37:03,0:37:06,Imate li vi nekakve ciljeve danas ili ne?
0:37:07,0:37:08,"Ne, nema."
0:37:10,0:37:11,Cilj je svaki dan.
0:37:17,0:37:21,"gledati sebe i postavljati sebe ista pitanja, živjeti po tom principu."
0:37:22,0:37:27,Pitanje su šta ja ovdje trebam naučiti i kako mogu da slušam.
0:37:27,0:37:28,To su dva pitanja.
0:37:29,0:37:31,"Jedno je pitanje mene, jedno je pitanje drugog."
0:37:33,0:37:40,"Kada nas dvojice sad tu pričamo, neko će reći video u dvojicu čelavaca što trkeljaju."
0:37:40,0:37:41,Ima takvih ljudi dosta.
0:37:42,0:37:46,"Neki će reći super dečki, evo te vidi kako se trude, daju baš najbolje moguće stvari."
0:37:46,0:37:47,Ima i takvih ljudi dosta.
0:37:49,0:37:53,"Daju od sebe, trude se najbolje što mogu."
0:37:56,0:37:57,Pozdravljamo i jednu i drugu grupu.
0:37:57,0:37:59,I je podjedna koju volimo.
0:37:59,0:37:59,Istina.
0:38:00,0:38:00,Da.
0:38:02,0:38:05,Da li ima istine u jednom i drugom pogledu?
0:38:06,0:38:09,"Da, svako ima svoju perspektivu za koju je ubeđena da je istina."
0:38:09,0:38:15,"Pogotovo kada imaš ovako javni posao kao što nas dvojeca imamo, to je vrlo lagano vidjeti."
0:38:16,0:38:17,Naš teško je dobiti taj feedback.
0:38:18,0:38:25,"Pomagajući stvar je iskustvo da bi ih ti vjerovatno, stvarim što neću uopće."
0:38:26,0:38:27,Ulozim moć u moje.
0:38:27,0:38:30,"Recimo, u najmanje od 20 godina ne bi mogao."
0:38:31,0:38:33,Sve bi me triggeralo oko ovog najmanje sada.
0:38:35,0:38:36,Što je prošlo skoro 20 godina.
0:38:38,0:38:39,"Čovječe, pogledaj ovog čovjeka."
0:38:41,0:38:42,Sve me nervira.
0:38:43,0:38:45,Zašto me nervira i zašto ja to nemam?
0:38:45,0:38:46,Šta nemas?
0:38:46,0:38:48,"Nemam slobodu, nemam mir, nemam radost."
0:38:50,0:38:51,"Mnogo toga želim, mnogo toga moram."
0:38:52,0:38:53,U mojim mi...
0:38:55,0:39:08,"nešto mi je daleko lakše moj mozak da racionalizira da sam ja kriv, da sam ja taj koji je bad guy ovdje sad, ovaj sad, u 37."
0:39:08,0:39:09,godini.
0:39:10,0:39:11,Mnogo je lakše spolja.
0:39:11,0:39:14,Okretati ti prst nego vidjeti šta to ne valja s tobom.
0:39:15,0:39:17,Zašto je to nemir u tebi?
0:39:18,0:39:21,"Taj nemir je tu samo iz jedne razloga, a to je da te oslobodi."
0:39:21,0:39:24,"Tako da ja sam tu, samo da te oslobodim."
0:39:24,0:39:25,To nema veze sa mnom.
0:39:27,0:39:28,Ja ništa ne radim.
0:39:29,0:39:30,A ti se pritiš u krug.
0:39:31,0:39:35,Što je onda iz tvoje perspektive trenutno ultimativna vrijednost?
0:39:35,0:39:37,"Da li je to sloboda, da li je to mir?, da li je to."
0:39:39,0:39:40,Što je to točno?
0:39:40,0:39:40,To.
0:39:42,0:39:44,"Zdravlje, on uždišni mir i radost."
0:39:45,0:39:46,Jako jednostavno.
0:39:48,0:39:50,"Već ponovljamo, treći put."
0:39:50,0:39:54,I onda šta bi mudrost uradila za to u najmanju od 20 godina?
0:39:56,0:39:56,Ništa.
0:39:56,0:39:58,Ako mu treba zagledlje i tu se.
0:40:00,0:40:01,Ne trebamo teorije.
0:40:03,0:40:04,Dige ego štit.
0:40:05,0:40:06,Ne trebamo pomoć.
0:40:07,0:40:09,"Uloga spasio se, davno sam izašao iz toga."
0:40:10,0:40:12,Nije spreman da pita za pomoć.
0:40:13,0:40:16,"Agresivnije je go, ovdje je go."
0:40:19,0:40:21,"Ako ovako liku mu treba zagledati, tu se."
0:40:22,0:40:24,Kako donosiš odluku što ćeš raditi u danu uopće?
0:40:25,0:40:36,"Kako ćeš onda ako nemaš nekakav cilj ili ako je cilj možda ono unutarnji kompas traži idem prema slobodi, idem prema miru, idem prema zdravlju."
0:40:38,0:40:50,"Možeš zapravo sve te vrijednosti od slobode, od mira, od zahvalnosti, čega god možeš zapravo svesti pod prošireno zdravlje."
0:40:50,0:40:52,Ti si se krenio baviti zdravljem.
0:40:53,0:40:57,Na početku svoje karijere sad pričaš samo zapravo o proširenom zdravlju.
0:40:58,0:40:58,Evo upravo to.
0:40:59,0:41:01,Ono što sam ja krenuo da pričam je o čovjeku.
0:41:02,0:41:03,Ne pričamo o životinjama.
0:41:03,0:41:03,Ne znam.
0:41:04,0:41:04,Stvarno ne znam.
0:41:06,0:41:08,Kako ti je to teško od ternara?
0:41:09,0:41:17,"Pa vidi, ovo je sad što pričamo, sad smo malo otišli u taj nivo duše i onda pričamo o tom nekom, ajde kažem, iskustvu i putu i svrsi i službi i tako dalje."
0:41:17,0:41:21,"Kad se vratimo na materijalni nivo, ja sam isto kao i ti, kao i svi ostali, kao svi smo isti."
0:41:22,0:41:24,"Imamo zadatke, imamo misije, imamo projekte, imamo."
0:41:24,0:41:26,te imamo igricu da si igramo.
0:41:27,0:41:33,"E sad samo više u toj igrici ne igramo samo da bi nešto ostvarili, nego sada igramo i da bi nešto naučili."
0:41:34,0:41:34,Usput.
0:41:35,0:41:43,"Kad znaš da te svaka platforma uči nekoj temi, nešto što te pika malo, nešto što ti malo nosi neki stres, nervoziju itd."
0:41:44,0:41:50,"Super, daj mi sadržaja da naučim i o tom nivou duše, ali ajde usput materijalno i da igramo igricu."
0:41:50,0:41:58,"Jer onda ideš svjesno više u smjeru izlaska iz zone komfora, ideš u nekakav strah, u razvoj, u razvoj."
0:41:59,0:42:01,"Da, to je vrlo jasan odgovor."
0:42:02,0:42:07,Nebela širenje ovih ideja bila jedna od strahova?
0:42:08,0:42:09,Apsolutno da.
0:42:09,0:42:09,Uf.
0:42:10,0:42:12,Kako sam ja da pričam o ovome?
0:42:13,0:42:14,Kompleksni žebranosti.
0:42:15,0:42:18,"Cijelo život, pa pogledaj mi Instagram, 251 pratioc."
0:42:20,0:42:25,"Došao sam na ovaj svet, vidim me malo, vidim tata, samo mi treba neko da me gleda."
0:42:25,0:42:31,"Nevidljiv, kompleksni žebranosti, nedovoljnost, ogromno izražena."
0:42:32,0:42:35,Ta nedovoljnost se pretvorila onda u sportski performanse.
0:42:35,0:42:37,"Idem se dokazivati, imam dovoljno."
0:42:38,0:42:40,Onda se pretvorilo u platformu društvenih mreža.
0:42:40,0:42:42,Idemo se dokazivati da sam ja dovoljan.
0:42:43,0:42:43,Vidite me svi.
0:42:44,0:42:56,"Kad sam ja otkrio šta se tu nakupilo, neki četvrti milijuna ljudi, što sam se prilično dokazao svima, onda sam ja uvozio šta u radi ovaj strah, Bog teme se, šta u radi ovaj strah, dokle sam ja došao."
0:42:56,0:42:58,"I onda je prva reakcija, briši Instagram."
0:43:01,0:43:04,"Ali da li bi to onda bilo, što mi kažemo, završeno?"
0:43:05,0:43:06,Završena lekcija.
0:43:06,0:43:08,Ne bi iz disbalansa u disbalans.
0:43:08,0:43:09,Onda bežimo u drugu stranu.
0:43:11,0:43:12,Šta je mudro?
0:43:12,0:43:14,Šta bi ljubav radila?
0:43:14,0:43:19,"Šta bi radio iz Nagege, nastavio da koristim tu platformu koju sam izgradio iz straha, ali sad i iz Nagege."
0:43:20,0:43:22,"Ajmo da širim reči, koja god je."
0:43:23,0:43:24,"Ali, trenutno je ova."
0:43:25,0:43:27,I mnogo mi je hrabrosti trebalo da pričamo o tome.
0:43:27,0:43:36,"Sa možete samo da se staviš u uga od čoveka, kao što sam ja, koga vuče ovo nešto i kao sad."
0:43:38,0:43:42,Ajmo da pričamo o strahu od nedovoljnosti.
0:43:45,0:43:48,"A vidiš ovako, iluziju tvoju."
0:43:49,0:43:50,"Koja uopće nije iluzija, by the way."
0:43:51,0:43:55,Nego postoji jedno stotisada ljudi koji umiru od smijeha.
0:43:57,0:43:58,Koji umiru od smijeha.
0:43:59,0:44:02,"Ali onda postoji jedan koji kaže, čekči, ajde pogledaj do kraja."
0:44:04,0:44:08,"Učuješ, ali ima, ali sam se ja identificirao ovdje."
0:44:10,0:44:11,Ja nisam znao da sam ja u ovoj iluziji.
0:44:12,0:44:13,Ja nisam znao da sam nedovoljan.
0:44:14,0:44:16,A ja to radim kroz roditeljstvo.
0:44:16,0:44:17,A ja to radim kroz posao.
0:44:19,0:44:23,"Aha, čekaj, sad znam šta treba doraditi."
0:44:24,0:44:28,"U roditeljstvu postoji postoje granice, u poslu da skrenem, znam točno šta je za mene."
0:44:31,0:44:36,"Što je najbolje, taj ni ne zna da je ovo iskrbila."
0:44:36,0:44:37,Što je najbolje?
0:44:38,0:44:38,Što ne zna da je to.
0:44:39,0:44:41,Da je iskrbila recimo ovaj podcast.
0:44:42,0:44:43,To je najbolje.
0:44:43,0:44:44,To je najveći Stefan.
0:44:45,0:44:48,Davanje je totalno bez da bilo šta dobiješ nazad.
0:44:48,0:44:51,I onda naučiš da ne očekuješ da dobiješ nazad.
0:44:52,0:44:55,I onda naučiš poslije toga da ti ne treba da dobiješ nazad.
0:44:57,0:45:01,"Daješ, ovi se smeju, ja kažem, i ja bih se smejaoo momci."
0:45:02,0:45:03,I ja bi umro od smeha.
0:45:04,0:45:04,Stvarno.
0:45:05,0:45:12,"Ono u kafani, neko i ono sa društvom, rotacima, neko da me pusti na TV-u, mi na osmom pivu, ja bi umro od smeha."
0:45:14,0:45:17,Ali se pojavi ta osoba koja stvarno nešto promjeni.
0:45:18,0:45:19,"Onako, inspiriruje se ona."
0:45:19,0:45:23,"Mislim, sve su ovo kolektivne teme i svi smo jedno."
0:45:24,0:45:26,Tako da je itekako moja priča i tvoja.
0:45:27,0:45:28,I obrnuto.
0:45:29,0:45:37,"Pada mi na pamet nekakvi termini, kaže virtual signaling ili status signaling."
0:45:38,0:46:06,"Prevedeno recimo na hrvatski ili srpski bi bilo kako, znači signaliziranje nekakvih vrlina ili signaliziranje nekakvog statusa jer ove stvari o kojima mi sad trenutno razgovaramo su baš onako teme privilegije, znači netko tko je u materijalnoj borbi vjerojatno teško može razmišljati o tome."
0:46:07,0:46:19,"Onda opet imam iskustvo sa druge strane i putovanja po zemljama koje su izrazito siromašni, puno siromašniji nego države gdje mi živimo, gdje se mi sad trenutno nalazimo."
0:46:20,0:46:22,"Pa vidimo osmijehe na licu, pa vidimo."
0:46:23,0:46:25,"Mislim, vjerojatno nisu osmijehe po cijele dane, ali."
0:46:25,0:46:27,Ali osjećajš nešto drugačije.
0:46:28,0:46:30,"Bio sam u Brazilu, vrhunsku iskustvo."
0:46:31,0:46:38,"To je ono, svi imamo svoje lekcije, zbog toga je jedan savjet za jedne ljude pogrešan za druge."
0:46:38,0:46:40,Evo sad da uzmemo to kao primjer.
0:46:40,0:46:49,"Ono što je nama je, aj kažemo, Evropa, sistem, sve je sistematizirano, ali šta nam fali, nešto nam ta rado."
0:46:49,0:46:50,iz života beži.
0:46:51,0:46:53,Nema tu baš puno osmeha na Balkanu.
0:46:53,0:46:54,Nema baš puno empatije.
0:46:55,0:46:56,I tako dalje.
0:46:56,0:46:57,"Mislim, to smo svi osjetili."
0:46:57,0:47:01,"I onda odiš u Brazil, čovječe, ove psi grle na ulici."
0:47:01,0:47:05,Ja sam otišao u kafanu upoznao sto ljudi koji me u 99.
0:47:05,0:47:06,me zagrlili.
0:47:07,0:47:08,Baš im je drago što sam tu.
0:47:09,0:47:09,Zaista jeste.
0:47:10,0:47:12,A onda gledam šta je?
0:47:12,0:47:14,"A pazi, preživljavanje je mod, ozbiljan."
0:47:15,0:47:16,Ne samo preživljavanje.
0:47:16,0:47:17,Preživljavanje je plus opasnost.
0:47:18,0:47:20,Opasnost na svakom koraku.
0:47:20,0:47:25,"Čim sletiš, vidiš u Sauopavlu, prva stvar koju sam vidio je čovječe, te mogu."
0:47:25,0:47:28,Je li moguće koliko žica u ogradi ima električnih?
0:47:28,0:47:33,"Svaka, sve što ima zgrade, uvijek mora da bude zid od 5 metara sa žicom."
0:47:34,0:47:35,Odmah vidiš malo.
0:47:36,0:47:37,Kako su ti ljudi to?
0:47:37,0:47:40,"Tim ljudima, šta je lekcija?"
0:47:42,0:47:48,"Odgovornost, ući u sistem, postojati granice, izgraditi materialno."
0:47:48,0:47:49,To je njima lekcija.
0:47:50,0:47:51,Šta je lekcija zapadne Evrope?
0:47:53,0:48:04,"Pustiti, otkriti radost, piti malo, improvizirati, ne uklapati se toliko u šablone, u očekivanja roditelja, sistema, države, nacije."
0:48:05,0:48:06,Pustite malo.
0:48:07,0:48:14,"Znači pazi, skroz drugačiji savjet bi bio ispravan samo zato što su i drugačije prilike."
0:48:15,0:48:19,A ton kad i pričamo o nacijama može opet da se svede na individualno.
0:48:20,0:48:24,"Savjet za mene i za tebe je možda skroz drugačiji, ali bi bio ispravan."
0:48:24,0:48:25,Ali dijametralno suprotan.
0:48:25,0:48:27,"Ti se suprotstavlja, a ti sjedi tu."
0:48:28,0:48:28,Ti sjedi tu.
0:48:29,0:48:29,Da.
0:48:31,0:48:31,Recimo.
0:48:32,0:48:37,"Pogotovo kad bi, sad si uspoređivao recimo Hrvatsku i Srbiju sa."
0:48:37,0:48:44,"Sa Brazilom, pa si rekao, možda na našim prostorima treba malo više smijeha i opuštenosti."
0:48:45,0:48:51,"Kreativnosti, ali kad bi se mi usporedili sa Nijemcima ili sa Francuzima ili sa Englishom, onda smo mi i zadnji Brazilci odlični."
0:48:52,0:48:52,Mi nismo družili ljubavi.
0:48:52,0:48:56,"Da, čovječe, ovo je beograd, izlasci, ovo je ludilo, opuštenost."
0:48:57,0:49:02,"To ti je stvar, to je kolektivna svijest."
0:49:04,0:49:09,"To je ono kako mi vidimo, kad se nacije znaš i to je ono s kim se porediš."
0:49:10,0:49:13,Jer osjećaš sad u sebi dok priču o.
0:49:13,0:49:17,"Dok pričam o ovome, jer ja osjetim još uvijek dosta jako."
0:49:18,0:49:20,Ko smo razvojice da pričamo o ovim stvarima?
0:49:22,0:49:25,Dva radoznana lika koji su baš hrabri što pričamo o ovim stvarima.
0:49:28,0:49:29,To je baš prva pomisao koja je.
0:49:30,0:49:32,Je li čuoš i one druge misli?
0:49:33,0:49:34,Više ne.
0:49:34,0:49:35,Druge osjećaje.
0:49:35,0:49:35,Više ne.
0:49:36,0:49:37,Baš mi je drago što pričamo o ovome.
0:49:38,0:49:39,"Iskreno, baš mi je drago."
0:49:40,0:49:47,"Drago mi je da pričamo i o fitnessu i o zdravlju i o mišićima i o metaboličkom zdravlju i o kostima, o čemu god."
0:49:48,0:50:09,"Mnogo mi je drago, što vidim, što mi život pokazuje kroz iskustvo je da sada više, barem ljudima ovima što su na mom Instagramu, nije postalo im je čudno da pričamo o zdravlju."
0:50:11,0:50:15,"Okrenula se igrica, koja kaže što ti pričaš o treniranju?"
0:50:16,0:50:17,Pa ti pričaš o ovim pravim stvarima.
0:50:17,0:50:22,"Ej, kažem ček, opet, opet disbalans, pravim stvarima, definiš im pravi stvar."
0:50:23,0:50:24,Pa pravim stvarima je što stvarno pomažu ljudima.
0:50:25,0:50:26,Vi koliko si promijenio života?
0:50:26,0:50:29,"Ja kažem čekaj, sad smo samo, samo sam promijenio."
0:50:30,0:50:33,"Dakle, polako, ne prave, nepravedne, ne postoji."
0:50:34,0:50:38,O stvarima koji kad god pomognemo nekom to su prave stvari.
0:50:38,0:50:40,Iz moje perspektive ti si i dalje na istom pravcu.
0:50:41,0:50:44,"Opet ti kažem, meni je to zdravlje se samo širi."
0:50:44,0:50:44,"Vidim, da."
0:50:45,0:50:46,Širiš tu temu zdravlju.
0:50:47,0:50:47,Da.
0:50:47,0:50:50,I konačno si po meni to sve zdravlje.
0:50:51,0:50:53,Jako mi se sviđa ta perspektiva i slažem se.
0:50:54,0:51:09,"Ja uvijek kažem ljudima, ja pričam o čovjeku, krenuo sam od hrama koji nam je dat, zove se Telo, ušao sam jako duboko u to, priča sam dosta o tome, onda sam naišao na nešto što se zove mozak, neurologija."
0:51:09,0:51:13,"Kad sam vidio mozak koliko je povezan sa svim, onda sam se jako zainteresuo za mozak."
0:51:13,0:51:19,"Kad sam se zainteresuo za mozak, onda sam ušao pored neurologije u oblas psihologije koja me je uvijek interesovala."
0:51:19,0:51:22,Radio sam onaj diplomski rad na psihologiji.
0:51:22,0:51:28,"E onda kad sam vidio što su uvjerenje, iluzije, strahovi itd., onda sam jako duboko kao što sam ušao u telo, ušao u to."
0:51:30,0:51:35,"I onda kad uđeš u psihologiju, jedan dio procesa ti skrene u duhovnost."
0:51:37,0:51:41,E onda tu izlazimo iz nauke i ulazimo u filozofiju.
0:51:41,0:51:43,Posljednje je pravih pitanja.
0:51:44,0:51:47,"E, tu smo sada."
0:51:47,0:51:53,"I onda kada dovoljno dugo uđeš, onda teoretiziraš, teoretiziraš, hoćeš da budeš važan i u tom djelu."
0:51:55,0:51:57,I u onom trenutku onda počeš da živiš što?
0:51:58,0:52:01,"Kad počeš da živiš što, vidiš šta ti život pokazuje sljedeće."
0:52:02,0:52:12,"Vidiš šta ti stomak pokazuje, koji ti osjećaj, kako se mijenja životni sadržaj, kad se ti mijenjaš, koji ti ljudi dolaze, novi."
0:52:14,0:52:15,Kakav ti partner dolazi novi?
0:52:16,0:52:23,"Kakva ti bebica dolazi, posao, prilike, otvaraju se vrata, lepo je."
0:52:24,0:52:26,"Ali, je pretoga morao biti čim hrabrosti."
0:52:28,0:52:30,"Nije bilo lako, vjerujte mi."
0:52:30,0:52:31,Samo se stavite.
0:52:31,0:52:34,Pozivam sve da se stavimo u ovu situaciju.
0:52:34,0:52:38,"Samo da vidimo, da postavimo stvari u pravu perspektivu."
0:52:39,0:52:44,"Da li bi neko izašlo i s mikrofonom to uradilo, to me brzo zanima."
0:52:45,0:52:46,Koja ti je najteža lekcija bila?
0:52:47,0:52:49,Najteža lekcija kada.?
0:52:50,0:52:51,U životu.
0:52:52,0:52:53,Najteža lekcija u životu.
0:52:54,0:52:59,"Jedna koja mi se izdvaja, koja mi je moj zakodama rekao, lekcija očekivanja."
0:52:59,0:53:00,Nekad sam ja bio isto.
0:53:00,0:53:04,Čovjek koji očekuje od drugih da bi uradio ono što bih ja radio za njih.
0:53:05,0:53:06,Sve jako teško.
0:53:07,0:53:08,Zato što ima puno razočarenja.
0:53:08,0:53:09,To je ono očekivanje.
0:53:10,0:53:10,Iluzija.
0:53:11,0:53:14,Koje su mi onda da sadržaj da izgubim mnogo ljudi.
0:53:14,0:53:15,Zato što sam očekivao od njih.
0:53:15,0:53:18,Da ću raditi ono što bih ja radio za njih.
0:53:18,0:53:20,I onda sve je to iluzija.
0:53:20,0:53:21,Da su ljudi ljudi.
0:53:23,0:53:24,Svako je drugačiji.
0:53:24,0:53:27,Zašto ja poredim nekoga sa sobom?
0:53:28,0:53:33,Zašto je moj megu lakše da napravi iluziju da je netko ovakav?
0:53:33,0:53:37,"Aha, meni je lakše da ja mislim da je netko ovakav, čekaj polako."
0:53:38,0:53:46,"E kad sam to razbio, kad sam tu iluziju sklonio, onda su počeli da mi dolaze drugačiji ljudi, ali sam ih ja onda vidio onakve kakve jesu."
0:53:47,0:53:48,A ne onakve kakve ja želim da budem.
0:53:49,0:53:50,Ali mnogo je teško bila ta lekcija.
0:53:51,0:54:07,"Kad izgubiš nekoga, najbolji prijatelj, pa djevojka, pa ljudi koji su ti tu od ne znam ja koliko godina, vezusi si i tako dalje, sve da bi te naučioilo jednu jako bitnu lekciju, a to je gledaj stvari onakve kakve jesu."
0:54:08,0:54:10,Nemoj da ulaziš u iluziju očekivanja.
0:54:11,0:54:12,Biti će bolna lekcija.
0:54:12,0:54:14,Neko ne voli da gubi ljude.
0:54:17,0:54:20,Učimo iz tuđih iskustava ili samo iz naših?
0:54:21,0:54:21,Dobro pitanje.
0:54:22,0:54:26,Ono što psihologija kaže da možemo naučiti iz tuđih i tekako.
0:54:27,0:54:30,Ja bih rekao da možemo da naučimo iz tuđih da uđemo u jesnoću.
0:54:32,0:54:33,Da teoretičimo.
0:54:34,0:54:34,Ti ja.
0:54:35,0:54:36,I sad tebi poslao ovog razgovora.
0:54:37,0:54:42,"Evo još koliko imamo vremena, podkaste, i sad jedna rečenica odzvoni, pomirite."
0:54:44,0:54:47,"Preskoči malo, srce uđe u emociju."
0:54:47,0:54:50,"Dođeš kući, pitaš se zašto sam ja to?"
0:54:50,0:54:53,"Mislim, to je ljudi koji su svjesni moje pitanje, metakognicija."
0:54:54,0:54:55,Zašto sam ja pomislio na to?
0:54:56,0:54:57,Zašto sam ja odrago tako?
0:54:57,0:54:58,Zašto je moja emocija tu?
0:54:59,0:55:03,"E sad, ono što smo pričali, to i dalje ništa ne znači."
0:55:03,0:55:07,"A koja dođe situacija, e šta bi mudrost uradila?"
0:55:07,0:55:13,"Aha, to, a, prilično sam siguran iz jasnoće, mudrost mi kaže tamo je teško, ali."
0:55:13,0:55:24,"koliko ti je život puta pokazao da si baš otišao tamo gdje je lako i šta se desilo posle, možda je sad način, možda je sada kapaciteta, možda imaš kapaciteta, možda si sad spreman."
0:55:24,0:55:28,"Uđeš u teško, sloboda, mir, tako znaš da je."
0:55:29,0:55:32,"Ali taj čin hrabrosti, to je tvoje iskustvo."
0:55:32,0:55:34,"Ta mudrost, to je tvoje iskustvo."
0:55:34,0:55:36,Jasnoća možda bude i tuđe iskustvo.
0:55:36,0:55:38,Možda protekne iz ovog razgovora sad.
0:55:39,0:55:42,To ti dođeš sa novim nivom jasnoće za tvoj život.
0:55:42,0:55:44,"Mi sad pričamo o mom, to je itekako tvoj."
0:55:45,0:55:47,Zato ja kad pričam o ovim stvarima.
0:55:48,0:56:09,"Niti nudim savjet, niti nudim znanje, niti pomažem bilo kome, nego pričam o svojim iskustvima, kad me neko pita dobijem dozvolu da pomognem i živim to, spog toga inspiririšim druge ljude da i oni žive to."
0:56:10,0:56:11,To su samo tri stvari koje ja radim.
0:56:13,0:56:17,"Ne radim terapije, ne radim savjete, ne edukujem ljude."
0:56:19,0:56:20,Dijelim svoje iskustvo.
0:56:20,0:56:31,"Dijelim svoje iskustvo.vo, a dosta sam ga dugo odbio i život mi je pokazivao posljedice."
0:56:32,0:56:38,"Ispraznost, nedovoljnost, nešto nije tu, Vinko."
0:56:40,0:56:42,Ne osjećam se baš najbolje.
0:56:43,0:56:45,Ja se isto osjećam ugodno u toj poziciji.
0:56:46,0:56:51,"Dijelit ću svoje iskustvo, nemam nikakav problem s tim, ali iz nekog razloga imam problem s tim."
0:56:52,0:56:56,Nemam problem s tim da naučim nekoga kako koristiti 4GPT ili klod.
0:56:58,0:56:58,Razumijem.
0:57:00,0:57:03,Ali imam nekakav problem s tim da kažem ljudima kako da žive.
0:57:04,0:57:04,Ja isto.
0:57:04,0:57:09,"Razumiješ, ali mogu podijeliti svoje iskustvo, pogotovo onome koga želi čuti."
0:57:09,0:57:23,"Naravno, nekad, još dan danas radim tu grešku da možda dijelim iskustvo ljudima koji ga ne žele čuti ili da pomažem ljudima koji ne traže pomoć ili se čini da trebaju pomoć, ali oni je zapravo ne traže."
0:57:23,0:57:24,Velike jasnoće.
0:57:25,0:57:28,"Radio sam ovaj te greške, radim ih i dalje."
0:57:30,0:57:44,"Ali me zanima, ovo tvoje, ajmo prvo, da li misliš da ako dođe ti trenutak ili osjetiš da je nekakav poziv da doslovce ljudima govoriš kako da žive?"
0:57:46,0:57:46,Nemam potrebu više.
0:57:47,0:57:48,Ne imaš potrebu?
0:57:49,0:57:53,Kako imaš mišljenje prema takvim ljudima koji govore ljudima kako da žive?
0:57:53,0:57:54,Samo su u procesu.
0:57:54,0:57:55,Da dođe do ovoga procesa.
0:57:56,0:57:56,"Da, da."
0:57:56,0:58:00,"No, mislim moraš mnogo dugo da govoriš da bi ti život onda dao posljedice toga."
0:58:01,0:58:05,"I da živiš sa cenom, a to je da izgubiš te ljude kojima govoriš što ti nisu tražili pitanje."
0:58:05,0:58:08,"Kad puno ljudi izgubiš, uđeš u veliku patnju."
0:58:08,0:58:09,Niko ne voli da gubi ljude.
0:58:09,0:58:12,U jednom trenutku te patnje imaš dovoljno.
0:58:13,0:58:16,Snage da okrenješ prst prema sebi i da kaže možda je do mene.
0:58:16,0:58:20,"Aha, čekaj, možda ja da ne govorim ljudima kako žive."
0:58:21,0:58:23,Možda da čekam pitanje.
0:58:26,0:58:29,"I onda kad to kažeš, uču, čekaj, mnogo je teško čekati pitanje."
0:58:29,0:58:31,"Čekaj, ja znam kako ti pomogne."
0:58:31,0:58:32,Ja to vidim.
0:58:33,0:58:34,Mnogo pre tebe.
0:58:34,0:58:35,I to je istina.
0:58:36,0:58:38,"Ali sad moramo, čekaj."
0:58:38,0:58:38,Zašto?
0:58:38,0:58:39,Šta mi je život pokazao?
0:58:40,0:58:43,"Ako ti ja kažem, prvo ti ćeš stvoriti otpor prema meni."
0:58:43,0:58:44,Drugo ućiš u emociju.
0:58:45,0:58:47,"Treće, ja ništa neću uraditi."
0:58:47,0:58:49,Ča ću ti odmah jer to je bilo tvovoja lekcija.
0:58:50,0:58:53,"Ako me ti pitaš, u kapacitetu si da ti pomogne."
0:58:53,0:58:57,Svako ko je čekao je bio pitan jer ima energiju tu.
0:58:59,0:59:03,"Ja kad sam bio u savjetu davnoj ulozi, nikome živi nije pitao."
0:59:03,0:59:03,Konzultant.
0:59:05,0:59:06,Konsiljeri.
0:59:06,0:59:09,"Sada kad sedim i čutim, sad me svako pita."
0:59:10,0:59:16,"Sedim i čutim i ljudi dođu i kažu, eh, baš sam te ote pitam, sluš."
0:59:17,0:59:18,Da li sad?
0:59:18,0:59:20,"Tako da, to je večno."
0:59:20,0:59:23,"Vidite, ništa nije pogrešno, to je onaj deo, ništa nije pogrešno."
0:59:23,0:59:25,Ja sam bio taj čovjek i došao.
0:59:25,0:59:25,sam ovdje.
0:59:26,0:59:28,Bez da sam bio taj čovjek ne bi bio ovaj.
0:59:28,0:59:32,Da li je ti ispravno da daješ savjete ljudima?
0:59:33,0:59:34,A iz ove perspektive nije.
0:59:35,0:59:37,Treba naučiti da čekaš.
0:59:37,0:59:40,Ali kako onda da nauči ako ne daje savjete i ne izgubi puno ljudi?
0:59:42,0:59:42,Nemoguće.
0:59:43,0:59:44,Ti si mogao da mi kažeš što.
0:59:44,0:59:47,I da me uveduš u jasnoću i da mi skratiš taj put.
0:59:47,0:59:49,Ali sam ja svakako morao da sedim tu i da puštam.
0:59:53,1:00:00,"Da li je onda pitanje kad govorimo o ravnoteži, recimo, da li je pitanje ravnoteže?"
1:00:01,1:00:02,"Dobro reč, zanimljivo."
1:00:03,1:00:03,Ravnoteža.
1:00:03,1:00:04,"Ravnoteža, balans."
1:00:05,1:00:07,"Balans je više nekako, čini mi se, u ovom anglicizmu."
1:00:08,1:00:10,"Jeste, ali ravnoteža je motorička sposobnost."
1:00:12,1:00:13,"Pa, dobro, i balans je šta ne?"
1:00:15,1:00:20,"Bravo, da, ali neki kolektivni dogovor je malo više na strani ravnoteže, motorička sposobnost."
1:00:20,1:00:21,Balans je kao nešto.
1:00:21,1:00:33,"Slušaj, slušajući tebe, tu je tvoja forma, tvoja balans, ali nećeš vjerovati, prije 15-20 godina sam si ja zapisao vrijednosti koje ja želim njegovat kao osoba."
1:00:33,1:00:34,Prva je bila balans.
1:00:35,1:00:37,"Prije 15-20 godina, da."
1:00:37,1:00:38,"Bravo, šta je to?"
1:00:39,1:00:40,značilo za tebe?
1:00:41,1:00:42,Šta je tada značilo?
1:00:43,1:00:44,Možeš da se sjetiš.
1:00:50,1:00:52,Dosta različito od onoga što znači danas.
1:00:52,1:00:57,"Pa ćemo sad vidjeti šta za tebe to znači, ali evo podijelit ću s tobom isto."
1:01:00,1:01:38,"Prije tih 15-20 godina je značilo doslovce taj nekakav osjećaj da imam dovoljno, recimo, više se odnosilo na nešto logistički, možda i kroz nekakav osjećaj ravnoteže unutarnji, da li sam dovoljno vremena recimo posvetio svojoj karijeri, svojoj disciplini, nekakvim zadacima, da li sam dovoljno vremena posvetio svojoj djevojci tada, obitelji, prijateljima, svojim hobijima, svom tijelu, sve je nekako bilo pitanje te logistike svih tih segmenata svog života."
1:01:39,1:02:03,"To se recimo prije deset godina promijenilo na način da sam shvatio da to ne može biti u svakom trenutku, ono je vaga na pola, da sam znao imati onda periode gdje sam tri mjeseca radio od jutra do sutra, a onda se to kasnije nekako izbalansiralo i nisam se krivio zato što sam tri mjeseca radio od jutra do sutra što bi prije radio."
1:02:06,1:02:13,"Počeo sam proučavati, znači vrlo slično samo na nekom većem vremenskom opsegu tu ravnotežu."
1:02:14,1:02:22,Da li promatraš sebe ili svoju okolinu u okviru mjesec dana ili godinu dana ili deset godina nije ista stvar.
1:02:24,1:02:25,A mislim taj.
1:02:26,1:02:27,A danas?
1:02:27,1:02:32,"Danas je, ne razmišlja samo o ravnoteži ili u balansu na taj način, nego..."
1:02:32,1:02:43,nego razmišljam doslovce dogodi se nekakva situacija.
1:02:45,1:02:54,"I kada razmišljamo o balansu razmišljamo o tome kako ću se ponašati, kakvu ću reakciju imati."
1:02:57,1:03:01,Jer nekad je reakcija potrebna koja je.
1:03:02,1:03:05,Evo ti najbolji primjer pošto obojice imamo djecu.
1:03:07,1:03:11,"I sad je ono pitanje ljubavi, odgoj."
1:03:12,1:03:24,"I sad moj sin radi neku pizdariju, ja mu sigurno neću doć i reći sine slušaj, ajde dođi ti do tate, imaš samo tripet godina ali razumiješ ti mene sigurno."
1:03:24,1:03:25,Taj da i ti po pričamo.
1:03:28,1:03:34,"Ako je situacija opasna reagirat ću direktno, reagirat ću glasno, reagirat ću postavit ću granicu."
1:03:35,1:03:48,"es druge strane, ću reagirati ako vidim da postoji prostora sa pričom, sa nježnosti itede I na taj način razmišljamo o balansu isto, o ravnoteži."
1:03:48,1:03:48,To je istina.?
1:03:50,1:03:50,Da.
1:03:51,1:03:52,Kako ti razmišljaš o ravnoteži?
1:03:53,1:03:54,Balans je cjelovitost.
1:03:54,1:03:54,Biti slobodan.
1:03:55,1:03:56,Moći jedno i drugo.
1:03:57,1:03:59,Ne biti vezan za bilo šta.
1:04:00,1:04:01,"Znači, mogu, a ne moram."
1:04:01,1:04:03,"Znači, mogu da pričam, a mogu da postim granice."
1:04:04,1:04:06,"Šta bi mudro suravljalo tu, šta je ispravno."
1:04:06,1:04:10,"Aha, nemam sad baš kapacitet da me sluša, da ja teoretičem."
1:04:10,1:04:14,"Znači, moram da pokažem primjerom, da inspirujem primjerom i postim jasne granice."
1:04:16,1:04:18,"Ali, u balansu sa."
1:04:19,1:04:21,Nisam roditelj koji ima samo jednu opciju.
1:04:22,1:04:24,Da svaki put mora da pokaže.
1:04:26,1:04:36,"Nego mogu i da pričam., da budem mekan, da prihvati, da im ženski aspekt dođe, strpljenje, da pusti, da pričam."
1:04:36,1:04:41,To je pitanje zapravo ono imati kapacitet za oboje.
1:04:41,1:04:43,"Tako je, to je balans."
1:04:44,1:04:49,"A da bi to uradio, znači mi svi dolazimo iz jednog ili drugog aspekta, trebati vještine ovog drugog."
1:04:49,1:05:05,"Znači, jako sam cijelu život u muškom aspektu, u agresivnom megu, klasičnom balkanacom, vrlo praktično dominantan, e, jako uđem u ženski aspekt i naučim da puštam, da slušam, da razumem."
1:05:05,1:05:21,"Da razumijem, da sedim, da ne reagujem i onda to implementiram i tegrišem, ali ne zaboravim da kontrolišem, da sam prodoran, da mogu da postoje neke kako granice."
1:05:22,1:05:31,"Eto je balans, zato što sam kompletan, zato što onda imam priliku da odlučim šta će da budem, šta je mudro u toj situaciji."
1:05:32,1:05:42,"Znači u balansu imam vještine i sa tim vještinama mogu da raspolažem, a ne imam samo jednu stranu, to je uvijek objašnjavam situaciju sa obračunom."
1:05:42,1:05:50,"Neko ti svirne, ti kad imaš samo jednu opciju koju mi svirne, on me prodrme, ego, on me mora da se potuče."
1:05:51,1:05:55,"Neko svirne i on okreće glavu, mora da pobegne."
1:05:55,1:05:58,"Ovo izlazi iz auta, on zaključava, auto mora pobegnuti."
1:05:58,1:05:59,Šta bi bio balans?
1:06:01,1:06:02,Da možeš jedno i drugo.
1:06:03,1:06:10,"I da onda uđeš u mudrost i da kažeš, aha, sad je možda pametnije ovo, a sad je možda pametnije ovo."
1:06:10,1:06:11,Ali mogu i jedno i drugo.
1:06:13,1:06:16,"Ne moram da mu razbijem glavu, a ne moram ni da pobegne."
1:06:17,1:06:18,Ali raspolažem.
1:06:20,1:06:21,U balansu sam.
1:06:22,1:06:23,Dobra definicija.
1:06:23,1:06:25,"Ali isto ovo što si ti rekao, isto."
1:06:26,1:06:29,"Na ovom primjeru, ne znam da si primijetio, bukvalno ista definicija."
1:06:31,1:06:42,Bilo mi je značajna jedna izjava Jordan Petersona kad je ljudi pokušavaju pojednostaviti stvari pa onda kažu budi dobar.
1:06:42,1:06:43,"Ne, taš ne znam i koja."
1:06:44,1:06:44,Zašto ćeš neko reći?
1:06:45,1:06:45,"Da, taš ne znam."
1:06:47,1:06:50,Lako je biti dobar ili zapravo nije to dobrota ako si slab.
1:06:51,1:07:04,"Ako imaš kapacitet i za destrukciju, ako imaš kapacitet i za mir i uvažavanje, kolaboraciju, nježnost kako god to nazvati., tu drugu polarnost, onda ti možeš donijeti odluku."
1:07:04,1:07:07,"A ovo niješ drugog izbora, ali jednostavno to je jedina stvar koju imaš."
1:07:08,1:07:12,"Samo si slab izbog svoje slabosti, samo možeš da reguliš i strah."
1:07:12,1:07:17,"Koji god da je, da uništiš ili da se povučeš ili da budeš uništen."
1:07:18,1:07:22,"Evo ti još malo, ajde kažem, ovo je baš medieval primjer od Jr."
1:07:22,1:07:26,"Petersona, ali evo ti u svakodnevnom životu, biti dobar čovjek."
1:07:29,1:07:32,"Moramo priznati da je jedna kolektivna tema, ali tako, svi bi da budemo dobri ljudi."
1:07:33,1:07:36,"Ono što je, gdje je balans, ja moram da budem dobar čovjek."
1:07:37,1:07:41,"Po cijenu svega, da napravim iluziju u sebi da sam dobar čovjek."
1:07:42,1:07:45,"Da se lažem, da ubeđujem druge ljude da sam dobar čovjek."
1:07:45,1:07:46,Samo da se moje goshiće dobro.
1:07:47,1:07:48,"Ako sam ja, ako nisam dobar čovjek."
1:07:48,1:07:50,"Da je bože, da mogu biti loš čovjek."
1:07:50,1:07:52,"E, to bi bio vrlo velik disbalans."
1:07:52,1:07:53,Mislim da svi osjećamo to.
1:07:54,1:07:54,Šta bi bio balans?
1:07:55,1:07:57,Da ti možeš da budeš loš čovjek.
1:07:58,1:08:01,Ali da svaki dan biraš da si dobar čovjek.
1:08:02,1:08:03,Ali imaš opciju.
1:08:04,1:08:06,"Nije da moraš iz straha, nego možeš iz snage."
1:08:07,1:08:08,Jako bitna razlika.
1:08:08,1:08:12,"Isto svijetu izgleda, ali tebi je skroz drugačije."
1:08:13,1:08:14,Skroz drugačije.
1:08:14,1:08:16,I onda svaki dan biraš da možeš.
1:08:17,1:08:22,Ili imaš nekakav proces kako dolaziš do promjene?
1:08:23,1:08:35,"Recimo, evo ja i ti sad pričamo o nekim stvarima i sigurno ćeš i ti i ja nakon ovoga ćemo imati, bilo bi lijepo da imamo neke haha trenutke, da smo rekli nešto korisno jedan drugome."
1:08:37,1:08:40,Kako izgleda onda taj proces dalje za tebe?
1:08:40,1:08:46,"Možda si pročitao nešto, možda ti je neko nešto rekao zato što si imao pitanje, možda ti je rekao da nisi imao pitanje, da nisi ni tražio pomoć."
1:08:47,1:08:53,"Evo ti konkretan primjer, jedan iz mog iskustva na onom životu, koji je jako mekan primjer i slaba, ali."
1:08:53,1:08:54,razumijeće ljudi.
1:08:54,1:08:55,Podkasti.
1:08:55,1:08:56,Zovu me na podkast.
1:08:59,1:09:01,Zovu me ljudi koji su tek pokrenuli podkast.
1:09:01,1:09:04,Imaju dva pregleda i neke drugačije teme.
1:09:04,1:09:06,Ja baš i ne osjećam da trebam to.
1:09:06,1:09:08,"Ne osjećam, nema veze, dva pregleda."
1:09:08,1:09:10,Ne osjećam da trebam to.
1:09:11,1:09:11,Zovu me.
1:09:12,1:09:14,"Ja kažem, može."
1:09:16,1:09:18,"Kažem, može 30 puta."
1:09:19,1:09:20,31 put.
1:09:20,1:09:21,"Kažem sebi, čekaj."
1:09:23,1:09:23,Zašto može?
1:09:25,1:09:26,Da se osjeća dobro.
1:09:27,1:09:28,Ne baš.
1:09:29,1:09:30,A zašto onda može?
1:09:30,1:09:39,"Aha, a zato što su one druge strane, čak i ako ti odbiješ nekog, onda ćeš da im potvrdiš iluziju o tebi da si nadobudan, da nisi loš čovjek."
1:09:42,1:09:44,A ti to radiš zbog toga da budeš dobar čovjek.
1:09:45,1:09:46,"I strah, prihvateš sve."
1:09:47,1:09:48,Da neko ne bi rekao nešto.
1:09:49,1:09:51,"Dobro, 31."
1:09:51,1:09:51,poziv.
1:09:52,1:09:53,"E, ne može."
1:09:54,1:09:54,Zašto ne može?
1:09:55,1:09:56,Zašto je to moj rad trenutno?
1:09:57,1:10:00,"I oče je kažem ne može, zato što ne osjećam da trebam tu."
1:10:00,1:10:01,"Nem osjećaj, nem lepo osjećaj."
1:10:02,1:10:07,"Ja oče da radim nešto gdje sam baš u dobrom osjećaju, a ne u lošem osjećaju."
1:10:07,1:10:09,On kaže iznenađenje.
1:10:09,1:10:15,"s druge strane, kaže potpuno te razumijem i ja imam isto tako neku platformu te obećam na ovom odgovoru."
1:10:15,1:10:18,"A moj ego kaže, pa on nije bio toliko teško kao što sam mislio."
1:10:20,1:10:21,Ja sam mislio drvlje i kamenje s druge strane.
1:10:22,1:10:25,"Da se vratimo na ono što ti kažeš, autentičnost, iskrenost."
1:10:26,1:10:27,Ali to je iskreno bilo.
1:10:28,1:10:31,"Stvarno mi je teško ovo, ali stvarno puno radim na tome da ti kažem nemogu."
1:10:32,1:10:33,Zašto ne možemo do kraja reći sve?
1:10:34,1:10:34,Tako je.
1:10:34,1:10:35,Ne osjećam se dobro prema vama.
1:10:36,1:10:36,Nemogu.
1:10:39,1:10:44,Mnogo puta sam pristao na nešto što baš nisam imao osjećaj da ti mislio sam ja dobar čovjek.
1:10:44,1:10:45,"E, na taj način učim."
1:10:46,1:10:49,Pitanje je bilo kako učiniš procese.
1:10:49,1:10:52,"Evo ti Englu primjer koji, mislim, svi imamo svoje primjere."
1:10:52,1:10:53,"Nađite svoje, ja pozivam publiku."
1:10:53,1:10:54,Kako dođeš do toga?
1:10:55,1:10:59,"Da li svjesno u danu možda odvojiš si vrijeme ili imaš, ne znam, treniraš?"
1:11:00,1:11:05,"Možda u teretani si pa ne slušaš glazbu, možda imaš prazno hodanje da se tako izrazim."
1:11:06,1:11:08,Čistiš si garažu u glavi da se tako izrazim.
1:11:10,1:11:10,Da li imaš to?
1:11:12,1:11:14,Da li se baviš tehničkim prilagodbama?
1:11:16,1:11:17,Jako je dobro pitanje.
1:11:17,1:11:19,"Retrospekcija neka što god, dnevnik."
1:11:20,1:11:24,"Prvo je bilo samo kroz bol, znači jednom odbijem."
1:11:24,1:11:28,"To jest da jednom prihvatim, drugi put, treći put, i samo mi je veći bol."
1:11:28,1:11:29,Pojača se.
1:11:29,1:11:31,"Kad mi bude dosta boli, ja kažem što me boli."
1:11:31,1:11:32,Aha.
1:11:32,1:11:33,I onda imam ahmo menadžment.
1:11:33,1:11:34,"Aha, što me zaboli."
1:11:35,1:11:35,"Uf, ništa."
1:11:35,1:11:37,"Gvozdana vrata, mora da bude."
1:11:38,1:11:41,Ali sada imamo upaljenu lampu.
1:11:43,1:11:45,Imamo upaljenu lampu koja se zove metakognicija.
1:11:45,1:11:46,Vidim da se zapisao.
1:11:46,1:11:50,"Znači, metakognicija je posmatram svoje misli, svoje reakcije, svoje emocije."
1:11:51,1:11:51,"Uživo, live."
1:11:52,1:11:54,"Ti mi sad nešto kažes, e, nema njemu je glupsi."
1:11:55,1:11:59,"Ja ovako kažem, aha, unutrašnji mir."
1:12:01,1:12:01,Onde je tako.
1:12:02,1:12:03,A kažes.
1:12:03,1:12:05,"A kažeš, nema nija, nisi jak."
1:12:06,1:12:07,"Čekaj, briga ako nisam jak."
1:12:08,1:12:09,"Čekaj, briga znaš koliko ja."
1:12:10,1:12:13,"A, mete kognicija, što si odrekao tako."
1:12:15,1:12:15,A to je tvoja tema.
1:12:16,1:12:19,"A, a zašto misliš da je to istina?"
1:12:20,1:12:20,Nisi jak.
1:12:21,1:12:23,Zašto ti je to važno?
1:12:23,1:12:26,"Aha, zato što kad si jak, onda si dovoljan."
1:12:26,1:12:30,"Znači, tebi treba snaga da ti budeš dovoljan sebi i drugim ljudima."
1:12:30,1:12:33,"Znači, zavisiš od toga o tvojoj, koliko si jak."
1:12:34,1:12:36,"Da, e to je istina, druže moje."
1:12:36,1:12:37,Ko si ti ako nisi jak?
1:12:38,1:12:39,"Čekaj, polako nemoj."
1:12:40,1:12:40,Boli.
1:12:40,1:12:40,Tu sam.
1:12:43,1:12:43,A boli?
1:12:44,1:12:45,E onda baš to?
1:12:46,1:12:47,E onda ti je to tema.
1:12:48,1:13:17,"Znači vjerojatno je većina ljudi u nekakvom, da se najjednostavnije izrazimo u autopilotu, puno informacija, preplavljeni smo, konzumiramo sadržaj, duh skrolamo, svašta nešto radimo, prejedamo se, ja to zovem sve emotivne štake, a onda kroz te emotivne štake zapravo ne možemo i osjetiti tu suptilnu informaciju koju smo dobili, taj nekakav dar, recimo, koji smo dobili, nego tek možemo osjetiti kad baš ono dobimo šaku mu glavu."
1:13:18,1:13:20,"Shodnu nivou svesti.ijesti, onim razredima što smo pričali."
1:13:21,1:13:28,"U osnovnoj školi sam ja morao dobijem čekić u glavu, u srednjoj sam više nije čekić bio nego je prut, sada ne moram ni jedno ni drugo."
1:13:28,1:13:32,"Sad ja mogu da učim iz snage, ne mora patnja više da bude."
1:13:33,1:13:35,"Ne mora više, ali je dosta teško."
1:13:35,1:13:41,"Jer ti zad znaš što je ispravno, šta moraš da ureješ i tamo je najteže."
1:13:41,1:13:54,"Kada bi danas, recimo, ne znam kako ti danas dani izgledaju, kakav ti je životni stil, da li puno radiš, da li si puno u obavezama oko kuće, žena, djeca, obitelji itd."
1:13:58,1:14:13,"Takva dinamika životna, vrlo ubrzana, pitanje da li čovjeku može i sad uzmjena na vrh svega toga, onaj takozvani retrays kako to Amerikanci vole reći, što je većina ljudi u tome i dan danas."
1:14:14,1:14:22,Kako možeš zapravo osjetiti išta ako ne nađeš si prostora za to?
1:14:22,1:14:23,Ne možeš.
1:14:23,1:14:23,Kako ćeš?
1:14:24,1:14:24,Ne možeš.
1:14:25,1:14:26,Trebati samo više iskustva.
1:14:27,1:14:38,"Zato sam i rekao onog najmanje od dvadeset godina da bi, ako mi možda bi ga zagrli, misliš da je pitanje samo više iskustva ili pitanje dosad se u danos Dosad se u danosti na nekakav način dizajnirati ono nešto slobodno prostorno."
1:14:38,1:14:50,"Možeš da u to koristiš mali milijun tehnika i pomažu dosta, ali dok ne uđeš u jasnoću, dok ti ne vidiš sebe, dok se ne ogoliš, dok ne otmakneš šta je ego identitet, dok nešto ne priznaš, to treba mnogo hrabrosti i snage."
1:14:50,1:14:53,Jer misliš da možeš ući u jasnoću ako si stalno na traci?
1:14:55,1:14:58,Možeš i ja sam bio i kažem opet trebati dovoljno boli.
1:14:59,1:15:07,"Trebati dobar raskid što sam imao, trebati dobra depresija što sam imao, trebati dobar otkaz što sam imao, trebati dosta neuspjeha što sam imao."
1:15:07,1:15:08,Trebati baš dosta toga.
1:15:09,1:15:12,E onda ćeš dizađiš i onda ćeš dođeš u prisutnost.
1:15:12,1:15:13,Znači sad pričamo o prisutnosti.
1:15:14,1:15:24,"Prisutnost je jedna vještina koja je rezervirana za, opet kažem, veće razrede i jednostavno do tada si u retraceu što znači da se gubi pojemu vremena."
1:15:24,1:15:33,"Znači ili si u prošlosti ili si u prošlost po utehu ili si u budućnosti planiraš da izađeš iz retrace, jel tako, ali u materijalnog retrace."
1:15:33,1:15:34,Nikad nisi pristao.
1:15:36,1:15:40,U jednom trenutku shvatiš da si izgubio trideset godina života da nisi bio tu.
1:15:41,1:15:43,Taj trenutak ti dođe kroz aha momenat.
1:15:44,1:15:49,"Da li ćeš čuti nekom podcastu, da li ćeš samo da hodaš kroz neko dvorište koje nisi primijetio, pet godina si hodao."
1:15:49,1:15:51,"Svaki dan recimo moje Recimo, moja priča."
1:15:52,1:15:54,"Da je poslije pet godina, sam bio u Fuzunčevu."
1:15:56,1:15:57,To je uvijek bilo oko sebe.
1:15:58,1:15:59,Jer ne zna kako ovo izgleda.
1:16:00,1:16:01,Nisam tu.
1:16:01,1:16:03,"E, to je bio ah, momenad za mene."
1:16:03,1:16:06,"Čekaj, čekaj, čekaj, ja sam 30 godina propustio."
1:16:06,1:16:09,"Što kaže jedna izreka, imaš dva života, te ne sudiš da postoji samo jedan."
1:16:10,1:16:11,"To je moj bio trenutak, ah."
1:16:12,1:16:13,A postoji samo jedan život.
1:16:14,1:16:17,"U čovječe, pa neću više ni dan da propusti."
1:16:17,1:16:18,Nisam bio tu.
1:16:19,1:16:22,"Šta smo radili prošle godine, kako je bilo prošle godine na moru."
1:16:22,1:16:26,"Jao, sjediš ono pre pet godina, sjediš u vrtiću kad smo bili, prošlost."
1:16:26,1:16:30,"E, šta ću sutra, šta će ko, koji ću trening da osmislim?"
1:16:30,1:16:33,"Za mjesec dana onaj posao, baš bih hvalao da ga izgradi."
1:16:34,1:16:40,"Nije to ništa loše, ali loše da nemoš sada kako je."
1:16:40,1:16:45,"Ne kažem ja da ne treba koristiš dimenzije vremena, prošlosti i budućnosti, nego treba da imaš i balans u sada."
1:16:46,1:16:47,Sad smo tu.
1:16:48,1:16:50,Ja to nisam imao uopšte.
1:16:51,1:16:54,Sljedeći korak sam razmišljao ili prethodno na tri.
1:16:56,1:16:59,"Sada ovaj, nemam pojma de sa."
1:17:00,1:17:01,Nemam pojma de sa.
1:17:02,1:17:05,Vozi kola i odjedonosim nekom drugom delu grada.
1:17:05,1:17:08,"Kažem mi sve, Bože, hvala ti na autopilotu., ovo je opasno."
1:17:10,1:17:15,"Daj mi recimo, molim te kako danas znaš da li si u zabludi ili ne?"
1:17:16,1:17:20,A sad ću ti reći na koji način kažem zabludi.
1:17:22,1:17:31,Vrlo je jednostavna uputa da se trebaš pitati koja je moja motivacija.
1:17:32,1:17:39,"Da li je moja motivacija što ću raditi te humanitarne akcije, da li je motivacija radi mene, da li radi drugoga itd."
1:17:40,1:17:50,"Postoji ona izreka koju smo čuli iz kulture, da je put do pakla popločen dobrim namjerama."
1:17:50,1:17:50,Mislim.
1:17:53,1:17:57,I nekad stvarno iz prekrasnih namjera sam napravio veliku štetu drugim ljudima.
1:17:58,1:18:04,"Znači, jedan kroz jedan je moja namjera dobra, ako ne vidite jednog, tebe šta se događa."
1:18:06,1:18:09,"Onako dobiješ par puta, čeki će nazep po glavi na skučaju."
1:18:10,1:18:11,Moguće da nisam dobro vidio.
1:18:12,1:18:13,Pa bi bilo jasno.
1:18:14,1:18:14,Sad jasno.
1:18:15,1:18:16,U ovoj perspektivi.
1:18:17,1:18:17,Da.
1:18:18,1:18:22,"Eto je ono što mi, što kažem, mi jedino učimo iz svog iskustva."
1:18:22,1:18:25,"No nekad je potrebno malo veći, čak i si nekad malo manji."
1:18:26,1:18:32,"Ali ovo što si pitao je pre dobro pitanje, formuliš ga ponovno, znači kako da znaš da nisi da."
1:18:33,1:18:34,"Eto, bro, bro, evo."
1:18:34,1:18:41,"Evo ti moramo uzeti, postoji jedna knjiga koja se zove How to Win Friends and Influence People, jedna od najbitnijih knjiga Dale Carnegie."
1:18:41,1:18:46,"Knjiga Dale Carnegie, da, i odnosi su vjerojatno jedan od najboljih alata za rast."
1:18:47,1:18:49,Bez odnosa pitanja da li bi uopće razvili.
1:18:50,1:18:50,Zašto?
1:18:53,1:18:55,"Samo intenzitet emocija, odnosi roditeljstva."
1:18:55,1:18:56,"Obož smo vezani, ili tako."
1:18:57,1:19:01,"Ali šta sam ti htio reći, znači ako se sjećate te knjige vjerojatno si čitao ranije."
1:19:02,1:19:08,"Prvo poglavlje, čini mi se, knjige je upravo to perspektiva i subjektivnost."
1:19:08,1:19:12,"Alka Pone, iz svoje pozicije, mislio da radi dobro, reko šta ga svi jede?"
1:19:13,1:19:14,Svi protiv mene.
1:19:14,1:19:18,"Hitler je mislio, evo, te radim dobru stvar, reci šta se događa."
1:19:18,1:19:21,Razumiješ do kojeg to razmjera može otići?
1:19:22,1:19:25,"Evo ti moja priča, ovo mi je sad jako sveže što mi se desilo."
1:19:25,1:19:29,"Ja, moja djevojka je pokrenula neki biznis, Chozen majice."
1:19:30,1:19:32,"Predebro, trebao sam ti donijeti to, iznenadio bi se."
1:19:32,1:19:33,Vrhunske majice.
1:19:34,1:19:37,"Onako malo spiritualno, Chozen, baš top."
1:19:37,1:19:39,Jako s lepoććom.
1:19:39,1:19:40,Što je ona pokrenula biznis?
1:19:40,1:19:51,"Ona je krenula učiti muški aspekt, vještine, sad biti preduzetan, postaviti granice, napisati mail, formalan, nema ono druže, ne druže nego poslovno, naručimo materijal i tako dalje."
1:19:52,1:19:52,Super.
1:19:53,1:19:54,Vidio sam da mnogo grešim.
1:19:55,1:19:57,"Neiskustvo, ne znanje."
1:19:57,1:19:58,Uvod je u veliki stres.
1:19:59,1:20:00,Preduzetništvo.
1:20:00,1:20:01,Bio si tu.
1:20:02,1:20:09,"I ja onda sjednem sa sobom i kažem šta bi stariji nemalji uradio pa sad bi sve ovo preuzeo, prepoznao bi biznis priliku i pomogao bi spasio bi dan."
1:20:09,1:20:13,"Heroj, tako što si ja prošao kroz cijelu priču preduzetništva, imam pet biznisa."
1:20:13,1:20:16,"Znam točno koga zvati, znam gdje je rupo zakrpiti, znam šta uraditi."
1:20:16,1:20:20,"U raditi i dići to na, skalirati i čao s biznisom."
1:20:20,1:20:22,I uvijek su srećni u kraju života.
1:20:22,1:20:24,Šta bi novi nema nju uradio?
1:20:25,1:20:27,"A čekaj, meni je lekcija da ja pustim."
1:20:28,1:20:29,Da pustim nju da greši.
1:20:31,1:20:31,Puštam.
1:20:32,1:20:37,"Puštam ja nju, ona greši, greši, greši, greši, manje greši."
1:20:38,1:20:38,Eto je.
1:20:39,1:20:46,"Piše formalne mailove, preduzetne, pravi sastanke, drži glavnu reč na sastancima, nema više povlačenja."
1:20:47,1:20:49,"I kažem, nema nju uspeo si."
1:20:50,1:20:51,Dolazimo do pitanja tvoje.
1:20:52,1:20:53,Kako da znamo da sam zabludi?
1:20:55,1:21:03,"Ja sam prošli nedelje, imamo još jednog partnera i on kaže ja osjećam da ovdje nešto nije u redu sa ovim biznisu."
1:21:03,1:21:04,Zbog vas dvoje.
1:21:04,1:21:05,Pišku čući.
1:21:06,1:21:07,Daj da vidim.
1:21:07,1:21:10,Ona se otvara i kaže ja ovo nikad nisam htjela.
1:21:11,1:21:12,Ovo nije moja želja.
1:21:13,1:21:14,Ovo nije moj biznis.
1:21:15,1:21:16,Ovo je najmanje otvorio.
1:21:17,1:21:18,Ja kažem.
1:21:19,1:21:19,Ja.
1:21:20,1:21:21,Ja.
1:21:21,1:21:23,"Kažem da da ti, ja to nikad nisam teo."
1:21:24,1:21:27,"Ja sam samo teo da se igram, da se krejem na crta majice."
1:21:27,1:21:28,Ti si ja pretvorio u biznis.
1:21:30,1:21:32,Ja kažem kako sam ja zabludio.
1:21:33,1:21:39,"Znači, ja sam njoj napravio platformu, celu, da ona uči, i onda sam ja pustio i kao uf."
1:21:40,1:21:41,Ja sam top.
1:21:43,1:21:48,"Kad sam ja vidio kako sam ja zablude bio, da sam ja to sve kreirao i kao sad kreira i pa sad pusti."
1:21:48,1:21:53,"On je rekao, e, sad se ne manja povlači iz biznisa, nema više reći nikakvu."
1:21:54,1:21:55,Vas dvoje.
1:21:56,1:21:58,Prije noći.
1:21:59,1:22:00,Iz velike snage.
1:22:00,1:22:02,Sam sam prepoznao što sam uradio.
1:22:03,1:22:03,Kakva zabluda.
1:22:06,1:22:07,Imamo ih svi.
1:22:08,1:22:09,Na svakom nivou.
1:22:09,1:22:12,"Ali kad ih prepoznaš., izađe iz nje."
1:22:12,1:22:14,Ne moraš doživiti tu.
1:22:14,1:22:15,Velika je sloboda.
1:22:16,1:22:19,"Sada, odnos prodisao."
1:22:19,1:22:20,Firma prodisala.
1:22:21,1:22:23,"Evo, oni oponao, rave sastanke i dogovaraju se."
1:22:24,1:22:28,"Šovac, preko jednog primjera, možda objasniš sve."
1:22:29,1:22:31,"I ovo je moj primjer, on nemo veze s nama."
1:22:32,1:22:34,Nađite baš primjer gdje vi pravite zablude.
1:22:36,1:22:52,"Često čujem od ljudi, pogotovo koji prate ovakav sadržaj, gdje se priča o tim temama osobnog razvoja, recimo profesionalnog razvoja, kako god to nazvali psihuhologija, filozofija, duhovnost, svašta nešto."
1:22:55,1:23:00,Ja više neću nikad u životu biti sa partnerom ili sa partnericom koja ne radi na sebi.
1:23:02,1:23:03,Kako ti to zvuči?
1:23:07,1:23:07,Kao uslove.
1:23:09,1:23:12,"Kao uslove, sad uvijek je pitanje ono što mi znamo."
1:23:12,1:23:13,Iz koje energije je taj uslove?
1:23:14,1:23:16,Da li je to iz straha ili snage?
1:23:16,1:23:18,Život će ti donijeti partnericu ili.
1:23:20,1:23:25,"U stvari, život će ti donijeti ljude koji su ili ispod tebe, ili su u tvojem nivoju iznad tebe."
1:23:25,1:23:28,"Mi druge ljude ne razumijemo., ne vidimo ih oko sebe."
1:23:30,1:23:35,Meni je veliki problem s tim kategoriziranjem ljudi ispod i iznad.
1:23:35,1:23:37,"Aha, jako mi je to."
1:23:38,1:23:38,Kožiš.
1:23:38,1:23:41,"Da razumijem, ali gledaj, samo uzmi sebe."
1:23:42,1:23:43,Ti prije 15 godina.
1:23:44,1:23:47,Jesi bio na nivou svesti da razumeš ove teme?
1:23:49,1:23:51,Jesi bio bolji sada ili ranije?
1:23:52,1:23:53,Isto si dobar.
1:23:54,1:23:54,Isto si bitan.
1:23:55,1:23:56,Samo nisi isti.
1:23:58,1:23:59,Ja prvi nisam isti.
1:23:59,1:24:00,Znaš kakav je bio onaj od 20 godina?
1:24:03,1:24:05,"Njega bi, kažem opet, sve bika."
1:24:05,1:24:07,"Sve bi ga triggeralo ovdje, ne bi ništa razumio."
1:24:11,1:24:27,"Kako bi pristupio osobi, recimo, ili kakav bi tvoj osjećaj bio odnosa s osobom za koju ti smatraš da je razina ispod tebe ili s osobom za koju smatraš da je razina iznad tebe na nekakvom putu osobnog razvoja, duhovnog razvoja?"
1:24:28,1:24:30,"Oog bi slušao, a ovog bi pitao."
1:24:30,1:24:32,A tko bi to mogao procijeniti?
1:24:33,1:24:33,Sam.
1:24:35,1:24:37,Znaš što je jako mi je to opasno.
1:24:37,1:24:40,"Mislim da ja isto te stvari radim, ali."
1:24:41,1:24:43,Mislim da to nije konačni odgovor.
1:24:45,1:24:45,U.
1:24:46,1:24:46,Onda ni.
1:24:49,1:24:49,Ne.
1:24:51,1:24:51,Razumijem.
1:24:52,1:24:54,Teško je ljudima jako da razumiju.
1:24:54,1:24:56,I ja ovo uvijek kažem.
1:24:56,1:24:57,Svi smo jako bitni.
1:24:57,1:25:03,Ono što je bitno u tome je da ti prepoznaš ko ti je učitelj u tome.
1:25:04,1:25:05,Mislim da su svi.
1:25:06,1:25:09,"Meni se više sviđa ideja jedan pored drugog, a ne jedan ispod drugoga."
1:25:10,1:25:12,Meni se ideja jedan pored drugog najviše sviđa.
1:25:12,1:25:13,Znaš zašto?
1:25:13,1:25:14,Zato što.
1:25:15,1:25:18,Znaš što mi se još više sviđa od ideje jedan pored drugog?
1:25:19,1:25:19,Zajedno.
1:25:20,1:25:23,"Svi smo isti, svi smo jedni, to je prava istina."
1:25:24,1:25:25,E sad na kom nivou pričamo?
1:25:25,1:25:27,Na nivou duše svi smo jedni.
1:25:27,1:25:29,Potegli od istog idemo ka istom.
1:25:30,1:25:31,"Isto, isto isto."
1:25:33,1:25:37,"Na ovom maternom nivou smo i više iskusni, manje iskusni."
1:25:38,1:25:40,"Više slobodni, manje slobodni."
1:25:40,1:25:42,"Više u jesmoći, manje u jesmoći."
1:25:44,1:25:45,To je jedina razlika.
1:25:45,1:25:47,"Da li smo bitni, svi smo isto bitni."
1:25:47,1:25:53,Ono što je zanimljivo je zrelost.
1:25:53,1:25:57,"Naprimjer, pričamo o zrelosti, emotivnoj inteligenciji, emotivnoj zrelosti."
1:25:57,1:25:59,"Ajde, inteligencija i zrelost moguće."
1:25:59,1:26:00,nije jedno te isto.
1:26:01,1:26:02,Potetus potetus.
1:26:06,1:26:11,"Moguće je da si ti slobodan u jednom aspektu života, a ja nisam i obratno."
1:26:12,1:26:18,"Ti možeš od mene naučiti ako imaš tu želju ili potrebu da si otvoren prema tome, ja mogu naučiti od tebe."
1:26:18,1:26:22,"To je pitanje naš skupljanja svih iskustava, skupljanja svega."
1:26:23,1:26:28,"Ja to vidim sa deljkom, postoje aspekti, a to je kako nevjerojatno život u balansu funkcionira."
1:26:28,1:26:31,"Tako nešto dođeš sa nečim, stvarno postoji dar."
1:26:32,1:26:34,Ti vidiš da ti nešto lakše radiš od drugog.
1:26:34,1:26:37,"Ne bolje, nego lakše i onda zbog."
1:26:37,1:26:42,"te lakoće, ti imaš dovoljno sadržaja iskustva, ti onda postaneš jako dobar u tome."
1:26:42,1:26:44,I sve u životu si dobar u tome.
1:26:44,1:26:45,I to je dar.
1:26:46,1:26:50,"Ali kad si dobar, jako u nečemu, u nečemu jako nisi."
1:26:52,1:26:54,U nečemu jako nisi.
1:26:55,1:27:04,"I ti ljudi koji imamo svoje platforme da učimo, da imamo ozbiljno neznanje, da imamo ozbiljno iskustvo."
1:27:04,1:27:14,"Ali dobro je kada ti imaš ego u balansu, da ti možeš sebi da priznaš da nisi dobar i da kažeš i to je ok."
1:27:16,1:27:18,I zaijabati.
1:27:19,1:27:21,Maje stralno zaijabati.
1:27:22,1:27:23,"Da, kako drugačije da učimo."
1:27:23,1:27:28,I ispričati se što sam ja više puta u životu iskusio.
1:27:28,1:27:29,Sa osjećajem i također.
1:27:30,1:27:31,Maje stralno se zaijabalo.
1:27:31,1:27:32,"Isto, isto."
1:27:32,1:27:32,Maje stralno.
1:27:34,1:27:35,E si znao da si zaijabalo tada?
1:27:36,1:27:46,"Pa u tom trenutku nekada nisam, nekada jesam, ali čak i kada sam, znači doslovce sam minutu nakon znao da sam maje stralno zaijabalo, ali je bi ga bilo loše."
1:27:46,1:27:48,"Ovdje je život pokazao, to je ono što je otišlo."
1:27:49,1:27:49,"Da, otišao je."
1:27:50,1:27:50,Nema povratka.
1:27:51,1:27:52,A baš zato što nema povratka.
1:27:52,1:27:53,Drugi izašao iz boccaca?
1:27:55,1:27:56,"Pa baš zato što nema povratka, je lekcija."
1:27:57,1:27:58,Baš jedno lepo pravilo.
1:27:58,1:27:59,Nema and dan.
1:28:01,1:28:03,Nema što ono da klikneš pa se vrati potez.
1:28:04,1:28:06,"Ali da ima, ne bi naučili nikad."
1:28:07,1:28:13,"Ovo je intenzitet, život ti pokaže, žižiš sa posljedicama, nije lako živjeti sa posljedicama, a sljedeći put ćeš drugačiji."
1:28:13,1:28:18,"Ako ne drugačiji, imati ćeš jače posljedice, jače će te boleti, jače patnje, jače depresije itd."
1:28:19,1:28:21,"Aha, hoćeš leći put ponovno, isto da."
1:28:21,1:28:22,"Učekaj, ne more se."
1:28:22,1:28:23,Sad mi je dovoljno.
1:28:24,1:28:25,"Aha, šta treba doriš?"
1:28:26,1:28:27,A nećeš više leći u nekoću desno.
1:28:27,1:28:29,"Pići desno, mnogo teško."
1:28:30,1:28:31,Pa nema problema da ćemo ti.
1:28:31,1:28:31,više.
1:28:32,1:28:33,više ćemo ti dati bolja.
1:28:34,1:28:36,"A, izvijem, ajde, u pravu si, idem desno."
1:28:36,1:28:38,"Odeš desno, vidiš ništa, sve nije desno."
1:28:38,1:28:41,"Kao ja, sa ovim što sam prvi put rekao u podkastu, evo slušaj."
1:28:42,1:28:43,Odbijam ti.
1:28:43,1:28:44,"Zbog toga, toga i toga."
1:28:44,1:28:49,"On kaže, svakako ti čao, aplauze hrabro, razumijete, to je i meni isto, ali ja to učim vama."
1:28:50,1:28:53,"Preko partnerskih odnosa, ja tako isto učim da odbijam."
1:28:54,1:28:56,"Da, i njemu se i njoj da se dopuštaju."
1:28:57,1:28:58,Nekad si ne desi to.
1:28:59,1:29:02,Nekad nađeš na stvarno nepretnu stvar.
1:29:02,1:29:03,Teško.
1:29:03,1:29:09,Ali vrlo često je to tvoja iluzija i onda ti vidiš koji je tepeni iluzije.
1:29:09,1:29:11,"si napravio, je reakcija s druge strane."
1:29:12,1:29:20,"Ako ti misliš da je nešto jako strašno, a dobiješ reakciju s druge strane, ne vidim zašto je to toliki big deal."
1:29:20,1:29:31,"Ono, brat, je top, izmijenit, nisam vidio, ti kaž si sebi, moguće sam ja toliku iluziju napravio da se ništa nije desilo."
1:29:31,1:29:35,"Kao onaj mehor, ono, pup, pup, i ništa."
1:29:35,1:30:02,"Da, vidi iz svog iskustva, znam da možemo staviti ljudima na prste da se tako izrazim, ono totalno kako bi se izrazio, znači uopće nismo vidjeli da bi to osobu moglo povrijediti, zato što to uopće nema veze s nama nego što ima veze sa tom osobom, a to znam kroz svoje iskustvo, ja sam zadnjih pet godina imao jednu lekciju poštovanja."
1:30:02,1:30:02,Dobro.
1:30:03,1:30:27,Još uvijek osjećam da možda nije to sto posto do kraja raspitljano ali imao sam preradikalne reakcije na nepoštovanje prema nepravde i nepoštovanje to su moje životne teme ono doslovce da osoba uopće ne zna da mi je išta nažalost napravila ja sam imao vrlo burne reakcije na to.
1:30:28,1:30:29,"Kožiš, kakav si znasni?"
1:30:30,1:30:36,"Pa puno bolji, zato što sam osvijestio gdje to zna otići."
1:30:36,1:30:46,"Znači, ono znam napraviti tešku pretljanicu i dramu oko toga i onda to traje, recimo, bilo sa mojim partnericom ili bilo sa nekim drugim ljudima."
1:30:48,1:31:00,"To je ono sve sam si ja osvijestio i koje sam iskustva imao ranije, koje su me dovele do te burne reakcije, opet i dalje pitanje mišljenja drugih, ovo, ono itd."
1:31:01,1:31:06,"I sad kad sam vidio da se obrazac ponavlja opetovano, onda sam shvatio."
1:31:06,1:31:08,Ajmo.
1:31:09,1:31:10,Kožeš?
1:31:10,1:31:11,Ne znaš što je meni pomoglo?
1:31:12,1:31:17,"Kad sam shvatio da to nema veze, ali zaista kad sam shvatio da to nema veze sa drugim ljudima."
1:31:18,1:31:21,"Da sam ja, to je meni toliko pomoglo bilo."
1:31:22,1:31:23,"Čekaj, čekaj, čekaj."
1:31:23,1:31:32,"Znači, ti si tu da meni izazivaš neku emociju koja će da mi otkrije da je im problem sa poštovanjem sebe."
1:31:33,1:31:35,"Čekaj, vrede, dođi te zagrli, na te polje."
1:31:35,1:31:40,"Kad sam ja to, znači, zaista razumio da su ti ljudi tu."
1:31:40,1:31:43,"Da su tu poslati, da me nauče."
1:31:43,1:31:44,Čak i oni najveći šupci.
1:31:44,1:31:46,Oni najveći šupci su mi najviše pomogli.
1:31:47,1:31:50,"Pa mislim, to svjedočimo mi, u svemu, ova je kolektivna tema."
1:31:51,1:31:57,"Svi ne smijemo se vratiti u prošlost, koji te je najviše zajedno povrijedio, oštetio, uveo u nepravdu."
1:31:57,1:31:59,"Ne poštoje, to je on te najviše naučio."
1:31:59,1:32:00,Jan kroz jedan.
1:32:00,1:32:06,"Eto, to je meni toliko pomoglo, kad sam ja vidio da je to moja odgovornost, da je do mene, da je ja treba da naučim."
1:32:08,1:32:12,To ne mora značiti da nećeš reagirati na takve situacije ili ćeš reagirati na drugačiji način od sebe.
1:32:13,1:32:14,Ali znaš što je ovaj novi vest?
1:32:15,1:32:26,"Kad sam počeo drugačije da reagujem na situacije i kad sam kroz drugačije reakcije ulazio iz nemira u mir, nikad mi više ni se nije desio isti sadržaj."
1:32:26,1:32:30,"Nema lekcija završen, nema tih ljudi koji idu da mi sad izazivaju nepoštovanje."
1:32:30,1:32:34,"Prolazi kroz mene, prazan čamac, nema više s kime se svađate."
1:32:35,1:32:38,Da li misliš da postoji pravi način kako odgovoriti na nešto?
1:32:39,1:32:57,"Recimo sad si u nekom muškom društvu, znamo svi kakvo je muško društvo, tipično ćemo recimo uzeti kao nekakav primjer i sad ste vi na nekom ručku ili večeri vas, pet, šest, sedam muških i sad su tebe uhvatili u rotor, ali nije onako više ni smiješno ni zanimljivo."
1:33:34,1:33:36,onda reagiraš i postavljaš granicu.
1:33:37,1:33:40,Da stvari postavimo u perspektivu ako si postao pravi Zen majstor.
1:33:41,1:33:42,Neće ti se desiti to.
1:33:43,1:33:43,Nema teorije.
1:33:45,1:33:45,Nema teorije.
1:33:46,1:33:47,Neće ti biti taj sadržaj.
1:33:48,1:33:49,Jer će probati jednom drugi put.
1:33:49,1:33:51,Ti kad osjetiš da je čovjek neutralan.
1:33:54,1:33:54,Nema teorije.
1:33:54,1:33:59,"To je, ne znam da si čitao prazan čamac knjiga, to je baš jako dobro opisano."
1:34:00,1:34:02,"Da, to znači da i dalje ima to u tebi."
1:34:02,1:34:11,"Čim ti je da taj sadržaj to naučiš, pogotovo ako imaš neku reakciju i pogotovo sad po tvojem pitanju sam osjetio da kad zaista dođe do onog nepoštovanja."
1:34:11,1:34:18,"Znači možeš i da istrpiš prva tri udarca.ac, on me malo više boli zašto ispod pojasa?"
1:34:18,1:34:20,Nećemo se dečki igrati ispod pojasa.
1:34:21,1:34:23,A život je kao.
1:34:27,1:34:28,"Da je ne boli uopće, to ne bi bilo."
1:34:29,1:34:29,To je prvo.
1:34:29,1:34:34,Ja sam imao jako dobro iskustvo sa mojim prijateljima koji su mi tu 20-25 godina.
1:34:35,1:34:41,"Koje sam ja imao jako muško odrastanje, nas deset muškaraca koji smo njušili da je neko slab."
1:34:42,1:34:46,Njušili smo to energetski.
1:34:47,1:34:49,Ne daj Bože da pokaže slabost.
1:34:50,1:34:51,Dva godine.
1:34:51,1:34:52,Dvije godine ima svijeta i jašemo ovdje.
1:34:53,1:34:58,"I da ti najveću slabost, to je tema."
1:34:59,1:35:02,"Ti dok god pokazuješ nemir, to je tema."
1:35:03,1:35:10,"Ja sam u takvo odrastanje, sada sam shvatio koliko mi je taj zadržaj pomogao da se oslobodim."
1:35:12,1:35:18,"To pokazivanje u slabosti, koliko mi je pomogao da ja otkrijem sebe, da upoznam sebe."
1:35:19,1:35:21,"Aha, tu si nemiran, to te boli."
1:35:22,1:35:24,"Svašta te nešto boli, odlična."
1:35:25,1:35:28,"Onda sam se odvojio od tog društva skroz nekog beg, e sad."
1:35:28,1:35:31,"E sad, sam jako zahvalan i jako volim bih vidjeti."
1:35:33,1:35:40,"Znači, ako si iskren, ako si vokalan o tome, ako pokažeš ranjivost, izgubit će se, neće više biti sok."
1:35:41,1:35:43,"Kako misliš, ako pokažeš ranjivost?"
1:35:44,1:35:49,"Znači, ja sam sad rekao javno da sam imao problema sa poštovanjem."
1:35:49,1:35:49,Da.
1:35:49,1:35:51,Još uvijek vjerovatno imam.
1:35:52,1:36:06,"Ako kreneš prvo interno razmišljati o tome, uočiti to, ako kreneš pričati o tome, ako, kako si rekao, da si u onom dečku napisao iskreno da ne bi došao na taj podkaz da ti je to problem bio."
1:36:06,1:36:12,"Znači, ako u takvom nekom društvu kažeš da tečajevo baš stvarno me vrijeđa, ne znam iz kojih razloga."
1:36:12,1:36:13,Razumiješ?
1:36:13,1:36:13,Razumijem.
1:36:15,1:36:17,"Ne prelaze to u muškom aspektu, mami."
1:36:19,1:36:20,To mi je život mnogo puta pokazao.
1:36:21,1:36:23,Ono što ti treba da budeš ranjiv je pred sobom.
1:36:25,1:36:30,Ili da probaš da budeš ranjiv sa takvim ljudima za stolom.
1:36:30,1:36:32,Jer će ti to samo ubrzati.
1:36:32,1:36:33,Ono će još da pojačaju.
1:36:35,1:36:39,"Jer ti možeš da prolaziš lekciju u dve godine, a možeš za dva minuta da je prelazeš."
1:36:39,1:36:51,"Ali, čak se ni ne slažem s to poslije s ovom da ovaj dio kad si rekao da ako nemaš više toga u sebi, ako dođeš negdje neće se to ni događati."
1:36:51,1:36:51,"Aha, dobro."
1:36:54,1:37:00,Jednostavno ne postoji osoba na svijetu kojoj netko neće pokazati nepoštovanje.
1:37:00,1:37:01,Razumijem ti skroz.
1:37:02,1:37:02,Da.
1:37:02,1:37:06,"Bio ti predsjednik Amerike, najmoćnija osoba na svijetu, pokazat će ti nepoštovanje."
1:37:06,1:37:10,"Bio ti najbogatiji čovjek na svijetu, Ilon Musk, pokazat će ti ljudi nepoštovanje."
1:37:10,1:37:15,"Bio ti najjači čovjek na svijetu, ono John Jones, ne znam tko god, ljudi će ti pokazati nepoštovanje."
1:37:15,1:37:16,Znači nema osoba.
1:37:16,1:37:23,"Ove tri čovjeka koje si naveo, ako ne znam da li slučajno, ali ništa nije slučajno, su ljudi baš koji imaju život na temu poštovanja."
1:37:24,1:37:24,Apsolutno.
1:37:26,1:37:29,I zato su toliko visoki i daleko otišli u materijalnom svijetu.
1:37:29,1:37:30,Apsolutno.
1:37:31,1:37:32,To je jako dobro gorivo.
1:37:33,1:37:35,"Dok nije, dok postane jako velik teret."
1:37:36,1:37:38,"To mi nitko ne vidi, taj drugi deo priča."
1:37:38,1:37:40,"Taj drugi deo priča se ne vidi, on nije javan."
1:37:40,1:37:43,"Vidimo uspjeh, pare, John Jones, dva mu tamo."
1:37:43,1:37:47,Ne vidimo kada on ostane bez kamere tamo i koliko je nemir imao u sebi.
1:37:48,1:37:49,Zato što mu je to teret.
1:37:50,1:37:53,"Sadržaj će uvijek da te testira, da si slobodan."
1:37:53,1:37:56,"Znači, doći će ti, meni će doći čovjek koji kaže ja tebe ne poštujem."
1:37:57,1:38:00,"Ja kažem, brat moj, ne poštujem ni ja tebe."
1:38:03,1:38:04,"Pa dobro, pa znaš što ja."
1:38:04,1:38:08,"Ša gledam u sebe i reko, top, prošao sam taj test."
1:38:08,1:38:10,Sljedeći je da dođe isto.
1:38:10,1:38:15,"Hoćeš li ti kažem da je nekad bi došlo sto ljudi da mi to kaže, sad će mi doći pet."
1:38:16,1:38:17,Smanji se taj sadržaj.
1:38:18,1:38:19,Ta tema je gotova.
1:38:20,1:38:23,"Ja mogu da mu kažem, razumijem ti u potpunosti."
1:38:23,1:38:25,Ali možda mi ispričaš zašto.
1:38:26,1:38:27,I da uđem u njegovu trapiju.
1:38:28,1:38:30,I da vidi da je to njegovo.
1:38:30,1:38:31,To nema veze sa mnom.
1:38:33,1:38:34,Što je za iskustvo?
1:38:36,1:38:38,Pa vidiš da se desilo s njim.
1:38:39,1:38:45,"I baš ga je najmanje su ga poštovali ljudi koji su se najviše pridržavali Boga, jel'to tako ili su oni tako mislili?"
1:38:45,1:38:46,To je baš veliki problem.
1:38:47,1:39:04,"Ja ti kažem, pitanje znači nije pitanje ni toga da li si Trump, da li si Jones, da li si ovaj svjetovno uspješan i iz tog, iz te pozicije osjećaja manjka poštovanja postigao najnevjerojatnije uspjehe, nevjerojatne uspjehe."
1:39:05,1:39:06,"Uspjehe, to je."
1:39:06,1:39:07,Nevjerojatne uspjehe.
1:39:08,1:39:31,"Čak i s druge strane možeš biti duhovni nekakav vođa ili guru, ono poput Isusa ili ne znam Bude ili koga god, ovaj, ovaj, početiš doći opet u poziciju gdje doslovno cijelo okruženje, cijela zajednica gdje se ti nalazio, su te smolavili, prikovali na križ, osudili, nepoštovali, izrugivali."
1:39:31,1:39:37,Tako da čini mi se da nije odgovor tamo da to prestaje.
1:39:38,1:39:44,"Da li je i da li je, evo, čitali smo u Bibliji to, da li imaš osjećaj da je Isus zahtjevao poštovanje?"
1:39:47,1:39:48,Da li si stekao takav osjećaj?
1:39:48,1:39:49,To je jako bitno.
1:39:51,1:39:54,Da li si stekao da je John Jones zahtjevao poštovanje?
1:39:55,1:39:55,Da.
1:39:56,1:39:57,Velike razlike.
1:39:57,1:40:08,"Da, ali isto tako s druge strane što se tiče Isusa, ne znam da li je tražio poštovanje za sebe ili je tražio pravdu ili je."
1:40:09,1:40:12,"Ja mislim da nije bilo što je točno, što je ispravno."
1:40:12,1:40:13,Ja mislim da je samo istina bila.
1:40:14,1:40:30,"Recimo, pada mi na pamet ona scena i ona priča u hramu gdje su farizeji prodavali, trgovali su s nečim tamo i on je došao i sve im je to srušio, razbio, otirao ih van."
1:40:31,1:40:33,"Znači, to je neka kriva."
1:40:33,1:40:34,percepcija ljudi.
1:40:34,1:40:40,"Možda je Isus bio samo nježan, samo blag, samo uvažavajući, ali bio i direktan, bio i grubljiv."
1:40:41,1:40:44,"Šta smo malo prije pričali o kompletnosti, o cjelovitosti."
1:40:44,1:40:46,"Ženski aspekt, muški aspekt."
1:40:47,1:40:50,"Mogu i da razbijem, ali mogu i da popravim."
1:40:51,1:40:53,"Mogu i da pustim, ali mogu i da se suoči."
1:40:54,1:40:54,Kompletnost.
1:40:56,1:40:59,"To je tu treba, to je snaga, to je mudrost."
1:40:59,1:41:00,To je snaga.
1:41:00,1:41:09,"Tako da, vidi, nekome je životna tema poštovanje i onda ti cijel ovaj svet se dogovori da ti nauči to."
1:41:10,1:41:16,Dogovori se tako što će ti dati da mnogo ljudi koji će te ne poštuju dok tebi to ne postane važno dok počeš sam sebe da poštuješ.
1:41:16,1:41:17,Ne treba mi nitko drugi.
1:41:18,1:41:19,Znam tko sam i gdje sam.
1:41:19,1:41:24,"Aha, kad mi netko ne poštuje, vidim sebe, mir, učuvač, top."
1:41:25,1:41:28,"Kako je mir, tako se smanjuje broj ljudi koji me ne poštuju."
1:41:29,1:41:32,"Nije više tema, prelazimo negdje drugdje."
1:41:32,1:41:42,"Ali naravno da će uvijek što ti kažu ljudi na ulici, ne znam, ne znam, ti da će biti neko tko te ne poštuje, ali sam samo da te provjeri ponovo izlobljene."
1:41:43,1:42:01,"Jer misliš da je crno-bijelo, da ono, ona On je nov, ili imaš kapacitet za destrukciju i za mir, ili postoji spektrum između?"
1:42:02,1:42:09,"Spektrum je između, dok što ti kažes nije gotovo, onda je crno i belo, onda više nema, onda je mir."
1:42:10,1:42:11,Što to znači?
1:42:11,1:42:16,"Kao što smo malo prije rekli, prvi, drugi, treći udarac ste ne boli, ali te četvrti boli."
1:42:17,1:42:20,"Kad te više ni jedan udarac ne boli, to je onda black and white."
1:42:20,1:42:23,Zašto bi imao potrebu onda uopće reagirati?
1:42:24,1:42:26,Zašto bi imao potrebu uopće postaviti granicu?
1:42:27,1:42:28,zato što to je ispravna stvar.
1:42:29,1:42:34,Da li to znači da nemaš da li možeš postaviti granicu bez emocija?
1:42:36,1:42:40,Da li to znači da kad si postao zrel i mudar da emocije više nema?
1:42:41,1:42:50,"Ne, emocije i tekako ima, jako je brzo reguliraš i jako je dobro razumiješ."
1:42:51,1:43:05,"I na tom brzini procesora tog kako radi ulaziš u mudro, znaš šta je prava odluka, kada da postaviš granicu, kad bi bilo pametno zaštititi porodicu, a kad bi bilo pametno pustiti ovog komičara da uradi to što je uradio."
1:43:05,1:43:06,to što je uradio Savil Smith.
1:43:08,1:43:09,Samo pitanje je mudro.
1:43:09,1:43:11,Što je razlika u emociji?
1:43:11,1:43:13,"Neko te ne poštuje, ti tražiš poštovanje."
1:43:14,1:43:19,"U početku je emocija, strah, bijes, slabost, nešto."
1:43:22,1:43:24,"A kad si prešao u igri, što je emocija?"
1:43:25,1:43:26,"U istoj situaciji, mir."
1:43:27,1:43:27,Mir totalni.
1:43:28,1:43:30,"Nema emocija, ti samo pokazuje da nisi slobodan."
1:43:30,1:43:31,"Znači, nemam emociju."
1:43:31,1:43:35,Na kojoj razini ti onda donosiš odluku kako reagirati na racionalno?
1:43:36,1:43:40,"Dobro pitanje, ne na racionalnom postane osjećaj."
1:43:41,1:43:42,Postane osjećaj samo.
1:43:42,1:43:43,Osjećaj mira.
1:43:43,1:43:45,Pa što onda reagirati uopće?
1:43:45,1:43:48,"Ne reagirati uopće na to, znači ti me ne poštuješ."
1:43:49,1:43:52,Koja je moja reakcija bi bila ispravna za nekoga ko mene ne poštuje?
1:43:54,1:43:57,Pa ja mislim da bi bilo ispravno da mu postaviš granicu.
1:43:58,1:43:58,Ali sad je pitanje kako.
1:43:59,1:44:02,"Ako mu postaviš granicu, zašto ga ne poštuješ?"
1:44:03,1:44:05,Zašto njegovo pravo je da me ne poštuje?
1:44:06,1:44:06,Znači ja moram.
1:44:07,1:44:08,"Dobro, treba da postavim granicu."
1:44:09,1:44:13,Sad je pitanje na koji način te ne poštuje?
1:44:13,1:44:20,"Da li te ne poštuje preko društvenih mreža, napisao je ružan komentar ili sjedi ispred tebe u nekom društvu i vrijeđate u fazu pred svima?"
1:44:20,1:44:21,"Aha, ok."
1:44:21,1:44:23,"Ok, postoje i stupnjevi nepoštovanja."
1:44:24,1:44:27,"E, tu je ono što smo, negdje ima gotovo, negdje ima u procesu."
1:44:28,1:44:30,Nepoštovanje može biti dosad se fizički te nagrađuje.
1:44:30,1:44:30,Apsolutno da.
1:44:31,1:44:34,"Ako te neko ugrožava, onda je itekako svić on."
1:44:35,1:44:36,Do tada je njegov vrat.
1:44:37,1:44:40,"Znači treba znati samo gdje je tvoja odgovornost, gdje je njihova odgovornost."
1:44:41,1:44:42,Gdje to prelazi granicu.
1:44:43,1:44:43,Evo ti primjer.
1:44:44,1:44:45,Jako dobar primjer.
1:44:46,1:44:47,Prepar nedelje.
1:44:47,1:44:47,Svež.
1:44:48,1:44:49,Iz mog iskustva.
1:44:49,1:44:53,U nekom klubu sam jedva sam dočekao da prvi izlazak.
1:44:54,1:44:56,"Nisam godinu dana žena bila trudna, deca vam je tamo."
1:44:57,1:44:57,Ja izašao.
1:44:59,1:45:08,"I desi se tu neka drugarica koja kaže, evo, imam tri prijatelja, sada sam ih upoznao, neki šveđani, ali mogu da ih dovedem tu kod nas u društvu?"
1:45:10,1:45:10,"Ja, ženski aspekt."
1:45:11,1:45:12,"Naravno, može super."
1:45:12,1:45:13,Šta god ti kažeš.
1:45:14,1:45:16,"Pustim ja njih, ja, dobrodošli, momci."
1:45:16,1:45:19,"Dobrodošli, ljubav, daj se grlimo, svi."
1:45:20,1:45:26,"Vidim ja, jedno, drugo, treće, četvrto piše, pivo, oni počeli da pravi nered."
1:45:26,1:45:29,"Vidim ja drugaricu, maltretiraju."
1:45:31,1:45:33,"Ja, sva sreća, imam ovo drugo da uključim."
1:45:34,1:45:36,"Kad sam uključio ovo granice, malo jače."
1:45:37,1:45:41,"Onda je sve došlo u mir i u red, i oni su izašli bez da je iko bilo povrijeđen."
1:45:42,1:45:44,"Mudrost, šta bi mudrost uradila?"
1:45:44,1:45:46,Odmah bi prepoznala situaciju.
1:45:47,1:45:48,Ja sam se sam sebe lagao.
1:45:49,1:45:53,"Da ja mogu sad kroz neke ono puštenje, da ih ja sad sprovedem tu."
1:45:54,1:45:56,"To sam nekada, ja odmah vidio."
1:45:56,1:45:57,Odmah vidim profil ljudi.
1:45:58,1:45:59,To bi mudrost uradila.
1:45:59,1:46:05,"Sva sreća, pa sam u balansu, pa mogu da koristim jednu i drugu vještinu, pa sam uključio drugu i riješio situaciju."
1:46:06,1:46:10,"Na tom primjeru se objašnjava cjelovitost, ali ne baš i mudrost."
1:46:10,1:46:13,Jer mudrost je prevencija toga da se to ne desi uopće.
1:46:13,1:46:17,"Da ne moram da uključujemo, da nekom ne bude neprijatelj, ali da mogu da izbjegnem to."
1:46:17,1:46:19,I ti si zapravo reagirao bi umjesto nje?
1:46:22,1:46:22,"Da, i svoj."
1:46:24,1:46:27,"Jer se ona, budi moralno i fizički, ne može obraniti."
1:46:27,1:46:29,Ne može se obraniti i pitala me za pomoć.
1:46:29,1:46:32,"Znači, kada te neko pita, onda je go time, onda je akcija."
1:46:34,1:46:38,"Tako da sam imao dobru lecciju, ali to je ovo što sad pričamo."
1:46:38,1:46:46,"Znači, ti imaš jednu i drugu opciju, mudrost je da ti znaš u kom slučaju šta treba da uradiš."
1:46:47,1:46:52,"I snage, možda da bude iz destrukcija, ono što stalno pričamo."
1:46:52,1:47:00,Hajmo ovako da pokušamo nekako mašnicu zaveze do kraja.
1:47:00,1:47:10,"Znači, postoji jako puno subjektivnih istina, postoji jako puno perspektiva, ali postoji i objektivna istina."
1:47:12,1:47:18,"I što smo bliže zrelosti, sve nam je ta objektivna istina vidljivija."
1:47:22,1:47:29,"I ti vjeruješ da u ljudskom životu, ljudskom rodu, postoji objektivna istina?"
1:47:29,1:47:29,Da.
1:47:31,1:47:41,"I najbliže toj objektivnoj istini su koji izvori, koji spisi, koji ljudi, koja učenja po tebi?"
1:47:42,1:47:50,"Možda samo, pa vidi što se kaže da je Isus tu, vrlo bi brzo osjetili da li je to objektivna istina ili ne."
1:47:50,1:47:53,"Ovoga samo možemo da spekulišemo, da čitamo itd."
1:47:53,1:48:10,"Ali da, to je bilo nešto baš jako blizu istine jer vidiš koliko je ispravno, više koliko je kompletno, više koliko je cjelovito, više koliko u situacijama je nešto urađeno što je bilo teško, ali zna se zbog čega, što je život pokazivao kao posljedica, što je sve došlo, došla je cijelena ideologija.iju, koliko se ljudi promijenilo preko toga."
1:48:11,1:48:12,Da li je to bilo ispravno?
1:48:12,1:48:14,"Jest, zato što je život pokazao."
1:48:15,1:48:25,"Odgovor na to, kad se skrozumautujemo, je da apsolutno postoji, ali možda ne rezervira se za ovaj život, u skladu sa kapacitetima."
1:48:26,1:48:32,"Znači, pitanje je isto da li je Isus, za kojeg se ja slažem da je prekrasan ovaj zapravo uzor."
1:48:33,1:48:34,Primjer je jako dobar.
1:48:35,1:48:35,Odličan uzor.
1:48:36,1:48:46,"Da, sigurno nešto što bi, kad bi većina nas slijedili, da sigurno bi nam svijet bio puno, ljepše mjesto."
1:48:51,1:49:13,"Pitanje je da li i takva osoba, to nikad nećemo znati vjerojatno, da li i takva osoba u teškim trenucima mora zastati, povući se u sebe, otići u molitvu, razmisliti ili osjetiti jel nisu sve odluke fight, flight, freeze."
1:49:15,1:49:24,Neke ipak dopuštaju nešto vremena i promišljanja i u neku ruku to nije više ni promišljanje nego je to.
1:49:26,1:49:28,"Da nema veze sa mnom, onim procesom."
1:49:29,1:49:32,Je onda u znanju treba vrijeme ili ne treba vrijeme?
1:49:32,1:49:37,"Ali što ti hoću reći, da Isus vjerojatno nije mogao posvjesno reagirati ispravno?"
1:49:37,1:49:38,Apstraktno.
1:49:39,1:49:41,On je išao u pustinju 40 dana biti sam.
1:49:42,1:49:43,"Tako je, bio je u procesu."
1:49:44,1:49:45,Isto kao ti ja.
1:49:45,1:49:46,Da.
1:49:46,1:49:47,Bio je u procesu.
1:49:48,1:49:49,Dok nije više bio u procesu.
1:49:49,1:49:52,Dok je bilo dovoljno da prenese poruku.
1:49:54,1:49:55,To je istina.
1:49:56,1:49:58,I šta ćemo misliti s tom porukom?
1:49:59,1:50:00,Da živimo sa time.
1:50:00,1:50:02,Da nam ta poruka pomogne da nama.
1:50:03,1:50:08,da mi preuđemo jasnoću kako bi nam život bio jasniji i kako bi nam sadržaj bio jasniji.
1:50:08,1:50:22,"Iz tog sadržaja kako bi izvukli iskustvo, prolazili iskustveno sa pitanjima koje trebamo instalirati, to je šta ja ovdje trebam naučiti i zašto je ova reakcija od mene, zašto je ova emocija, zašto se ne osjećam u miru trenutno."
1:50:22,1:50:32,"Sa tim pitanjima idemo u veći nivo svijesti, igrica života nam postaje jasnija, mi postajemo sve slobodniji, ego postaje sve slabiji, imamo sve manje ego identiteta."
1:50:32,1:50:39,"U toj slobodi posljedice, unutrašnji mir i radost, to svi prepoznaju i počinjemo da inspiriramo druge ljude zato što smo se promijenili."
1:50:40,1:50:40,Ti drugi ljudi.
1:50:40,1:50:46,"Ljudi, kad nas gledaju, počinju oni dolaziti jasnoću i pitanja šta ja mogu da napravim za sebe."
1:50:48,1:50:57,"Mi smo tu kao i jedni za druge, kao gledalo da svi idemo u veće razrede, da naš put duše sakuplja iskustva, da idemo ka kompletiranju."
1:50:58,1:51:05,"Isto što je Isus uradio, da smo u procesu da učimo, kompletnost na svim poljima, balans je cilj."
1:51:06,1:51:13,"Kada stignemo tu ili u procesu, što smo bliže procesu, to imamo još jednu dobru odgovornost, a to je da služimo."
1:51:14,1:51:15,Svaku u svojim darovima.
1:51:17,1:51:18,Na taj način da ispirišemo.
1:51:20,1:51:31,"I da im promjenimo malo, da im proširimo perspektivu, kako bi oni u svom životu mogli da implementiraju sa širom perspektivom njihove trenutne procese."
1:51:32,1:51:38,"Kad bi ti postavio sad milijardu pitanja, zašto nakon ovog tvojeg izlaganja, koji bi zadnji zašto bio?"
1:51:39,1:51:40,Samo jedna riječ.
1:51:41,1:51:42,Ljubav.
1:51:44,1:51:44,Dobro reč.
1:51:49,1:51:55,"Čudno bi bilo ova reč za to, ne manje od 20 godina, a sad je bar dobro reč."
1:51:55,1:51:57,"E, kad sve to postignemo."
1:51:57,1:52:03,"da samo završimo rečenicu, tako kompletni, onda idemo u beslonu ljubav, to jest, idemo Bogu."
1:52:05,1:52:08,"Jel se sjećamo da je on u nama, ili kako god hoćeš, ali."
1:52:09,1:52:11,Kako osjećaš tu istinu?
1:52:13,1:52:14,Koliko si blizu toga?
1:52:14,1:52:15,Kakav je to osjećaj ljubav?
1:52:16,1:52:17,Je li to osjećaj vode?
1:52:17,1:52:18,Sloboda.
1:52:19,1:52:20,Sloboda.
1:52:22,1:52:23,Biti kompletan.
1:52:24,1:52:26,Možda je ljubav sve druge emocije spojene u jednu.
1:52:28,1:52:29,"Da, možda ljubav ne ovisi emociju."
1:52:31,1:52:34,"Što misliš kad staviš strah, slobodu?"
1:52:34,1:52:38,"Slobodu, mržnju, bijes."
1:52:40,1:52:45,"Sve što ti padne na pamet, sve te emocije kada staviš na kup, onako stavimo ih u blender."
1:52:46,1:52:46,Razblendamo ih.
1:52:47,1:52:48,To je ono što je ljubav.
1:52:48,1:52:55,"E, to što ostane posle smijehe, kad sve prođe, kad se sve prospe, kad se sve samelje, e to je ljubav."
1:52:56,1:52:58,Zato što ljubav iskusila sve.
1:52:58,1:52:58,Tako je.
1:52:59,1:53:00,Tako je.
1:53:00,1:53:03,"Taj prazan blender posle toga, to je ljubav."
1:53:04,1:53:10,"Bezuslovno, nema ništa da je veže, da je zaveže."
1:53:10,1:53:11,Totalna sloboda.
1:53:12,1:53:52,i to ta neispunjenost što smo rekli zdravo tijelo iskustvo u duši jasnoća mudrosti srce je ispunjeno životom um koji radi koji vidi stvari onakve kakve jesu a ne laže sebe kompletna ličnost slobodna od svega na putu ka bezlomljubivoj ka bogu ljepote pale mi na pamet pitanje koja je osoba imala najnepravedniji život u ovaj Znaš?
1:53:52,1:53:53,Da.
1:53:55,1:53:56,Baš da mu nije išlo.
1:53:57,1:53:59,"Pa ovi što su nisu tako iskusni, da."
1:54:00,1:54:05,"Znaš, za Isusa isto možeš reći da baš mu nije najbolje išlo."
1:54:05,1:54:07,"A čeka je, ali iz njegove perspektive."
1:54:08,1:54:08,Super.
1:54:10,1:54:12,A iz njegove perspektive.
1:54:12,1:54:14,"On kaže, pfff, kako lako."
1:54:15,1:54:17,Ne znam baš.
1:54:18,1:54:22,"Mislim da su jedna od zadnjih riječi bile: očaj moj, zašto si me ostavio?"
1:54:23,1:54:23,"Aha, ne."
1:54:24,1:54:28,"Ja mislim da nije ni ta ljubav, ni taj ultimativni cilj."
1:54:28,1:54:35,"Cilj nije to više ni pitanje iz moje perspektive, lakoće, slobode, nego stari uzmi križ i nosi ga."
1:54:36,1:54:41,"A sad da vidi, a sada da može da vidi šta je bilo nakon toga?"
1:54:41,1:54:42,Ali morao je proći kroz proces.
1:54:43,1:54:47,"Zato ja kažem, postao je čovjekom, patio."
1:54:47,1:54:48,Niko ne kaže da to nije tako.
1:54:49,1:54:52,"Osudili ga, izdao ga, izdali ga."
1:54:54,1:54:55,Nije to baš ono.
1:54:56,1:54:57,"Ne, apsolutno ne."
1:55:00,1:55:06,"Uhu je posle, uhu je sada, sad je u uhu, u uhu pogledaj šta se sve desilo od toga."
1:55:09,1:55:09,Tada nije.
1:55:10,1:55:11,Nikom nije u procesu uhu.
1:55:12,1:55:19,"I ovo sve što smo danas pričali, nikom nije ta radost, unutrašnji mir, zen, balans."
1:55:21,1:55:22,To u procesu nije tako.
1:55:23,1:55:24,To nije praktična duhovnost.
1:55:25,1:55:30,"Praktična duhovnost je jako teško i jako izazovno, baš zbog toga moram tamo."
1:55:31,1:55:31,Zašto?
1:55:31,1:55:32,Da bi se oslobodio.
1:55:33,1:55:35,"Aha, u slobodi je malo lakše."
1:55:35,1:55:36,Malo mi je lakše.
1:55:37,1:55:38,"Top, idem dalje."
1:55:40,1:55:41,Misliš da postoji grijeh ili ne?
1:55:43,1:55:45,"Apsolutno da, u maternom, apsolutno da."
1:55:45,1:55:49,"Kada pričamo o maternološkom nivou, da, postoji."
1:55:50,1:55:53,I svako plaća cijenu i život mu pokazuje da postoji.
1:55:54,1:55:55,Tako je igra napravljena.
1:55:56,1:56:01,"Šta god si uradio, što je iz straha da nanese štetu drugim ljudima, živiš sa tim."
1:56:02,1:56:03,Svjesno ili posvjesno.
1:56:03,1:56:04,I život ti pokazuje posljedice.
1:56:05,1:56:06,Svjesno ili posvjesno.
1:56:06,1:56:07,Tako da i tekako postoji.
1:56:08,1:56:11,"Da li je to put učenja jedne duše, i tekako jest."
1:56:12,1:56:13,I tekako jest.
1:56:13,1:56:14,To je istina.
1:56:15,1:56:16,Sakuplje iskustva na taj način.
1:56:17,1:56:21,"Dosta je ekstremno, ali na tom nivou ne postoji ekstremno, nije ekstremno, ne postoji to."
1:56:23,1:56:25,Tako da zavisi na kom nivou pričamo.
1:56:25,1:56:26,Je li postoji dobro i zlo?
1:56:27,1:56:30,"Na nivou duše ne, u maternjem iskustvu apsolutno da."
1:56:33,1:56:34,To je samo razum auto.
1:56:35,1:56:42,"Jer kad vidiš sada što je bilo ono prije, sto života, kao i sada Isus, da bi se, je li to zlo što su mi nanali?"
1:56:43,1:56:44,Sada što bih te rekao?
1:56:45,1:56:46,Zahvalan sam.
1:56:46,1:56:47,Kako zlo.
1:56:47,1:56:48,Pa pogledaj što se desilo.
1:56:49,1:56:50,Pogledaj što se desilo poslovno.
1:56:51,1:56:52,"Zlo meni nanali, meni je ono zlo."
1:56:53,1:56:55,Pa da li razapeli sve?
1:56:56,1:57:01,"A tada da se im pitao, zlo veka, oče napustio si."
1:57:01,1:57:01,me.
1:57:03,1:57:04,Pitanje je perspektiva.
1:57:06,1:57:09,"Znači, dok se dešava materijalno, da, apsolutno postoji."
1:57:09,1:57:10,Svi smo osjetili.
1:57:11,1:57:12,Što se događa kad umremo?
1:57:13,1:57:14,Odemo tamo odakle smo došli.
1:57:15,1:57:16,"Da, resource."
1:57:19,1:57:20,Nisu ista pravila.
1:57:21,1:57:23,Ne treba da razumemo u ovom životu to.
1:57:23,1:57:26,"Ne možemo da razumemo, nemamo procesor, nemamo kapacitet da razumemo."
1:57:28,1:57:29,Ali možemo da iskusimo.
1:57:29,1:57:39,"Neki su, ima dosta iskustava, znaš, i sami ljudi koji su doživjeli smrt, pa se vratili, imaju perspektivu toga, dotakli su groz psihodelike, dosta ljudi."
1:57:40,1:57:43,"Znači, iskusili su to."
1:57:43,1:57:46,Sada što ne može jasnoćom mi da objasnimo teoretski to.
1:57:47,1:57:49,Ili se zamaraš danas s tim ili ne?
1:57:49,1:57:50,Jesam nekada dok nisam.
1:57:52,1:57:53,Dok mi nije pokazano.
1:57:53,1:57:54,"Sad više ne, imam iskustvo."
1:57:55,1:57:56,"Aha, matam, super."
1:57:57,1:57:58,Sad znam.
1:57:58,1:58:00,"Ali to je ono znam, Sokrate."
1:58:02,1:58:03,Stiglu si na pola.
1:58:04,1:58:06,Kako si siguran da to nije samo tvoje iskustvo?
1:58:07,1:58:10,"Jeste moje iskustvo, ali baš zbog toga što je moje, znam da je i korak ti."
1:58:12,1:58:13,Zato što si dio toga.
1:58:13,1:58:15,"Baš tako, to mi je pokazano."
1:58:21,1:58:23,"Znaš, vidim te skroz."
1:58:25,1:58:26,Jesmo završili?
1:58:28,1:58:28,Onda je tako.
1:58:36,1:58:36,Dobar posao.
1:58:39,1:58:40,Valjda smo ovaj nešto pametno rekli.
1:58:42,1:58:44,Već život će nam pokazati.
1:58:44,1:58:44,Da.
1:58:47,1:58:48,Ja i ti nastavljamo dalje.
1:58:49,1:58:51,A ja i ti se vidimo uskoro.
1:58:52,1:58:52,Ciao ljudi.
